danceability,energy,loudness,speechiness,acousticness,instrumentalness,liveness,valence,tempo,duration_ms,time_signature,energy_dance_product,energy_dance_ratio,mood_score,positivity_gap,acoustic_energy_diff,vocal_score,vocal_ratio,loudness_norm,duration_min,is_short_track,is_long_track,Release_Year,Release_Month,Release_DayOfWeek,Track_Age_Days,playlist_genre_freq,playlist_subgenre_freq,artist_hit_rate,log_artist_hit_rate,log_playlist_subgenre_freq,mode_1.0,tempo_bin_slow,tempo_bin_medium,tempo_bin_fast,tempo_bin_very_fast,key_1.0,key_2.0,key_3.0,key_4.0,key_5.0,key_6.0,key_7.0,key_8.0,key_9.0,key_10.0,key_11.0
-0.011510525,-0.045128323,-0.14263958,0.021793416,-0.027263638,-0.115849055,0.044104647,-0.029354,0.016692031,-0.0050036055,-0.0025765502,-0.03887969,-0.12225096,0.056349915,-0.028890487,-0.071585074,-0.18911484,-0.54749656,-0.054301582,-0.010155366,-0.05068716,0.0029039835,-0.060695883,-0.0056871194,-0.04247436,0.009173839,-0.10181789,-0.35736138,0.42723566,0.32112134,-0.22431853,-0.062558234,-0.0002741207,0.094369285,0.0005644234,5.3376676e-05,-0.030742897,0.24836059,-0.0096953735,0.0027576406,-0.013325708,0.017310457,-0.009020231,0.007107475,0.005766026,-0.00014532161,-0.0070734485
-0.017502785,0.028786294,0.08725654,0.023820594,0.08487535,-0.060967147,-0.18136398,-0.010426992,0.017610205,0.04035813,-0.000820128,-0.032263063,0.02960516,0.0027201045,-0.00018806448,0.038100243,0.07216621,0.12115419,0.052965805,0.02393269,0.009362592,0.0038442148,0.04403673,-0.008826898,-0.09734429,-0.00037247647,0.6824604,0.09402998,1.2119727,0.89585054,0.12538004,0.02212342,0.011719627,-0.14305623,-0.23670694,-0.0022327614,-0.0013053122,-0.016300518,-0.0037831129,0.0068397145,0.04991408,0.020823922,0.0025952768,0.011743483,0.004748906,0.00070857856,-0.008149735
0.012924824,0.016289042,0.045457717,0.077378705,0.06877192,-0.023392428,0.06557995,-0.0032319694,-0.007294922,0.039580345,-0.0038346061,-0.044829935,0.005162533,-0.02588144,-0.014067608,0.026338832,0.06328362,0.050373618,0.02236186,0.03831082,0.008006128,0.0032025517,-0.09168242,-0.4306392,-0.008276106,-0.025928242,0.07774246,-0.027444344,2.156841,1.6781149,0.024824638,-0.07626106,-0.020012809,-0.081737,-0.0039116056,-8.023691e-05,-0.015582393,-0.011698314,-0.0055506546,0.0069642444,-0.011376516,0.028050646,-0.08054733,0.011816404,0.00580437,0.0003368026,-0.0091436505
0.03826723,-0.049429413,0.014302662,-0.0339922,-0.010389522,0.12794106,0.015431369,-0.008807504,0.021591645,0.07502342,-0.0043347487,0.006783834,0.0253989,0.046019286,-0.0039002104,0.030550541,-0.03764329,0.059604432,-0.0077923248,0.026701735,0.006460095,0.0036676964,-0.15941742,0.08498867,0.0041395375,-0.095622815,0.08331869,-0.0776058,2.1895494,1.6928304,-0.11418495,-0.034621663,0.00051184243,-0.06857971,0.025083812,0.017114056,0.002524558,-0.014820683,-0.0046585165,0.009243305,-0.010531365,0.024540251,0.0026466371,0.011148398,0.003694717,0.0005529546,-0.009325198
-0.018529467,-0.024652,-0.19230585,-0.013427777,-0.07342549,-0.20851135,0.040195648,-0.06844722,-0.031221429,0.00471233,-0.0009279869,-0.041844666,-0.04892935,-0.07135065,-0.0072525423,-0.08596988,-0.3576724,-0.5960941,-0.09282233,0.003171739,0.0035341072,0.0017142624,0.053498585,0.032370035,-0.023130987,0.039639752,-0.09695903,0.0038126186,-2.2064016,-1.5813725,0.00015566027,-0.0041448576,-0.032564104,-0.0784399,-0.0019809946,-0.0014202314,0.005887368,-0.018467952,-0.007379323,0.0010704192,-0.012206452,0.012186712,-0.004213465,0.0052766427,0.0030598477,0.0001157427,-0.0067169713
0.024811301,0.010547305,-0.13036343,0.039410364,0.035323,-0.042010684,-0.015613476,-0.014836998,-0.012276854,-0.08234352,-0.071219526,-0.021684702,0.00018365285,-0.017729226,-0.0042442377,-0.007262112,0.03814321,0.1288894,-0.055675335,-0.06353903,-0.073194124,0.0017199852,-0.19698071,-0.15315558,-0.02320853,-0.13556829,-0.147611,-0.15838055,-2.406851,-1.7129555,-0.16220208,-0.008363491,-0.003459726,0.032461353,-0.0060351654,-0.001616093,-0.011447173,-0.01889502,-0.006406864,0.0027332243,-0.015333975,0.008121085,0.00029109142,-0.09422836,0.0027663908,-0.0010427127,-0.009838324
0.029240225,-0.0026104457,0.0019757138,-0.040436227,-0.07357691,-0.028149284,0.03128146,0.026898468,-0.053499114,0.014595701,-0.004688842,-0.015591418,-0.029669968,0.01973385,0.0077059534,-0.08599146,-0.040925905,0.09701902,0.012564547,0.009464666,0.005934105,0.0026111484,0.03112645,-0.101387866,-0.007834652,0.008647413,-0.23044474,-0.31181508,-2.2459683,-1.5939715,-0.27093002,-0.023543442,-0.015992789,-0.08930313,0.00049036834,-0.002841204,-0.018255223,-0.027630752,0.09117315,0.0062695714,-0.016943853,0.012534349,0.000553737,0.005925861,0.0019530881,0.00014268009,-0.0112234065
0.031615354,0.0286239,-0.070903555,0.018199716,0.04464126,0.122821696,0.007492399,-0.021193214,0.016260289,-0.05626389,-0.006217138,0.041090194,0.00041756092,-0.023831546,-0.012512102,0.022518085,0.03602885,-0.12773605,-0.016300231,-0.06616454,-0.09388469,0.0017693117,-0.16890137,0.032968573,-0.019628191,-0.08970912,-0.04354425,-0.15470946,-2.5673735,-1.8801718,-0.18695123,-0.065100335,0.0048458255,0.0067625274,-0.002486971,-0.0014263825,-0.00094068656,-0.017974693,-0.005555643,0.0065819514,-0.013536076,0.0061607114,-0.0016433187,0.0044734194,0.004039701,-0.0009565151,-0.009846739
-0.015913844,-0.042496834,-0.10722798,0.007960115,-0.084392466,-0.22393294,0.04743199,-0.05790149,-0.05178435,-0.013480532,-0.0011180334,-0.050592635,0.026565038,-0.047841746,-0.016867386,-0.10812759,-0.31952482,-0.55759996,-0.0905551,-0.014386046,0.002268606,0.0019317761,0.20445819,-0.03704229,0.008206908,0.1479125,-0.08492423,-0.020866653,-2.233265,-1.5673782,0.0008928409,-0.07841722,0.005178184,-0.07720473,0.0060740937,-0.0009791281,-0.008583217,-0.017936915,-0.0060491688,-0.06421714,-0.012411029,0.011594971,-0.005792867,0.0051677045,0.004737983,0.00018603928,-0.0070527163
0.027284946,0.017303513,-0.032970667,0.00023472247,0.047510557,-0.028870847,0.028117334,0.01144536,-0.054696407,-0.021281844,-0.003943252,0.04033201,0.0010827376,0.013961187,0.03649957,-0.0021702494,0.02849166,0.13489662,-0.021808766,-0.013206449,0.010640899,0.0019511821,-0.14295726,0.010804691,0.011962147,-0.10648029,-0.36039492,0.26356143,-2.5498996,-1.7912898,0.20835657,-0.020574374,-0.0047930703,-0.0090994,-5.8188492e-05,-0.0007522615,-0.01637323,0.06770128,-0.0056519294,0.0068554194,-0.008970367,0.014023582,0.0015980661,0.0050140494,0.0039750864,-9.012109e-06,-0.0114514185
0.014706805,-0.0074881394,0.017010715,0.048554394,-0.02272289,-0.02615275,0.04651454,0.14285731,0.002752032,0.011791476,-0.0017197588,0.029720658,0.013264364,0.1548963,0.04906212,0.03388672,0.052966848,0.083324805,0.003081766,-0.008770639,0.0016472599,0.0031930457,0.023840819,0.0064560883,-0.023334593,0.014606966,-0.24713919,-0.49363458,-2.2497346,-1.6058785,-0.46838158,-0.029949298,-1.0026409e-05,-0.06590253,0.024564506,-0.0015612788,-0.019852266,-0.018782817,-0.004964238,0.006401812,-0.01825389,0.014857843,0.0010254314,0.0062422906,0.00705918,-0.014325705,-0.008236062
0.039719764,0.037419,0.114777654,-0.062463988,0.082491316,-0.081408344,-0.13247521,0.032196593,0.15271454,0.025128035,-0.0006576554,-0.00531059,0.10006739,0.0017704548,0.012529883,0.056780517,-0.06918574,0.15166283,0.04118426,0.04488962,0.009750633,0.003912848,0.25580776,-0.06763309,0.03690646,0.1282063,0.02108884,-0.036656387,0.12243895,0.23124225,-0.002096034,0.012468619,0.0003374167,-0.07302392,0.028098498,0.031084154,-0.053233664,-0.026437977,-0.0051028733,-0.19745392,-0.008511159,0.016497608,-0.0033753272,0.00990798,0.009867124,0.0008400097,-0.0068043144
0.05441066,-0.07546693,0.070855744,0.08044263,0.067116916,-0.11629699,-0.016088506,-0.0339344,0.014594789,0.0085788565,-0.005137465,0.007272147,-0.0081055695,0.022804385,-0.08564305,-0.003496806,0.08213536,0.12445331,0.04109819,0.05295238,0.008291512,0.0035763942,-0.23919162,-0.45609182,-0.047066033,-0.14378017,-0.07799592,-0.14654078,1.0169159,0.7469798,-0.17704636,-0.044798262,-0.0046247975,0.13591863,0.02867008,-0.0012030104,-0.010014956,-0.024768395,-0.0074528307,0.009926228,-0.011654555,0.018489335,-0.09344955,0.008797908,0.007078811,-0.0011590108,-0.014177645
0.0005548337,-0.050590046,-0.1864142,-0.039151847,-0.06383102,-0.20070937,0.024898868,0.0066084536,-0.029712657,-0.017526548,-0.00391207,-0.035561528,0.0032926048,-0.0073627457,-0.009756912,-0.08838224,-0.2716941,-0.53670615,-0.092075,-0.016457489,-0.05470055,0.0016579777,-0.103834756,0.012102927,-0.022219405,-0.031695563,-0.121177815,-0.061297596,-2.222769,-1.5404493,-0.04637272,-0.0047223764,-0.0008986356,0.059609078,0.0024173472,-0.0003911374,-0.0082060555,-0.02167621,0.08603961,0.0016808833,-0.014516115,0.011481377,-0.0031861828,0.004317288,0.0015545243,-0.00024751888,-0.008373278
0.07136959,0.07645818,0.103196435,-0.06956674,0.023543261,-0.071894124,0.06827362,-0.0048259925,-0.025823103,-0.04045947,-0.0011976719,0.10872838,0.025203815,0.046688486,-0.0044902856,0.05540096,-0.11423381,0.097912446,0.05926645,0.003439421,-0.09019582,0.0033054075,-0.0774935,0.08225593,0.021899732,-0.060542528,0.021696053,0.3361251,1.3032612,0.93115425,0.24913388,-0.011837177,-0.00053736544,-0.10360216,0.034467053,0.0069060363,-0.008866144,-0.015301217,-0.004692828,0.00971243,-0.006937697,-0.49032155,0.00861316,0.0069370414,0.0036494911,-0.000476937,-0.009820504
0.020182414,0.06439711,-0.031436194,0.055662286,-0.09417554,-0.10468335,-0.020830335,0.008206517,-0.045184977,-0.024734894,-0.0024494426,-0.030821048,0.045199785,0.0005355118,0.041153755,-0.07598056,-0.17795712,-0.51525205,-0.029966889,-0.025611445,-0.077003226,0.0016383092,-0.09124265,0.03525225,0.007802672,-0.049032446,-0.1857031,-0.021800654,-2.3744524,-1.6630614,-0.0023996844,-0.0037457924,-0.023349836,-0.077626616,-0.006004299,-0.0012673432,0.013411629,-0.020491524,-0.0042883335,0.001272874,-0.014266248,0.009670287,-0.0009848557,0.004676619,0.0020343806,-0.00015107048,-0.008560082
0.016426839,0.017099708,0.04711202,-0.076128654,-0.117629126,-0.032891434,-0.02214907,0.015892418,-0.016512932,0.0154304085,-0.0021909892,0.06579612,0.028742049,0.06805203,0.047435123,0.044210885,0.068024874,0.17211266,0.013760196,-0.006805315,0.010429131,0.004660529,-0.06744303,0.070445344,-0.0039306567,-0.08694821,0.48851845,0.069990166,2.0875032,1.5806185,0.115899995,-0.061610263,0.0019737864,0.026842108,0.029001562,-0.0020220028,-0.007038463,-0.011496481,-0.0052009737,0.010866771,-0.012730248,0.024727546,0.0016685267,0.009177837,0.008740187,3.897583e-06,-0.008856236
0.00566302,-0.09044192,-0.14571375,-0.0047639753,-0.045684185,-0.12513882,-0.0028138433,-0.02068281,0.025547102,0.010558575,0.013302926,-0.03046627,-0.016714426,-0.044069815,-0.035056423,-0.082705505,-0.21718399,-0.4347192,-0.063524395,0.019370427,0.0030290054,0.0018041439,0.124905065,-0.058013532,0.003446046,0.09771474,-0.16676722,-0.32916144,-2.14275,-1.5262042,-0.26109317,0.01710811,-0.002007993,-0.061403297,-0.08054532,-0.0017065566,-0.009190173,-0.023439392,-0.005534901,0.0014294628,-0.014943528,0.010301249,-0.001741889,0.0043891673,-0.06820725,0.00012208457,-0.008457393
-0.012077993,-0.07903142,-0.000844013,-0.02280152,-0.07820109,-0.03861603,-0.1169797,0.0067586233,0.053226855,0.029801007,-0.0033887252,0.06438519,-0.09489796,-0.015615223,0.008351122,0.014051649,0.04804634,0.0705096,-0.021659538,0.0055783466,0.0052041407,0.004780514,-0.11992042,0.07869389,-0.013454276,-0.0552185,0.10002543,0.40686494,2.1353528,1.6649309,0.27787483,-0.025831476,0.001873246,0.00988189,0.022597736,-0.0013009028,-0.010579884,-0.0074457317,-0.005109104,0.008080249,-0.008325816,0.01906618,-0.16281283,0.007873295,0.0071276687,7.716045e-05,-0.0104249315
0.012732989,-0.029581197,-0.13823159,0.036679573,-0.051748406,-0.1879493,-0.0065570925,0.0005773756,-0.039897114,-0.010046512,0.023898136,-0.040390775,-0.058204733,-0.055911697,-0.027329544,-0.06659218,-0.26396924,-0.53983307,-0.09246285,-0.00958849,-0.053891882,0.001471196,-0.12430836,-0.13287176,0.010399141,-0.07777275,-0.1869797,-0.037907008,-2.1196344,-1.4645003,-0.013098673,-0.04581695,-0.008700309,-0.078388914,-0.0041702082,-0.0010890453,-0.009440511,-0.01995661,-0.0056061135,0.00152474,-0.0137802735,0.009950184,-0.00398922,0.004307183,-0.049627658,-0.0002421949,-0.009614795
0.014002343,-0.010816869,0.031105388,0.0025941,-0.01597492,0.16058928,0.031432383,-0.020260675,0.052565683,0.046098027,-0.00053609535,0.05745687,-0.051919486,0.018896366,-0.012001457,0.013795597,0.07619043,-0.16076638,0.019297134,0.01780735,0.0065457057,0.0044184914,0.12846124,0.085892834,-0.016397033,0.08392586,0.049797263,0.30447578,2.0805151,1.5728022,0.25128794,-0.051164456,0.011845627,0.047562297,0.03763163,-0.0017534121,-0.0067423144,-0.009920866,-0.0043829056,-0.17816643,-0.010231981,0.020626936,0.0020789765,0.008683112,0.010701799,0.0006728992,-0.0077475505
0.0075281383,-0.007913066,0.021437902,0.03870473,0.012022819,0.07866464,-0.059898954,-0.020336758,0.009022208,0.025303999,-0.005009278,0.04878782,-0.07016979,0.013477026,-0.06538471,0.031552278,0.04686156,0.037470177,-0.0028781139,0.032155573,0.006495033,0.0014588159,-0.14329827,-0.2659042,-0.04615318,-0.12591189,-0.35608187,-0.049479276,-2.4078197,-1.7645018,-0.03364425,-0.03667971,0.0018571662,0.031841327,0.011889562,-0.000750436,-0.016984398,-0.014824958,-0.0073581557,0.00764062,-0.017382832,0.011641975,-0.037908867,0.0069464026,0.006807656,-7.4538e-05,-0.012521025
-0.12304845,-0.0021480191,0.056453176,-0.056911167,0.057105415,-0.040967535,-0.055266153,-0.027094442,0.005085937,-0.06138406,-0.0034256626,-0.00013235777,-0.041274525,-0.030130805,0.020530833,-0.0063692904,-0.056907434,0.14372155,0.037955534,-0.030773422,-0.08975847,0.0036002416,-0.044686176,0.018947087,-0.049241077,-0.0035250764,-0.30435318,0.41824666,-0.13278657,0.036305554,0.35124302,-0.05581515,0.002970976,-0.12522648,0.025353665,-0.0040126443,0.18889895,-0.029773263,-0.005270011,0.007684606,-0.0072104093,0.016319977,4.9595426e-05,0.0055430285,0.0033051975,-0.00045236046,-0.010053767
0.028738312,0.010142982,0.07501189,0.06976904,-0.047934216,0.08273642,0.044909295,0.13763273,-0.0070199943,-0.014132338,-0.0016642022,0.010130628,0.041061465,0.17083673,0.021822225,-0.015067181,0.05914819,-0.073529825,0.036286235,0.0038710763,0.0030906366,0.0018441646,0.024166292,-0.10404918,-0.029512031,0.007681323,0.059029225,-0.33795413,-2.2349997,-1.6458778,-0.27901587,-0.026882147,-1.2158202e-05,-0.07151616,0.002606335,-0.0024857435,-0.013997354,-0.020361168,-0.0048671993,0.006702306,-0.015294615,0.013168603,-0.002177877,0.0066999956,-0.12053344,8.845523e-05,-0.008922585
-0.0028143502,-0.07465507,-0.011196589,-0.08800951,-0.030021628,0.1525383,0.017309653,-0.0071137836,0.029116208,-0.030383445,-0.0024894304,-0.0024483958,-0.09537229,-0.031902555,0.0003088103,-0.05718789,-0.07070866,0.044134296,-0.037876684,-0.04094844,0.0032568239,0.0010855806,-0.09055818,0.034857415,0.0019281105,-0.06847174,-0.11385936,-0.039588157,-2.4384947,-1.7802168,-0.00051190355,-0.05575492,0.0029722787,-0.0966589,-0.12829733,-0.003414276,-0.020503333,-0.009663938,-0.0058385343,0.005507707,-0.013489475,0.004552994,0.0019654783,0.0059080934,0.0028169872,-0.009911746,-0.005446105
0.044335756,0.05313401,0.057544254,0.013829808,-0.0044111665,-0.0384577,0.0067379056,0.016081136,0.010967924,0.06839546,-0.003551067,0.04637142,0.0063418383,0.027164698,0.0383351,0.055004887,0.011158353,0.09543644,0.0021847838,0.030355606,0.008417022,0.0022565634,-0.13724983,0.09027651,-0.00898307,-0.08509213,0.06868469,-0.11166066,-2.4630103,-1.7833979,-0.14264545,-0.0155375665,-0.0017929022,-0.05473491,0.02904894,0.009975392,-0.0115786595,-0.016341666,0.115082644,0.011138152,-0.0133073535,0.015237401,-0.0009523135,0.006884364,0.0031691513,0.00021383341,-0.008780343
-0.13010871,-0.04906485,-0.04736204,0.04471143,-0.08759193,0.08197867,0.029864252,-0.023935875,0.010968503,-0.037255753,-0.008889672,-0.03103707,-0.05568323,-0.021029841,-0.034456592,-0.075241655,0.07951102,0.06102594,-0.02534014,-0.03834031,0.0033633441,0.001404112,-0.14658728,0.04929185,-0.018225417,-0.08291816,0.006985738,-0.064681634,-2.4064274,-1.7269777,-0.14024271,-0.005284451,-0.0020194896,0.032065865,0.0060896007,-0.00062276266,-0.0106790885,-0.021385938,-0.006071529,0.0033815126,-0.012388721,-0.36117932,0.00017244858,0.0037732772,0.0024978183,-0.00022917672,-0.014285638
0.018215593,-0.03294187,-0.124293074,-0.059585128,-0.0776615,-0.030084673,-0.050094064,-0.020709315,-0.0016616182,-0.030288601,-0.0011439357,-0.03304066,-0.046861112,-0.035772886,0.0015662549,-0.08445986,-0.023146177,0.08662055,-0.04118203,-0.019810095,-0.055944912,0.0024798384,0.14936906,0.05092933,0.017390754,0.07519208,-0.14665855,-0.48205504,-2.2520819,-1.6392525,-0.3938513,9.361329e-05,-0.0034222582,0.036138985,0.018430868,-0.0026159855,-0.010190306,-0.027220866,-0.0078070424,0.0030127862,-0.013697057,0.011084791,0.0008070835,0.004779835,0.0060382886,-2.5459056e-05,0.031214451
0.026190512,-0.049118675,-0.1564923,0.085864596,-0.05036256,0.23131883,0.04543556,0.013745359,0.0053940327,0.017159838,-0.0020611214,0.008218977,0.041980438,-0.012895222,-0.001450038,-0.051809013,0.1371705,0.14759322,-0.04086865,0.043300442,0.011041494,0.0040310198,0.119379215,0.061552435,-0.047302764,0.07224164,0.59597325,0.11557886,1.6189542,1.1360726,0.13588208,0.006117986,0.011871991,0.09490514,0.028896045,-8.70533e-05,0.0005989178,-0.016605388,-0.0039047927,-0.10497017,-0.0067532,0.02906099,-0.00041182333,0.009303743,0.01149301,0.0008647856,-0.00893769
-0.025471603,0.03165707,0.053811386,0.04400892,0.0030121896,-0.045309383,0.023529574,-0.0085037155,0.01697364,0.034047876,-0.003380829,-0.029393287,-0.09016988,-0.028321313,0.020549128,0.054896865,0.044911705,0.14753112,0.042899743,0.02431077,0.00738213,0.0018432126,-0.12615207,0.04154723,-0.007410435,-0.11985368,-0.049006682,0.013889847,-2.5066307,-1.8318971,0.011487177,-0.08235897,0.0003750394,-0.068414114,-0.07590345,-0.0022164504,-0.014276153,-0.012892631,-0.0061889505,-0.11674144,-0.014472668,0.010120553,-0.0015998359,0.005444877,0.0027642953,0.00050314754,-0.0077548767
0.011141197,-0.032347985,0.075558394,0.08302866,-0.027920118,-0.030363249,-0.13970956,-0.015747441,-0.018732477,-0.003159635,0.022242425,0.024205828,0.0039461353,-0.02697718,0.014730153,0.02642054,0.062175807,0.021129653,0.051270917,-0.019022455,0.008340179,0.0041990764,-0.11556081,0.0024806801,-0.0008546192,-0.041310616,0.07513066,-0.00891005,2.1947408,1.6336434,0.013750485,-0.034821935,0.0051438743,0.031476855,0.009543421,-0.0042080185,-0.0026187855,-0.012147742,-0.0048831017,0.0067564184,-0.009441339,0.017792037,0.00020580675,0.010689961,0.008097113,0.000744458,-0.00919969
-0.25754678,0.016967826,0.037268054,0.11021513,0.08204943,-0.0881476,0.06704,-0.015642324,0.02205656,-0.029166244,-0.004981383,-0.0045997137,0.021513669,-0.00015261995,0.0011809252,0.040416665,0.09286344,0.14638399,0.052137867,-0.0073021255,0.009284109,0.0033093786,-0.16694409,-0.030116515,-0.03361824,-0.085105345,-0.1211514,-0.025508665,1.1689111,0.87516004,-0.10682595,-0.019193916,-0.003213545,0.15637372,0.031434055,3.8815542e-05,-0.004837503,-0.019630129,-0.0058176583,0.007301184,-0.011476878,0.026133046,0.0032801167,0.008294116,0.007859963,-0.0065488312,-0.016634522
0.021386908,0.021353878,0.08213489,0.101946,0.016890606,-0.07640995,0.013410281,0.028777756,0.19617677,-0.23411801,-0.0015261077,-0.023016497,-0.014982012,0.03332126,0.023579761,0.030713188,0.07540067,0.24838114,0.044542722,-0.15728167,0.009811838,-0.05381007,0.3262505,0.116426624,-0.053088207,0.2096084,-0.044828992,-0.007203315,0.4044178,0.334024,0.009919217,0.03253575,-0.0067191822,-0.01773182,0.0097875865,0.03128174,-0.033237435,-0.026000628,-0.004975885,0.0060785455,-0.01159728,0.014934603,0.0008525004,0.011530632,-0.16663203,0.000777084,-0.007021592
-0.10213292,0.01942251,0.04533504,0.002491332,-0.015907861,-0.06332224,0.055761788,0.015827833,-0.022812735,-0.039169382,-0.0027941847,-0.037234716,-0.12011314,-0.038621113,0.03059687,0.040984612,0.0113612395,0.09834335,0.045736298,-0.031134361,0.004450967,-0.026195576,-0.11858258,-0.04972425,-0.03370418,-0.070914224,-0.24671556,0.25513494,-2.3869898,-1.7430379,0.19276588,-0.032448173,-0.00058561045,-0.050781578,-0.08424794,-0.0029946817,0.009675009,-0.012254956,-0.005016082,0.0030974122,-0.010573,0.010973578,0.0016486108,0.004142127,0.0040956973,0.0002407784,-0.009726724
0.018260473,-0.027266221,0.0797669,0.025530996,-0.027715899,-0.110366,0.13990386,-0.012276465,0.03156064,0.01450711,-0.0009362694,-0.016841566,-0.029637238,0.04377068,-0.035682887,0.036182567,0.04400988,0.13002102,0.0490263,-0.02062369,0.008755031,0.006432871,0.19504857,-0.016529826,0.10418342,0.18880829,-0.36020607,-0.03405124,1.1121564,0.79149485,-0.0108275255,0.003310037,0.0026424122,-0.14223737,0.04872898,0.02686771,-0.020860283,-0.012627528,-0.003985614,0.012600843,-0.009317908,0.025300108,-0.14782454,0.016037874,0.008906493,0.00035281412,-0.010428806
-0.002685105,0.022224503,0.070609465,0.025042448,-0.018204197,-0.102216564,0.040695548,-0.062220726,0.03827388,0.010171239,-0.0023657049,0.036653213,-0.0118526695,-0.06457356,0.02231274,0.0143457195,-0.19807385,-0.46243384,0.07988273,0.011509443,0.0013870568,0.0021294137,-0.13840559,0.0415937,0.013498929,-0.10980813,-0.08768992,-0.038374558,-2.4691381,-1.7584035,-0.012946695,-0.021948624,0.0050759143,0.023316298,-0.0068088467,-0.002051878,0.0037283497,-0.013607728,-0.0041945893,0.004935552,-0.014484463,0.009155811,-0.0030098092,0.0051995926,0.004363347,1.8177161e-05,-0.00832647
-0.06394391,-0.06699854,-0.1679692,0.03626453,-0.058862276,-0.14162251,0.024170242,-0.013815593,0.025058724,-0.007047114,-0.0015350332,-0.028344713,-0.06428595,-0.04677638,-0.028730322,-0.089318745,-0.23441465,-0.38980642,-0.07471013,-0.004887598,-0.039100416,0.0015944246,0.14077991,-0.012597932,-0.027720328,0.0811795,-0.15407291,-0.31545258,-2.1727538,-1.5118299,-0.26476875,0.0013763389,-0.0023485853,0.052025314,0.006040586,-0.001794775,-0.008967238,-0.02311182,-0.0054526906,0.00192007,-0.01543498,0.00940548,-0.0044652154,0.00422768,-0.096705385,2.8445525e-06,-0.007813189
-0.033607326,-0.0020478198,-0.05106872,-0.041265238,-0.016968273,0.14674376,0.007851635,0.002033637,0.008189127,-0.17077719,-0.0068729306,0.0130228475,-0.017903227,0.11684149,0.014693873,0.057450496,0.07187746,-0.16449407,0.0016597605,-0.13788198,0.0038166312,-0.038970575,-0.11662308,-0.15412174,0.026807358,-0.07035398,-0.17107628,-0.32232353,-2.1646714,-1.5519695,-0.26859003,-0.023593806,0.0016536581,0.021629859,-0.0035589456,-0.0014349686,0.021914318,-0.024424043,-0.0055753416,0.0045817955,-0.024774877,0.01081123,-0.0042854454,0.00548355,0.007086456,-0.00015808,-0.011471244
0.024244417,-0.048112247,0.0026486123,-0.0050749574,0.049996868,-0.042421218,-0.08215769,-0.0050374107,0.003363797,0.028630085,-0.0017578872,-0.015881572,0.016026938,-0.007782679,0.004956049,-0.0070617236,0.0259314,0.12207216,0.01926545,0.013576281,0.006630709,0.003921158,0.1197734,0.0053604334,0.03227571,0.066044085,-0.20532386,-0.0806885,-2.5115714,-1.7794049,-0.08285278,-0.011588765,0.00051842595,0.009040199,0.026887447,-0.0022243399,-0.020578118,-0.018993374,-0.005617216,0.004958689,-0.013541735,0.016625071,-0.00048213266,-0.162568,0.0068608453,0.0009100037,-0.008703934
-0.010395752,0.013382057,-0.11278034,0.0015544363,0.008689668,-0.04363819,-0.032925468,0.035549313,-0.0016740271,-0.014339118,-0.00256393,0.04044365,0.010254018,0.01163727,-0.01721623,0.02161661,0.0903003,-0.30665955,-0.07143262,-0.008025635,-0.0060227304,0.0030530505,-0.11887787,-0.13756141,-0.03102525,-0.06771165,-0.093372785,-0.33434033,-2.140557,-1.4686464,-0.28137955,-0.029832214,-0.0018459465,0.053341724,0.00010750704,-0.001970844,-0.01216982,-0.018935421,-0.007952434,0.002920974,-0.02344543,-0.27150637,-0.0043127136,0.0040595806,0.003962483,-0.000112101814,-0.009493121
-0.0077123786,0.027088428,0.08629997,-0.0068355137,0.051676627,0.101775914,0.06499444,-0.012043566,-0.01764753,-0.028991431,-0.0030006063,-0.036145322,0.023440732,-0.039774727,-0.006126033,0.00783351,0.052566383,0.02304882,0.07127782,-0.031261057,0.008811428,0.0019664622,-0.07252985,0.074378856,0.0031710716,-0.080331385,-0.09578202,-0.025464034,-2.5566056,-1.8552984,0.015298393,0.0004918917,-0.026714884,-0.066758215,-0.01722231,-0.0010411321,-0.014785275,-0.01120409,-0.0050455434,0.0048351483,-0.012347488,0.013685681,-0.00072128285,0.006107933,0.0050535123,-0.0109370705,-0.008515873
-0.019121215,0.012456295,0.04832431,-0.09855404,0.045507252,-0.037291717,0.054969776,-4.4167657e-05,0.023858419,0.023744414,0.037447516,-0.047316015,0.024884058,-0.008325449,0.002827843,0.00097505056,0.07288976,0.17116728,0.01494177,-0.0028195071,0.0069736154,0.004280934,-0.07894101,0.08611767,-0.005136744,-0.062153097,0.51820236,0.04286836,2.107567,1.5268072,0.099723265,-0.11465563,0.0019925206,-0.062628075,-0.121139236,-0.0014771934,-0.009716606,-0.015601586,-0.0057921256,0.007154608,-0.014625395,-0.5682967,0.0015941916,0.007821277,0.0047869845,0.00034939687,-0.007310603
0.03242774,-0.002541083,-0.02314224,0.008435135,-0.0014630449,-0.016448064,-0.004304542,-0.010908883,0.017834451,-0.0030751475,-0.00088143605,-0.03426583,-0.01826867,-0.045184165,-0.020898627,-0.0060664294,0.02924534,0.15274872,-0.029660804,0.012842244,0.0060522654,0.0024480312,0.08417673,0.013421198,-0.0013791117,0.04852027,0.3727622,-0.007655361,-2.4771566,-1.8268337,0.034507357,-0.0061044167,-0.0038331428,-0.056114655,0.0118838735,0.014740219,-0.016353557,-0.017120834,-0.0045934324,0.008475069,-0.011837859,-0.41196683,-1.6094272e-06,0.007072319,0.0028929736,0.00084881234,-0.007729945
-0.010932268,-7.0725495e-05,0.03500405,-0.006753323,-0.08563579,-0.03686691,0.045622945,-0.017246446,-0.00013560923,0.013211452,-0.0036941902,-0.010644704,0.022108862,-0.034579627,-0.049071282,-0.064364016,0.04638009,0.11473824,0.027095865,0.0059394543,0.0067196116,0.0034292347,-0.05683557,0.057607673,-0.047579195,-0.03908403,-0.25066984,-0.48648694,-2.2847626,-1.6369556,-0.43127945,-0.02153039,-0.009624902,-0.061026838,-0.0010218204,-0.0008624377,-0.017884143,0.12664245,-0.0056714797,0.0019857422,-0.01695237,0.012073046,0.00012063063,0.0047879145,0.002672288,4.9422684e-05,-0.008774519
0.022446135,0.01657187,0.094139375,0.03305064,0.0059475154,0.11273226,0.017849723,0.01692658,0.0029969257,-0.024763454,-0.0030210833,0.043385137,0.024059068,0.14235961,0.04347729,0.030684194,0.055167902,-0.12503266,0.023333453,-0.023136873,-0.088513754,0.0016618803,-0.0794177,-0.06003913,-0.005137548,-0.053640943,-0.0022027409,-0.03385437,-2.374534,-1.7879277,0.00028530785,-0.043900684,0.0039884695,-0.081900485,-0.13519906,-0.0011549521,-0.012400432,-0.012727372,0.09546495,0.007636931,-0.015719043,0.010249127,0.00011963644,0.005888471,0.0024093636,0.0001280202,-0.008145391
0.023878867,0.005590076,0.03846578,-0.040610056,-0.11501427,-0.04812586,0.039960675,-0.018244533,-0.024274068,-0.057020556,-0.003763359,0.035818476,0.009208725,0.09531014,0.004746843,-0.0441794,-0.039911505,0.06090739,0.021995421,-0.034946423,-0.10926389,0.0018763124,-0.15030894,-0.06365078,-0.023601908,-0.07621404,-0.39230072,0.25193006,-2.4171298,-1.7603906,0.20757908,-0.019657645,-0.0056146844,0.022624774,-0.0009559286,-0.0010829498,-0.01437696,-0.01781507,-0.0061207083,0.006811683,-0.010501934,0.009101088,-0.08766076,0.0039062013,0.0032026237,-0.00013577353,-0.010358372
-0.010646178,0.01653144,-0.044292774,-0.07092967,-0.0010390265,-0.011101662,0.017008075,0.0038566005,0.040223908,-0.08725537,-0.004983614,-0.027962903,-0.0050787125,-0.040285245,0.0381807,-0.005923991,-0.06348749,0.09526204,-0.043519612,-0.061941903,0.004394411,0.0011517918,-0.19181956,0.043125466,-0.01620705,-0.10703139,-0.16040543,-0.17877111,-2.4074917,-1.6686649,-0.164143,-0.07739855,-0.0011678752,-0.0714395,-0.0015384799,0.014756411,-0.017405678,-0.017646028,-0.0059717684,0.004518691,0.061053295,0.0066899983,-0.00057123334,0.0062214285,0.0015811587,-0.000962903,-0.008556875
0.014337957,-0.008281212,0.03930259,-0.0049800705,0.004260961,-0.05218939,-0.12171027,-0.012098101,-0.004577606,0.044839,-0.002016918,-0.014921762,0.017712858,-0.04748422,-0.02820771,0.023210492,0.08777474,0.14540061,0.020499999,0.021269234,0.004525594,0.004341694,0.11633211,0.09413241,0.027648699,0.039136864,0.02232374,0.0903907,2.1761565,1.594586,0.038997855,-0.09968925,-0.03206714,-0.08179161,0.026986241,-0.001303379,-0.016485523,-0.01825155,-0.0050726314,0.007265624,-0.009579164,-0.6253326,0.0073608328,0.009337815,0.0033373814,0.00093647954,-0.010342313
0.037137665,-0.057844974,-0.16705197,-0.20004694,-0.1046852,-0.07487818,-0.08924977,-0.046961114,-0.055002473,0.03585166,-0.0065025943,-0.011198055,-0.0685311,-0.013408957,-0.011027541,-0.091287665,0.086670004,0.017472697,-0.03004048,0.0017066244,0.006789916,0.0030353724,-0.18942441,0.012268769,-0.029537933,-0.18304856,0.49697444,-0.011501381,-0.028747547,0.11141711,0.014720882,0.009076466,-0.025058344,-0.10176419,-0.010643424,-0.0031259037,-0.031144708,-0.03503843,-0.008359121,0.0008027118,-0.013302272,0.019295193,-0.011677551,0.006762788,0.005806939,0.00047014104,0.037415627
0.007220058,-0.04004012,-0.1692822,0.007502013,-0.080015905,-0.17430827,0.014880801,-0.0016430309,-0.043748833,-0.012374437,-0.003939459,-0.04069262,-0.0539692,-0.05294735,-0.014864057,-0.099351406,-0.24229051,-0.5791846,-0.09501187,-0.0096159605,-0.04635831,0.001595719,-0.08353749,0.016910864,-0.016803171,-0.026840257,-0.11679577,-0.050673418,-2.0647593,-1.4450529,-0.039910436,-0.043654405,-0.013513311,-0.077224776,0.005670354,-0.0006741751,-0.008731784,-0.022077765,-0.005464967,0.0015679032,-0.012469733,-0.2558424,-0.0044061732,0.003649377,0.0006858417,-5.171018e-05,-0.008031805
-0.036495756,0.027564272,0.031787015,-0.053267892,0.047584467,-0.051882446,-0.0043356363,-0.005544242,-0.013789521,0.022899462,-0.00079496804,0.025691375,0.010789218,0.03580958,0.018491488,0.029348092,-0.029570237,0.102506675,0.019083045,0.021392068,0.007939688,0.0025401064,0.08750469,-0.009495212,-0.019482685,0.054067373,-0.019979063,-0.18127662,-2.5132487,-1.8602774,-0.15444207,-0.023734257,-0.0007524521,0.039579414,0.02149496,-0.003438397,-0.015076973,0.086941995,-0.005069901,0.0061477823,-0.011309771,0.012230159,-0.0042537088,0.005826766,0.009197077,0.00039530004,-0.005619088
0.007423481,-0.056428242,-0.17503245,0.047361348,-0.08008433,-0.16303799,0.007723021,0.022142122,-0.03010853,-0.020059861,-0.0051297047,-0.048928224,-0.009582189,-0.05442506,-0.019270374,-0.10081414,-0.2869068,-0.5744469,-0.09247935,-0.030232599,-0.04341035,0.0017213419,-0.15540163,0.02384378,-0.023226835,-0.08017601,-0.110228755,-0.007063804,-2.2772517,-1.5855595,-0.03793805,-0.048468824,-0.018337457,-0.08052959,-0.0021244904,-0.0008375234,0.0076917578,-0.017825915,-0.004953172,0.0016289282,-0.012202485,0.009947629,-0.003562647,0.0039462345,1.3118646e-05,-0.00010562805,-0.008822266
-0.0048144963,-0.024593694,0.059579972,-0.07294256,0.0142595805,0.11638327,-0.053050213,-0.022173794,-0.03754667,-0.038894933,-0.0025636877,0.02530606,-0.06649016,-0.018948248,-0.013437138,0.02184928,-0.08752682,-0.07446903,0.023654953,-0.034296695,-0.08528895,0.0020955103,-0.1443562,0.0098985825,-0.01251451,-0.10096866,-0.39470735,0.21155946,-2.4622257,-1.8165454,0.15960747,-0.024202494,-0.0037355393,-0.0074611614,0.00033762862,-0.002457644,-0.018363724,-0.011974334,-0.0062897536,0.0059794905,-0.0125815375,0.007615143,-0.07190905,0.0036549543,0.0044304924,-0.00014270862,-0.009848389
-0.028172461,0.0016794654,0.032003116,0.011033953,-0.07084645,0.0016199094,0.027013494,0.016103236,-0.015300598,-0.04681768,-0.005529129,-0.022631599,0.0003631921,0.007011452,-0.0047008432,-0.05225496,0.02660675,0.20524041,0.021574678,-0.03728846,-0.09820991,0.004119896,-0.04327364,0.02119351,-0.014662723,-0.0121064065,0.03026862,-0.06576525,2.273806,1.7006385,0.0025081974,-0.076660775,-0.00012698415,-0.06023251,0.026418118,-0.0025626046,0.01010383,-0.0147102615,-0.004328355,0.009514228,-0.0070762853,0.028382426,0.002709611,0.0103252595,0.004915678,-0.00027599523,-0.01072536
0.020354355,-0.02526736,-0.17563036,0.049879972,-0.061905768,-0.06116017,-0.046010487,-0.005885685,0.018287798,-0.034860786,-0.0040066466,-0.036540687,-0.05764334,-0.041834775,-0.009113254,-0.09020527,0.031358436,-0.53431594,-0.09084583,-0.011190978,-0.07420593,0.0015430719,-0.093057,-0.06836443,-0.018499525,-0.04086757,-0.110796854,-0.06577305,-2.2209468,-1.5254809,-0.05756842,-0.06890026,0.0048861466,0.05810657,0.0062757106,-0.0013842611,0.005965211,-0.023315068,-0.0068927323,0.0019482413,-0.014763618,0.011604766,-0.0066909664,0.004448874,0.0021754627,-0.0006296959,-0.010261635
-0.006276987,0.043448724,0.0828856,0.017651454,0.06900248,-0.01757689,0.0480456,-0.004411708,0.007488063,0.06008855,-0.00041400478,0.03888605,0.0015777408,0.05132043,0.033538647,0.031490363,0.04082675,0.1639406,0.03770661,0.03085237,0.011577269,0.005359467,0.08773789,0.014970725,-0.0043855915,0.03941809,0.48015803,0.11235953,2.1171286,1.6120105,0.112694085,-0.028127247,0.007062881,0.042627893,0.04284721,-0.002575523,-0.007215923,-0.009733746,-0.0036121437,0.011412547,-0.008787218,0.027555525,-0.0873543,0.012807951,0.0134673305,0.00135815,-0.0051540346
-0.0058749905,-0.019248176,-0.18458581,0.01292349,-0.049699616,-0.115833476,0.009060022,0.028566834,0.034260828,-0.016786188,0.022769215,-0.037132252,-0.03925058,-0.037518952,0.014674552,-0.070869446,-0.30732095,-0.52422047,-0.09544353,-0.0042936914,-1.5960086e-05,0.0016764234,-0.06348257,0.017921753,-0.018723283,-0.010921709,-0.06678254,-0.034664705,-2.2577538,-1.6070734,-0.008532298,-0.058743257,0.0037405964,0.06735065,0.005081783,-0.0007504882,-0.009275483,0.114729725,-0.007410207,0.0028849985,-0.015315074,0.012568763,-0.0042609125,0.0049975473,0.0031529476,1.3915365e-05,-0.0073180655
0.001234662,0.027136264,-0.05220491,0.017949166,0.034745976,-0.0006195198,0.023918392,0.00037812855,-0.0011489314,-0.050234675,-0.004965235,-0.0056542684,0.009605502,-0.03702754,0.007194712,0.014466284,0.03118077,0.11433673,-0.018404668,-0.042988904,0.0062610414,0.0016900932,-0.13292582,0.06470512,-0.0054831645,-0.05588928,-0.09355891,-0.035043325,-2.5827906,-1.8337352,-0.035376694,-0.06509741,0.00013774358,0.009475454,-0.007605433,-0.0021031965,-0.012908548,-0.0152989365,-0.0056586205,0.005512762,-0.013395274,0.0079515735,-0.00101844,0.0053859367,-0.15074688,-0.0003364916,-0.010290603
-0.097521774,-0.025469761,0.057368703,0.038035575,0.019529046,0.11567455,-0.016577464,-0.02239978,-0.00087106245,0.0032712193,-0.0016818407,0.015041813,-0.0041977763,-0.03492765,-0.017246317,-0.028089866,0.08348048,-0.3347198,0.05162412,-0.0036888549,0.0003221744,0.0021187505,-0.05423091,0.053956266,-0.022458646,-0.028589321,-0.27599695,-0.41880825,-2.2647676,-1.5704463,-0.34571907,-0.032041807,0.0038028627,-0.09560435,-0.12090332,-0.0009618269,-0.015805632,0.13201354,-0.0066539347,0.0037445936,-0.02298417,0.011987747,0.00034147553,0.00445818,0.0019431902,-6.1030996e-06,-0.009431159
0.011612351,-0.027662821,0.075691655,0.045817185,0.05470698,-0.038500376,0.036938973,-0.0071652117,-0.0026283034,0.057160143,-0.004425412,0.022334125,0.005045717,-0.050363444,0.0022545182,0.024003081,0.047800995,0.015238991,0.04826998,0.026752422,0.007975204,0.001861413,-0.101985894,-0.05733814,-0.015196883,-0.11220163,0.22733606,-0.15104048,-2.5830822,-1.8498621,-0.2354126,-0.027139807,-0.0013389143,0.01769687,-0.004017812,-0.0021850008,-0.009993419,-0.012830994,-0.006783117,0.0054101027,0.047861107,0.010657059,-0.0025670556,0.0057413997,0.006815337,0.000101439226,-0.009483885
-0.0028364144,-0.079720214,-0.09257138,-0.03569386,0.028679714,0.13921496,0.06798564,0.00037423923,-0.002850111,-0.0020599668,-0.0006476995,-0.013746514,0.010948647,-0.04217138,-0.02850094,-0.0067669237,0.100317985,-0.39666125,-0.06971285,0.011295591,0.0025991956,0.0037219727,0.3159125,-0.07137709,0.019755796,0.19144869,-0.103187144,-0.37783882,-2.2069838,-1.5665164,-0.3163059,-0.11255875,-0.002769552,-0.085211486,0.017379368,0.0018432247,-0.010957235,-0.022510998,-0.005534136,-0.1040211,-0.018311474,0.012955542,-0.006064902,0.005229965,0.0062700133,0.00013731944,-0.008249619
-0.04407083,0.055176314,0.037189636,-0.036883727,0.024805173,0.17586306,-0.064284064,-0.02199434,-0.024926158,0.04259589,-0.001038838,0.035781488,-0.003532015,0.05766595,0.013024606,0.054823097,-0.016870502,0.031417828,0.03496714,0.020401265,0.0050925114,0.0056482432,0.08594427,-0.0025743605,-0.06383886,0.09974426,-0.30510265,-0.07275903,2.150661,1.5426782,-0.017133191,-0.024136614,0.00290231,-0.11800721,-0.2263093,-0.0024303927,-0.023662943,-0.010316966,-0.0040186527,0.007341863,-0.011410509,-0.543482,0.0016735075,0.01051415,0.0045198146,0.0007168375,-0.0054369317
0.010970351,0.018181017,0.07134475,-0.06437822,-0.010953583,0.14480123,0.042555884,0.002909512,0.005057001,0.032104995,-0.0008457215,0.03755187,-0.041105945,-0.055125378,0.024608541,0.03279762,-0.053349633,-0.13329451,0.041572142,0.014685187,0.0050557223,0.0034953312,0.04367483,-0.035316873,-0.020816322,0.031138327,-0.2582151,-0.28536898,-2.3068523,-1.6533564,-0.2654592,-0.03621242,0.0053837006,0.034848392,0.0039879666,-0.0027530717,-0.027808951,-0.0148848845,-0.005390142,0.0042828782,-0.016337877,0.0105479015,-0.0021753886,-0.12750593,0.008444882,0.00012007134,-0.0047716964
-0.014754711,0.002990551,-0.0041294117,0.0270976,0.010872959,-0.027999584,0.028527668,-0.0053582476,-0.040505923,-0.17452411,-0.00594558,-0.024516644,-0.04856002,0.016056305,-0.010929622,0.0054080207,0.04488887,0.13127403,0.023552071,-0.13512401,0.0055405158,-0.035564713,-0.12740904,0.060967095,-0.06139759,-0.10387267,-0.41166604,0.0060750227,-2.375415,-1.6723564,0.013028929,-0.015809443,-0.0058726375,-0.07002262,0.0016238434,-0.0011466139,-0.017537799,-0.014628667,-0.005697118,0.0041344203,0.08024406,0.008728428,-0.0009688003,0.0061874897,0.00458552,0.00032948126,-0.009783264
-0.015663102,-0.028993372,-0.12719505,0.0039734873,-0.06886043,-0.15810964,-0.032986786,-0.06243186,-0.04639112,-0.004085649,0.02654218,-0.038670413,-0.0014348008,-0.06511493,-0.010162263,-0.061056465,-0.24750686,-0.5906588,-0.08755875,-0.015304154,-0.058206134,0.0014617493,-0.054586936,-0.1665502,-0.028349752,-0.049747065,0.0054358873,-0.014813444,-2.242127,-1.5779011,0.011001747,-0.0041146064,-0.024038924,-0.06817491,-0.010142348,-0.0009759714,-0.006358109,-0.01661382,-0.004399617,0.000546432,0.07054568,0.009288043,-0.003886005,0.0041548796,0.00027242472,-0.000113868526,-0.0082501015
-0.02617919,0.01435044,0.060659915,0.008183535,0.03673602,-0.05080804,-0.07273201,0.115774445,-0.010846142,0.021847442,-0.0026866116,0.027926808,-0.019527586,0.02657621,-0.015480497,-0.010030923,0.026230501,0.11497046,0.029442867,0.018709693,0.005123048,0.002230222,-0.0177326,-0.021775603,-0.007776256,-0.02070165,0.05611106,-0.4007394,-2.2647626,-1.6321926,-0.32969165,-0.0127230715,-0.014640137,-0.0739245,0.014577434,-0.0014904133,-0.016856123,-0.021787744,-0.005166379,-0.15125081,-0.015068384,0.016711952,-1.5263064e-05,0.006227161,0.003256488,0.0003229974,-0.01014159
0.023411652,-0.030826772,0.01981832,0.03988051,-0.06352249,0.1078033,-0.051804885,-0.02172091,0.0018033334,0.009177047,-0.00329727,-0.012247104,-0.009098697,-0.03499442,-0.018066848,-0.07355517,0.047678977,-0.0407764,0.032748822,0.0071476237,0.0057941237,0.0022786544,0.011610116,-0.00498379,-0.01031397,0.013853639,0.053527657,-0.53757405,-2.3326547,-1.7124856,-0.513601,-0.052501112,0.0036113448,0.022095136,0.013121489,-0.0018044892,-0.011055257,-0.02601892,-0.004864677,0.0031310683,-0.01437715,0.015027499,0.00035828017,0.005093049,0.006658229,0.0004616255,-0.010256822
0.066627994,0.0055018347,-0.014774248,0.09593001,0.07701281,0.024646936,0.028693331,-0.028648943,-0.01502876,-0.029750928,-0.0045513758,-0.039796177,0.019492567,0.008245198,-0.08757663,0.022085948,0.11699588,0.17612864,0.00011136447,-0.021191496,-0.06605144,0.0034979405,-0.13527593,0.062369406,-0.032862283,-0.08933951,0.063363425,0.40409267,1.4401032,1.0442224,0.2771808,-0.033017218,-0.00827384,0.07473038,0.031988855,0.0002502476,-0.0031818375,-0.01585543,-0.0052360995,0.0090990355,-0.0065575717,-0.54993594,0.0049279677,0.0061705564,0.0044022677,-0.00045612498,-0.012482715
0.052514426,-0.002311214,0.03378625,-0.08996746,0.06415129,-0.09775786,-0.1934726,-0.025646694,0.00084160815,-0.06297694,-0.0011737889,-0.017229393,-0.09520996,-0.14235286,-0.008263469,0.0018705826,-0.0812604,0.09990259,0.031136652,-0.037556626,-0.11950155,0.0022548335,-0.066089295,0.06264563,-0.04979503,-0.032652613,0.017031645,-0.02635981,-0.45384303,-0.20202485,0.003918022,-0.024482967,0.0014955917,-0.10384417,-0.16036893,-0.005305792,-0.0635707,0.18471596,-0.0060586296,0.0044311015,-0.010251713,0.013033505,-0.0035633277,0.00670503,0.00402781,-0.00052614557,-0.0062914407
0.0029144713,-0.06542252,-0.15382457,-0.05061457,-0.052789796,-0.15800604,0.03196615,-0.0135688,0.007617896,-0.01933384,-0.004089476,-0.03944084,-0.068422295,-0.035563383,-0.058896907,-0.097010635,-0.22667596,-0.48408967,-0.0937601,-0.017634772,-0.045416616,0.0015353275,-0.12685011,-0.052214768,0.0005363646,-0.049094535,-0.12713479,-0.014395069,-2.216481,-1.5763465,-0.06061214,-0.0012602567,-0.000290927,-0.08523808,-0.10575801,-0.001117344,-0.008895047,-0.021194255,-0.005674438,0.0025121262,-0.01480956,0.008841956,-0.0037618799,0.0038190354,0.00010454176,-7.502662e-05,-0.0094254
0.008361835,0.0038443531,0.091957465,0.0470988,0.03832517,-0.04292229,-0.001483942,-0.015806593,0.0044923904,-0.04965774,-0.0038928976,-0.010171778,0.013982354,-0.047620047,0.0372646,0.008491175,0.06492292,0.10053403,0.04809746,-0.03940486,0.0043463763,0.0020759178,-0.13221052,0.079435386,-0.01407366,-0.07892904,0.24402355,-0.20216614,-2.5983255,-1.8680491,-0.26895452,-0.041662008,-0.001075409,0.012676489,0.007416143,-0.0007310339,-0.011008777,-0.018960476,-0.006650728,0.008436149,-0.01201142,0.014360964,-0.0005704683,0.005321354,-0.123961404,-0.00046232625,-0.011192103
-0.0041538826,-0.023963986,0.0077818865,0.03959213,0.025458315,-0.05647984,0.04911626,0.0046307207,0.02654728,-0.02754841,-0.0037416408,-0.028121926,-0.047892835,-0.045907475,0.0127757015,0.05812821,0.01897207,0.082255445,-0.03143361,-0.01896417,0.00123526,0.0020088807,-0.07909632,-0.07730269,0.0040634666,-0.031664237,-0.23025225,-0.4534724,-2.2690587,-1.6267188,-0.39394015,-0.08137112,-0.001987473,-0.059861083,-0.14042737,-0.0016618546,-0.021834096,-0.016843192,-0.0065711704,0.0017363706,-0.017112466,0.0074080527,-0.00034143258,0.005581889,0.002491294,4.9945138e-05,0.013659375
0.008017085,-0.053369306,-0.005679614,0.0009724426,-0.087389745,-0.018539174,0.018324727,-0.016845768,-0.003817111,0.026907528,0.027593628,-0.029220613,0.017291127,-0.0068047014,-0.008037647,-0.070112206,0.07647,0.04608051,0.0024008476,0.02485241,0.008515511,0.0018818195,0.09221923,0.009574598,0.0019126256,0.0146880215,-0.0074325884,-0.14401013,-2.463833,-1.7791369,-0.14289783,0.009973036,-0.000562957,-0.072415195,0.002341699,0.003483692,-0.014571951,-0.01879458,-0.004859892,0.0009882955,-0.011978115,-0.3765628,-0.003722345,0.005732944,0.003350346,0.000602335,-0.008907347
0.036880404,0.029496787,0.09328869,-0.03179956,0.06644363,-0.023648405,-0.04199612,-0.011121472,0.030495957,0.08217142,-0.003371729,0.0018978537,-0.0024171574,-0.017953621,-0.018772174,0.028214073,-0.050665908,0.13776839,0.038441528,0.03801802,0.010204458,0.003149203,-0.10315986,0.027265605,-0.028116535,-0.036683537,0.14258307,-0.0689989,2.2244859,1.6911852,-0.094479956,-0.045575507,0.004023249,-0.05175866,0.013368647,0.021802453,-0.01727049,-0.012868358,-0.0048643854,0.008516784,0.023155171,0.027094997,0.0027400206,0.01041293,0.0040492653,0.0010966095,-0.008259899
-0.010463889,-0.035744533,-0.1641999,0.04115162,-0.07094066,-0.14487207,-0.009057782,-0.06754488,-0.065730765,-0.00404038,-0.0033895273,-0.03660254,-0.05387766,-0.064669415,0.02208969,-0.07352075,-0.2963874,-0.5882084,-0.095904306,-0.0053784433,0.0028710007,0.0013407542,-0.073141664,-0.1608028,-0.024454696,-0.025384404,-0.059641168,-0.017022153,-2.2045124,-1.5347092,-0.0004094081,-0.011367814,-0.01897359,-0.0786207,-0.0061182566,-0.00068446645,-0.008073026,-0.019301634,-0.0052918456,0.0012488149,0.083732046,0.011227014,-0.0039584474,0.004767584,0.00077395793,-0.0001220042,-0.008568353
0.015445632,0.014215767,-0.023745267,0.012428644,-0.10722966,0.16496499,0.055203285,-0.019407278,0.02987813,-0.17908187,-0.0017038246,0.027374681,-0.016076924,-0.038316607,-0.006476991,-0.10151047,0.04908384,-0.08057714,-0.019181782,-0.13478792,0.0078083677,-0.04782213,0.20528102,-0.06400228,-0.032817125,0.1497844,-0.25405398,-0.016590217,-2.412787,-1.7236594,-0.0396482,-0.080015495,0.0065343273,0.02011195,0.013397587,-0.0013883916,-0.014528875,-0.020136673,-0.0049917614,0.005869699,0.06806807,0.011975115,-0.001130283,0.005471416,0.008413536,0.00032815203,-0.0071192975
0.005131277,0.008143088,0.040528677,-0.014601863,-0.00048214642,-0.041734498,-0.057201613,-0.010315588,0.0026205194,-0.073267944,0.045105226,-0.0062810155,0.014668258,0.030290704,0.008910832,-0.00094758364,-0.00038175588,0.11730533,0.024640772,-0.036337588,-0.107808694,0.0021308246,-0.14217131,0.06994162,-0.015174229,-0.09522487,-0.17189549,-0.18337046,-2.5375543,-1.820364,-0.17689793,-0.057142977,0.0014870982,-0.06601898,-0.0015078717,-0.0016334151,-0.014573898,-0.01650781,-0.006957897,0.006625209,-0.013359475,0.009411145,0.0018543883,0.005765688,0.00087432156,-0.0019241136,-0.007979527
0.019728988,0.016854903,-0.010840845,0.04755515,0.04040777,-0.038998608,0.034108255,-0.0016603975,-0.010479323,-0.016007544,-0.005333764,-0.0106858015,-0.025088325,-0.061455503,-0.006914289,0.00013438656,0.033629395,0.12817587,0.0069462075,-0.0159345,0.0044481764,-0.04034589,-0.07620176,0.03868541,-0.029113108,-0.057742618,-0.23901363,-0.4873679,-2.3641117,-1.6692572,-0.46623617,-0.030230816,-0.002677089,0.0025062023,-0.014326452,-0.0012259419,0.0376661,-0.022063268,-0.0056063877,0.0017583579,-0.018918153,0.013805469,-0.00023061957,0.0057804803,0.007539254,-1.5469539e-05,-0.012848018
0.031067563,-0.0018275043,0.031033427,0.05912215,0.06761971,-0.037326515,-0.16108365,0.009836708,-0.0014397233,0.02060353,-0.0013813667,0.022711884,0.021979269,0.13488679,-0.002024971,0.07634239,0.055237345,0.14331844,0.0111597795,0.01692814,0.007543488,0.004809897,0.13209699,-0.012611979,0.026225198,0.13234612,-0.20448281,-0.08576202,-2.438104,-1.7391889,-0.022696618,-0.021156901,-0.02539322,-0.10184251,0.034848627,-0.0020441879,-0.020404961,-0.012416012,-0.0050525316,0.008027442,0.05486065,0.014856476,8.121587e-06,0.010995306,0.005216225,0.001306036,-0.007249598
0.018080523,-0.025261825,-0.020948874,-0.05744596,-0.10626552,0.115149565,-0.078665696,0.0074873613,-0.07277036,0.025424069,-0.002043548,-0.039322726,-0.01680987,-0.021746868,-0.008130953,-0.15421696,0.07174178,-0.56201845,-0.0069918847,0.01868563,0.0062935064,0.003364168,0.17427725,-0.075636275,-0.039978106,0.07711555,-0.22083041,-0.03442783,-2.3788786,-1.6447891,-0.042947147,-0.09723386,-0.023590365,-0.079306714,0.007317526,-0.0020770456,-0.009885212,-0.018474596,-0.0066341446,0.0025939215,-0.0146796275,0.013759719,-0.0030601043,0.0056670457,-0.07852972,0.00054682733,-0.008348721
-0.18175043,-0.0035257621,0.038112745,-0.09054309,0.065556966,-0.073554695,0.03652378,0.046020746,-0.03654368,0.033546984,-0.0013407549,-0.021155044,-0.08735054,-0.09180754,-0.08782158,0.021469919,-0.051674083,0.20756403,0.021815687,0.01858856,0.0076219058,0.0060129594,0.33829474,-0.0067997077,0.012127462,0.22619934,-0.3090506,-0.034510735,0.15141039,0.15809844,-0.045676414,0.0045006364,-0.019762924,0.009777005,0.040582653,-0.003876004,-0.052224267,-0.028035177,-0.0063944682,0.009374084,-0.0103958035,0.019643368,-0.0061411406,0.0072724787,-0.25790912,0.00020886849,-0.008540738
0.031621896,0.023551157,0.031477064,0.062381938,0.05621857,-0.043936536,-0.10520497,-0.0105743995,-0.013081313,-0.024684262,-0.0047782143,0.041909777,0.007663421,-0.012352715,-0.02350644,0.028099015,0.05834797,0.13985993,0.02941944,-0.007871299,0.0054974756,0.0019261081,-0.14449266,-0.19211057,-0.09257905,-0.05322117,0.08254299,-0.058035262,-2.4463694,-1.7508246,-0.029825438,-0.057526425,-0.0040181796,0.004622191,0.00041915843,-0.002025859,-0.012558195,-0.017944777,-0.0068096276,0.006226198,-0.015178123,0.010341023,0.0011812258,0.0072709057,-0.14282206,-9.62807e-05,-0.009938415
-0.013913788,-0.048001226,-0.18785074,0.035556007,-0.07527749,-0.09789254,0.024743907,-0.045456495,0.024602907,0.006280703,0.029271992,-0.056849234,-0.058285393,-0.055683054,-0.012478434,-0.09320782,-0.27051416,-0.53661,-0.097630896,0.00014819238,0.0031035366,0.0015736232,-0.12304396,0.025530668,-0.012283289,-0.07349895,-0.06031235,-0.007039606,-2.2229145,-1.5513079,-0.06532764,-0.04930108,0.0016520986,-0.07323392,-0.068318434,-0.0006759071,-0.007761377,-0.018112686,-0.0054402635,0.0016956773,0.09464987,0.011855027,-0.002539789,0.0042459164,0.00017988424,7.43329e-05,-0.008605535
0.015793728,-0.012884273,-0.08671332,0.10250457,-0.009209119,0.18248881,-0.003299518,-0.021600213,-0.0068086693,0.008645032,0.04369481,-0.032189008,0.015758384,-0.028866675,-0.084479116,-0.03451338,0.10978069,-0.038227838,-0.025207892,0.017857023,0.011847843,0.0031648919,-0.06938619,0.0060080173,-0.04294534,-0.02931207,-0.10700084,0.008835683,1.3588623,0.9946534,0.069744825,0.008936369,0.015723145,-0.10321587,-0.109426044,0.0009256584,-0.009331471,-0.018536627,-0.004453783,-0.1011126,-0.013406346,0.026954468,-0.0020275835,0.010082228,0.0023323956,-6.679433e-05,-0.012458541
0.022572957,-0.017011872,0.08207984,0.070873156,-0.008861371,-0.028885355,-0.012329347,-0.00011019194,0.028605001,0.050411932,-0.00041974123,0.054748297,-2.9715222e-05,0.03190257,-0.006765349,0.020675894,0.08009837,0.13627732,0.056992,0.033515923,0.0065557244,0.0052453834,0.08985889,0.10057733,-0.00012278126,0.07364697,0.043229043,0.32709047,2.1027024,1.5504335,0.26540965,-0.024050392,0.0013644063,0.02321308,0.030287866,-0.001896687,-0.0066729304,-0.010723023,-0.0042226883,0.011626403,0.020234376,0.022500938,0.0032660507,0.008697152,0.009645464,0.00076007267,-0.00848045
0.008829211,0.0029252877,-0.021988507,0.009402674,-0.0120621,-0.110443175,-0.011540534,-0.029044313,0.16314538,-0.050770402,-0.0011020253,0.0130654,0.004983958,-0.046269435,-0.0014174441,0.048034694,0.03959927,0.18923877,-0.018128078,-0.01760096,0.010267961,-0.043350782,0.08970717,0.028190354,0.086139105,0.040180508,-0.05680571,-0.28487045,-0.11527972,-0.0332872,-0.25326246,-0.13883555,-0.010545342,-0.061403904,0.017950445,0.02339233,-0.063095085,-0.0358428,-0.0072252187,0.0056505273,-0.016367478,0.018350223,-0.0038826815,0.012300803,0.0066761035,-0.0002362134,-0.0073391763
0.017549124,-0.042287104,-0.00047274987,0.03094666,0.041819714,0.14103809,0.049333286,0.0031680188,0.015524651,0.015245082,-0.006445935,0.02094651,-0.043670017,-0.0433536,0.01840551,0.035427675,0.027865123,-0.15060303,0.01672189,0.016315917,0.009219262,0.0009681397,-0.15670837,0.051271856,-0.01019861,-0.11137098,-0.30938077,-0.030634243,-2.5149229,-1.8034836,-0.03176088,-0.021858657,0.0099830795,0.03355098,-0.004690465,-0.0013024159,-0.016208112,-0.013811631,-0.006012444,0.005282305,-0.01714141,0.011735799,-0.073122956,0.0069592693,0.0065046516,9.7852055e-05,-0.011842424
-0.06034806,0.014041448,0.04978682,-0.1416961,0.043671545,-0.07330401,-0.11746127,0.020379843,-0.058064293,0.0067406404,-0.0016853393,-0.023880215,-0.006524755,0.01789593,0.047816936,0.0071609668,0.079693936,0.016218636,0.029600745,0.0151267825,0.007804919,0.0072197714,0.223661,0.0032311894,-0.07802549,0.1751002,-0.34987915,0.0047108377,2.0860488,1.5702281,-0.035879645,-0.026003158,-0.02604524,-0.08769345,0.020465063,-0.0020737536,-0.016193053,-0.008776256,-0.0047528967,0.0058405567,0.0677391,0.029056992,0.001551894,0.0125969695,0.0059290812,0.0015890554,-0.009562041
-0.013787756,-0.0077808513,0.01060172,-0.028754808,-0.06633217,-0.06239898,-0.18531641,-0.005595023,0.005254561,0.0273237,-0.0013392665,-0.020442393,-0.027331362,-0.022714458,-0.0021006488,-0.09606516,0.029584913,0.10429002,-0.009562871,0.012445197,0.0065346523,0.0022074159,0.01520412,-0.10019812,0.006749816,0.008725126,-0.41340023,-0.20774287,-2.291958,-1.6350943,-0.23325935,-0.011968974,0.0047581256,0.039385322,0.019036265,-0.002120011,-0.024123468,-0.021283664,-0.005720365,0.0012163679,-0.015282131,0.013036473,-0.0011982191,0.0072754743,0.0071383542,-0.016780408,-0.0076652337
-0.04604518,-0.0034871164,0.067979775,0.047905784,-0.034864582,-0.045291062,-0.061527304,-0.012820116,-0.06596117,-0.05417356,-0.0032998617,0.01712388,0.009995383,-0.032275498,0.0024148095,0.032807723,0.04606631,0.10447131,0.03933532,-0.042141374,-0.083236516,0.0026470993,-0.16994594,-0.27017522,-0.033268627,-0.121362776,-0.3961202,0.22305325,-2.4771857,-1.7761358,0.13700816,-0.0562612,-0.0068447217,0.005947008,-0.015086974,-0.000862115,0.011802002,-0.011471883,-0.0055928607,0.0066556935,-0.012574683,0.008622516,0.00016358326,0.0032039667,0.003076269,-0.00022428029,-0.009857623
-0.23975773,-0.00010769092,-0.18767613,-0.042046994,0.049366716,0.2267007,0.030624153,-0.003005565,0.009202781,0.035461605,-0.0049340194,0.0063652117,0.012432153,-0.03993748,0.109511174,0.024183536,0.025826998,0.15201318,-0.047119282,0.025141744,0.0049671154,0.0030542668,-0.09208017,0.053409677,-0.03698363,-0.025785673,0.033801235,-0.0034879604,1.1557235,0.84133315,0.003334596,-0.016488994,0.005020539,-0.16596463,-0.11382708,-0.0017860417,-0.01407469,-0.01744686,-0.0042843358,0.0050000483,-0.015659245,-0.59749055,-0.0010647569,0.007975825,0.003273508,-2.0215908e-05,-0.011741963
-0.030086176,-0.023190806,-0.1352899,0.032479197,-0.04470075,-0.058708612,0.021735376,-0.043825716,0.013364453,0.004938436,-0.0012599576,-0.045765508,-0.0024448463,-0.052360013,-0.0073473807,-0.07411569,-0.1787809,-0.4126233,-0.06819631,-0.0012055766,0.0041667665,0.0015387523,0.055490773,0.0477642,-0.021662641,0.02064576,-0.035827857,-0.3041588,-2.1805098,-1.5619544,-0.23640846,-0.0045504053,0.005396785,-0.07329246,-0.06249443,-0.001644432,-0.008566421,0.13661622,-0.006442577,0.0004373478,-0.01620328,0.0106977,-0.003815162,0.00436611,0.001863973,-3.2950238e-06,-0.005917451
-0.030555189,-0.0026244137,0.061600838,-0.065266155,0.07563771,-0.051838525,0.07260685,-0.015545945,-0.0055125137,-0.00888554,-0.0024424172,0.007893285,-0.024213666,-0.022480989,-0.021321699,-0.0052584726,-0.049016796,0.1813503,0.02797318,-0.032335456,-0.10627714,0.0027993594,-0.057064634,0.14743888,-0.01552406,0.005581022,-0.03841314,-0.57632273,1.3670944,1.0147437,-0.49499518,-0.023483139,0.00050525565,-0.11329286,0.037313677,-0.002812342,-0.016032163,-0.02564776,-0.0062927282,0.008198745,-0.0125623755,0.022442209,0.0021497915,0.00825492,0.004078381,-0.00040625827,0.053941984
0.03777584,-0.024306016,0.0082085915,0.057739213,0.044550832,-0.025349341,-0.052799396,0.0030736502,0.007418192,0.034521077,-0.00045238974,0.022465747,0.006823437,0.116940156,-0.017227035,0.04752716,0.06999285,0.11089878,-0.02135633,0.024814047,0.003152665,0.0020129788,0.068910964,-0.18571858,-0.010678084,0.09649295,0.058287214,0.3953528,-2.4016466,-1.7754779,0.3158294,-0.023442607,0.0015810523,-0.08407554,-0.1906622,-0.0017779815,-0.009331119,-0.013659862,-0.0049523553,0.007633864,-0.010371299,0.012709716,0.0017025019,-0.10258893,0.0022875036,0.0004774801,-0.008018508
0.0471248,0.009221339,0.062055998,0.06767996,0.10011402,-0.06068677,-0.0070183887,-0.034482002,0.056942303,0.048831422,-0.0014571454,0.05408952,0.0825259,-0.050041202,-0.070256874,0.05879663,0.038181618,0.17027524,0.012847175,0.029122543,0.006462346,0.005455113,0.20412032,0.039356973,-0.091498144,0.13464056,-0.20030393,-0.03316154,-0.508695,-0.29946762,-0.060635787,-0.0962094,0.017620217,-0.09246979,0.026005536,-0.002752053,-0.054087076,-0.026316533,-0.007033491,-0.16613857,-0.009461972,0.018127276,-0.004229386,0.00973605,0.004715604,0.00037493938,-0.008095328
-0.029475521,-0.0025999055,0.03390398,0.060871433,0.039093956,0.13406393,0.013118407,-0.020813119,-0.0054489793,0.021777043,-0.0038387778,-0.0047517675,-0.014211532,-0.04160392,-0.018363997,-0.002259729,0.053393353,-0.092312574,0.022542518,0.017565217,0.0062624062,0.0020374302,-0.11321298,0.021612661,-0.0065257503,-0.087205105,0.039154187,-0.07026694,-2.3952813,-1.7196918,-0.048659563,-0.054051403,0.0024727124,0.049459737,0.0052931383,-0.0003499777,-0.017566225,-0.01728626,-0.0068035177,0.005963022,-0.0166786,-0.4258218,0.0015172831,0.0058542667,0.005508682,0.0001077876,-0.012653262
0.008816576,0.028306669,0.07317285,0.05067793,0.012821407,0.14713474,-0.09179274,0.01606547,0.04998072,0.013875548,-0.003942045,-0.010075514,-0.06110565,-0.0029387984,0.029261382,0.062346973,0.03630924,0.010688407,0.042429257,0.016025916,0.010538431,-0.024309542,-0.15488142,0.021097224,0.021645896,-0.0922756,-0.07132882,0.016048158,-2.4102924,-1.7690941,0.040304143,-0.02633293,0.0067387326,-0.048316326,-0.008793326,0.006895314,-0.015556013,-0.011165993,-0.00545824,0.0041630547,-0.016462978,0.012357082,-0.092083886,0.007685752,0.0049436544,0.00067831116,-0.009144651
0.03644896,0.022976162,0.04282617,-0.059791837,0.02343324,0.17195164,0.025717506,-0.011808876,-0.003814493,-0.025465386,-0.00080276356,-0.04807302,0.02242816,-0.017858481,0.0038542424,0.02455273,0.107182086,-0.25428116,0.04438896,-0.0051835226,0.010351249,0.0048121,0.041765977,-0.015489842,-0.023211721,0.01477706,0.4984002,-0.12106185,1.3159541,0.9250784,-0.053830624,-0.09469833,0.0099304635,0.07959486,0.0053231614,-0.002098684,-0.0057214443,-0.017614836,-0.005919741,0.011602762,-0.014098984,0.023879563,0.0027896778,0.009310233,-0.19607535,-7.32793e-05,-0.009161338
0.009203509,-0.04870511,-0.19828469,0.01326299,-0.061988994,-0.20887043,-0.08306061,-0.022498475,-0.04613548,-0.020060632,-0.004588021,-0.02146094,-0.018900476,-0.036325645,-0.019154336,-0.07676164,-0.28378537,-0.5953427,-0.105237104,-0.023026308,-0.03690147,0.0019759715,-0.10448395,-0.032026414,-0.01856559,-0.05550705,-0.20653076,0.21339329,-2.2517333,-1.5720295,0.16706602,-0.025649318,-0.006000749,-0.08056184,0.0056979554,-0.0005151775,-0.008018652,0.08848514,-0.004870006,0.0037474365,-0.011485598,0.008843976,-0.0024695615,0.003436367,0.000933164,-9.6683114e-05,-0.007109023
-0.020645509,0.014741352,0.051148377,0.033679876,-0.00022686779,-0.045394287,-0.044880874,0.0018326641,0.031177064,0.046388946,-0.0016422502,-0.030050164,-0.012275604,-0.0466426,0.019992476,0.01120198,0.054232374,0.11854625,0.044535182,0.029914344,0.009039272,0.002621232,0.09624428,-0.23805185,-0.034116063,0.052495938,0.30852166,-0.13629603,-2.502021,-1.8455279,-0.15655726,0.0048186886,0.005428363,-0.07823818,0.001569306,0.015553474,-0.011218706,-0.015676077,-0.004248414,0.0037823657,-0.011252349,0.013467789,-0.050411254,0.007193992,0.004325756,0.0005882039,-0.0075442735
-0.004107322,-0.03800468,0.0063223867,0.019357342,-0.10509644,0.12705743,0.09155015,0.0011990322,-2.555915e-05,0.048632734,-0.0038169727,-0.023306707,0.0017235753,-0.017601052,0.012990471,-0.11603169,0.061336283,0.07863769,0.025402766,0.0078998525,0.0069959085,0.0023777853,0.15215288,-0.13866565,0.01490767,0.13308056,-0.3636126,-0.061179917,-2.4435828,-1.7340144,-0.07718132,0.015164186,0.01259493,-0.08705179,0.00064914284,0.0061910315,-0.015834633,-0.017762484,-0.0053369235,0.0047246437,-0.011462898,0.01750288,-0.0017366816,0.006361918,0.004368801,0.00052059826,-0.00894852
0.0059686257,-0.039690062,-0.15925626,-0.049352147,-0.083498135,0.16997112,-0.09911658,-0.0106410375,0.002519305,0.008511254,-0.008159043,-0.01566014,-0.04188718,-0.047480933,-0.019813305,-0.11012781,0.084733084,-0.55157036,-0.06724191,0.009874357,0.004528185,0.0014299003,-0.13072608,-0.09506691,-0.0026905246,-0.03566401,-0.22113895,-0.032709155,-2.2760837,-1.6158026,0.00054414815,-0.096305974,0.0010655186,-0.10194103,-0.08687044,-0.00094222924,-0.010141988,0.11496305,-0.0065603885,0.0015030188,-0.017304314,0.011553066,-0.0025452788,0.0052153743,-0.0004130412,0.0003191475,-0.00838068
0.00022385125,-0.05224765,-0.14622717,-0.008498599,-0.087722234,-0.16656741,0.0055993297,-0.0037097377,-0.05834283,-0.010887503,0.02899057,-0.023904022,-0.016836565,-0.013788956,0.015044517,-0.08771051,-0.28057978,-0.52392066,-0.087501846,-0.025542248,-0.05439376,0.0017330501,-0.09371356,-0.13915895,-0.022764595,-0.05267933,-0.112179436,-0.012789816,-2.252355,-1.5587288,-0.035313208,-0.011535487,-0.012980927,-0.070816055,-0.0017158116,-0.0010529313,-0.008399047,-0.01961329,-0.0050497972,0.0021814492,-0.012107659,0.009671464,-0.0035351387,0.0035806596,-0.049450133,-0.00020524817,-0.0088210665
-0.015703786,-0.037497647,0.08384942,0.036282454,-0.011897336,0.14379817,0.042104904,-0.0032360586,0.030900726,0.052119687,-0.003940943,-0.027497321,-0.09792255,-0.015751936,0.018359276,-0.02647821,0.04234936,-0.12603039,0.06759684,0.03364242,0.0061918194,0.0019849697,-0.14999138,0.031686317,-0.0016392468,-0.13236064,-0.0992943,-0.016771369,-2.4847133,-1.8278949,-0.017622083,-0.070185326,0.0046248673,-0.081064805,-0.07503677,-0.0016020023,-0.014004827,-0.00938412,0.09383402,0.00584963,-0.014573305,0.009668343,-0.0011407512,0.006122864,0.003056269,0.00032987355,-0.0044745733
-0.0007814277,-0.0075993105,-0.014815477,0.03895301,-0.144432,-0.027043844,0.013132387,-0.011741649,-0.014191352,0.016416578,-0.0013779965,-0.019519387,0.0010006365,0.023644464,0.03249892,-0.046345998,0.06536967,0.121011764,0.024759853,0.012143238,0.005016379,0.0030196717,0.15941381,-0.07867438,0.028046912,0.13759631,-0.22097853,-0.33912584,-2.2828505,-1.6024489,-0.35240313,0.0074435333,-0.020968301,-0.08069703,0.013743476,-0.0020833737,-0.017633038,-0.023917517,-0.004410337,0.0060933107,-0.013925347,0.010977651,-0.07306409,0.0060812565,0.005125635,0.00039609478,-0.009288377
0.04263797,0.025404828,0.01871922,-0.023702765,0.06505249,-0.029724576,-0.03712674,-0.019694347,0.02685,0.05743606,-0.0018560857,0.05769846,0.025512245,0.013330824,-0.044072133,0.04308327,-0.032848883,0.07867861,-0.001638121,0.037516344,0.00904188,0.0040165065,-0.10680717,0.032949194,-0.00386408,-0.032954626,0.119660035,-0.10749224,2.247944,1.7353904,-0.10944659,-0.016281126,0.0031372574,-0.059960697,0.036385104,0.013743439,-0.012292724,-0.017342499,-0.0055482895,0.013228455,-0.00810947,0.025663322,0.0015487968,0.011490752,0.002251134,0.00066860986,0.008043747
-0.012243302,0.0026872014,-0.03950521,0.041593857,0.049460992,-0.036652856,0.027369246,-0.027255172,-0.004126943,0.025040668,-0.006072856,-0.0429358,0.032383073,-0.045276158,-0.029134646,-0.0062933606,0.0680411,0.14595772,-0.03934411,0.028683452,0.005793051,0.0017729424,-0.1519491,0.07671184,-0.022947047,-0.12656432,-0.3193715,-0.058217436,-2.5099878,-1.7713444,-0.011092934,-0.008528901,-0.0004613058,-0.07042042,-0.13163145,-0.0013838742,-0.01949301,-0.016536154,-0.005986866,0.0038326443,-0.017503984,0.0095978435,-0.0027034658,0.007054721,0.0023750644,-0.019817265,-0.009851434
0.08142762,0.032373264,0.077797085,-0.086405374,0.11768001,-0.10194124,0.10356533,0.008449646,-0.039266493,-0.04957864,-0.0015087296,-0.007143702,0.026270557,-0.015196519,0.0073265056,0.015540836,-0.11494288,0.10124633,0.05988416,-0.02444448,-0.1167434,0.0032807477,-0.15410854,-0.5131876,-0.038334526,-0.17189507,-0.08153797,0.33063844,1.2379583,0.822732,0.22749928,-0.06515649,-0.001814667,-0.07973753,0.011160985,0.011686115,-0.014708058,-0.01181536,0.07011194,0.007514575,-0.008235361,0.018055908,0.0069628907,0.006579016,0.0025724326,-0.0004635651,-0.013690525
0.021806903,-0.03808423,-0.1103215,0.028027518,-0.066504486,-0.1509157,-0.081829004,-0.003375985,-0.08160851,-0.016865032,-0.0010446075,-0.036377177,-0.06507056,-0.050509438,-0.019578349,-0.085609175,-0.25074348,-0.42276657,-0.056405287,-0.005982711,-0.034325086,0.001874118,0.08972079,-0.041010667,0.016011516,0.07457684,-0.16288322,-0.27544656,-2.1409497,-1.5019078,-0.24153231,0.0062108748,-0.01925594,-0.07380487,0.0033164294,-0.0018318758,-0.009609865,-0.022139926,-0.006942517,-0.00024395512,-0.013953802,0.009054872,-0.0323888,0.004078052,0.0019820626,4.9120314e-05,-0.008059048
0.013699551,0.0061877826,0.02563564,0.041230056,0.05753109,-0.035423964,-0.07767185,-0.024982462,0.018970402,0.0051560625,-0.0064253444,-0.017925562,-0.028953116,-0.0068162107,-0.0048733773,0.011028794,0.033767093,0.0882807,0.028724244,0.017408261,0.0098900385,0.0017153452,-0.13649835,0.0014924142,-0.08951232,-0.08435674,-0.34678268,-0.021028869,-2.511349,-1.8155063,-0.02702368,-0.021782296,0.0029064463,-0.05149798,0.0006230259,0.0053709256,-0.020819332,-0.016020255,-0.005314716,0.0053913654,-0.016668847,0.012182194,-0.081398904,0.008278693,0.0033372405,0.0005498007,-0.012879065
0.018263794,0.040031746,0.017408429,0.0050499314,-0.047894225,0.14104262,-0.05335702,-0.0052147806,0.031397473,-0.00037299035,-0.00079161354,-0.037456993,0.019919047,-0.009308683,0.009040823,-0.021470258,0.09055621,-0.37970895,0.05406017,0.00405423,0.0030300636,0.0028983764,0.055661842,0.074869014,-0.019430397,0.023881681,0.28136685,-0.13409697,-2.56027,-1.8003879,-0.12402202,-0.09064989,0.009828708,0.05216987,0.007208293,-0.002057303,-0.007013447,-0.019916983,-0.005302829,0.0018115673,-0.014358053,0.013639618,-0.0015454948,-0.11009089,0.0040358435,0.0005065553,-0.005760326
0.029604591,0.016314024,-0.046270218,-0.06698081,-0.050204415,-0.038023785,-0.02170598,-0.0339024,0.031080259,-0.023885984,-0.004794385,-0.0057586576,-0.0013165878,-0.037706792,-0.025079885,0.03994323,-0.050720945,0.13102692,-0.005183075,-0.00327606,0.010491957,0.001117258,-0.09957839,-0.022278622,-0.016658785,-0.0563041,0.025732813,0.012775312,-2.4432368,-1.7160139,0.043222707,-0.022436032,-0.00037419965,-0.05197442,-0.15116751,-0.0035853495,0.02911319,-0.016206417,-0.005506307,0.0068992088,-0.0153774,0.010580338,-0.0014078676,0.007230168,0.002327955,-5.4668406e-05,-0.010691329
0.009102893,-0.033586007,0.015363659,0.06685644,-0.01793599,0.18403672,-0.13597164,0.014108999,0.028408503,0.052962657,-0.0010267899,-0.039133586,-0.011383328,0.0016539594,0.0012169837,0.02454547,0.1002006,-0.50754255,0.039254073,0.029644437,0.0050066668,0.0064385324,0.18802917,0.007008291,0.026109822,0.109363735,-0.014437858,0.022419695,2.172617,1.6330733,-0.039024305,-0.08496812,0.00640951,0.08242415,0.031679746,-0.00022912012,-0.010302757,-0.009402548,-0.0042438824,-0.16066281,-0.012169782,0.028489789,0.00097562606,0.010988364,0.008092312,0.0010947138,-0.005717806
-0.119913876,-0.0046731113,0.02875716,-0.06316331,0.06633382,-0.021258144,0.02852507,0.00041358257,-0.02034412,-0.020940622,-0.0018099479,0.044909593,0.024287496,0.093608834,-0.009013887,0.05622961,-0.057484396,0.12005374,0.02438629,-0.013138292,0.0050481753,0.0053027007,0.23998365,0.08062553,0.045330916,0.14811182,0.021832256,0.06782026,2.1115363,1.5782884,0.011944544,-0.057660695,-0.018454432,-0.06425864,0.045390677,-0.0014946829,-0.018411998,-0.015382628,-0.0050229565,0.008803492,-0.00878447,-0.6140025,0.005825373,0.00962557,0.005908075,0.00051488914,-0.0070836428
-0.1089352,0.03405958,0.07712449,-0.05156326,-0.003450665,-0.018054934,-0.09854391,0.06256951,0.1669069,-0.03941931,-0.001110377,0.043898236,-0.058388665,0.18317753,0.017986806,0.082167864,-0.0503139,0.17366141,0.034567755,-0.020833226,-0.15340373,0.0026868398,-0.097398296,0.015744621,0.004654455,-0.09266454,0.49195182,0.05393215,0.30609378,0.31860858,0.083274916,0.0009670815,-0.0074528614,-0.088690184,0.035218578,0.024865573,0.10395258,-0.022875814,-0.005109892,0.008796195,-0.009255654,0.0153165,-0.00068986294,0.008712427,0.008689336,-0.00088039256,-0.0065113096
-0.06872563,0.001584375,0.09816812,0.015469665,0.054097723,-0.040732093,-5.2951298e-05,0.1262376,-0.007623156,0.0404147,-0.0010261032,0.016149793,-0.0033318924,0.13741677,0.04044823,0.038208004,0.020903405,0.13779098,0.048423894,0.033985194,0.009178358,0.0024301247,0.12685356,-0.05411842,-0.027957408,0.124025725,0.06727718,-0.04246354,-2.482901,-1.792184,-0.04683844,-0.028380604,0.004640537,0.08152512,0.02945114,-0.00405315,-0.011132279,0.047474135,-0.0051878286,0.009588845,-0.012030769,0.01991142,-0.0021759316,0.0067241793,0.010680651,0.0003190746,-0.0069714882
0.00749828,-0.06893941,-0.04199739,-0.07344672,-0.065966815,-0.17086124,0.073355615,-0.030889308,-0.017001618,-0.051783606,-0.004146843,-0.023960616,-0.007203921,-0.044329587,-0.035063412,-0.108228184,0.085357815,-0.51741326,-0.035306785,-0.03390689,-0.06111234,0.0017997877,-0.10104462,0.028411914,-0.017743768,-0.07522667,-0.11670029,-0.012552663,-2.3034956,-1.6041541,-0.06838913,-0.06331119,-0.024460735,-0.088048816,0.003361459,-0.0014474998,-0.009379426,-0.021102976,-0.0066752196,0.004344362,-0.014391348,0.011217539,-0.0025249051,0.004132578,0.00081410445,-0.00074604695,-0.011280784
-0.016302522,-0.03344627,-0.12043604,0.043879915,0.031512458,0.15534502,-0.024915624,-0.054168236,0.0064082565,-0.13791032,0.01377613,-0.0394207,0.03032462,-0.045293204,-0.008104419,-0.019750807,0.07386053,-0.3824636,-0.06401173,-0.103807986,0.0022328536,-0.036023054,0.1413306,-0.0033208947,-0.015548685,0.082031764,-0.041012455,-0.3827229,-2.1491354,-1.5418515,-0.31690398,-0.092729256,-0.0006323667,-0.050302386,-0.10150615,-0.0017489874,-0.011269755,-0.022992358,-0.005442388,0.000768786,-0.021050556,0.010840753,-0.0054614446,0.0046466724,0.0015600636,-0.012567149,-0.0068237865
-0.05617644,0.0052738013,0.042545196,0.023468247,-0.010208002,0.07240421,0.02718982,-0.0146974735,-0.048807178,-0.015856883,-0.004593744,0.029246321,0.0040570735,-0.007514969,-0.00609258,0.0008244281,0.06041248,0.044234045,0.031341985,-0.009216687,0.007389911,0.0020798598,-0.15736158,0.009545814,0.014702008,-0.12860301,-0.41782776,0.22679003,-2.5091856,-1.8067768,0.16796523,-0.027309924,-0.0069924993,0.014966454,-0.0030664871,-0.00027329905,-0.013420175,-0.013721403,-0.0061249253,0.0075130267,-0.011779816,0.013718466,0.002450073,0.0040549394,0.004406784,-9.1628666e-05,-0.01341885
0.008132873,-0.053493474,-0.021213051,-0.009068627,-0.062505536,-0.19507608,-0.080095164,-0.007458403,-0.030216513,-0.034787674,-0.0054773786,-0.02111414,-0.05050196,-0.0072122035,-0.018150931,-0.10526832,-0.2985682,-0.5738676,-0.028396545,-0.036861673,0.0025377914,0.0016612068,-0.073459305,0.040115576,-0.016482357,-0.057815414,-0.12092707,-0.00693994,-2.326534,-1.6279769,-0.046557322,-0.039337724,-0.006785199,-0.07989554,0.005438725,-0.0006509295,-0.008910519,0.11480729,-0.0049823066,0.003526001,-0.0132389385,0.010677037,-0.0002770017,0.0043067313,-0.000106976695,-0.00016400077,-0.007930461
0.007996995,-0.046531793,-0.1516853,0.003567722,-0.045303337,-0.17666203,-0.019255828,-0.0037136753,0.036112893,-0.012471868,-0.0031327663,-0.039577022,-0.0647499,-0.05100368,-0.038963675,-0.07181803,-0.254565,-0.5137881,-0.08226281,-0.010834745,-0.044112325,0.0014257019,-0.1070232,-0.07630894,-0.0008844904,-0.07691119,-0.19640161,-0.03153241,-2.0975645,-1.4816114,-0.010780841,-0.055947796,0.0021271426,-0.08200864,-0.06707185,-0.0008264703,-0.008967471,-0.018533299,-0.0055380706,0.0006750505,-0.015330224,0.009278918,-0.034107216,0.004409483,1.43177485e-05,-0.00018079365,-0.009428586
-0.018210096,-0.03729717,-0.18176576,-0.013334017,-0.072229564,-0.082046516,0.01201609,-0.055367198,0.0022058622,-0.01100467,-0.0040391157,-0.051874213,-0.0001294387,-0.043858245,-0.0601847,-0.07918609,-0.2129398,-0.5217055,-0.088536076,-0.009375101,-0.063461624,0.0014212923,-0.1509328,0.019255979,0.016124755,-0.10389975,-0.20757085,-0.034537017,-2.2495022,-1.5528283,-0.0014493768,-0.058623653,0.0033603588,0.08137517,-0.0037025365,-0.0011246813,-0.010021879,-0.018066278,-0.005454653,-0.057209294,-0.014861909,0.0100064175,-0.005036042,0.0036350067,0.0024594911,-0.00012304512,-0.008781664
-0.0033339604,-0.031121481,-0.044458054,0.022922987,-0.10953104,0.15438044,-0.13640848,-0.0063517634,0.012772084,0.023852171,-0.0009881931,-0.01211037,-0.06507543,0.0063966317,0.014318448,0.018362595,0.02944107,0.039761905,-0.021867597,-0.024266917,0.0063922782,0.0045409203,0.105862476,0.073937304,0.033075128,0.059317,-0.32328206,-0.044124674,2.1355217,1.594169,-0.030617611,-0.023072395,0.006405139,0.09159036,0.020874463,-0.0029965136,-0.024147311,-0.00955837,-0.004996347,0.006176506,-0.013415097,-0.47945914,0.0011634679,0.011398914,0.007815457,0.0012867582,-0.005126012
-0.0021798878,-0.052871227,-0.17338596,0.005206683,-0.07913352,-0.18909991,0.0038851395,-0.045298394,0.04435382,0.010315305,-0.003836116,-0.04849933,-0.036950633,-0.05571418,0.044530615,-0.071589746,-0.23731996,-0.53115386,-0.08733783,0.020089014,0.0004038803,0.0016575229,-0.067316875,0.018151866,-0.014258367,-0.015576195,0.028236264,-0.0292011,-2.2410228,-1.5816436,-0.029357914,-0.050930526,0.0017204997,0.056042854,-0.0042935708,-0.0017629088,-0.008918176,-0.020819962,-0.004442594,0.0013093927,-0.011786949,-0.2723459,-0.005467724,0.004071645,0.0009708635,5.335273e-05,-0.006585606
0.015909474,-0.023977209,-0.16880378,-0.037897643,-0.08940859,-0.11626712,0.043192185,-0.015707362,-0.011752694,-0.009482534,-0.0012218906,-0.030046405,0.015662663,-0.038585905,0.030034302,-0.07029474,-0.33049914,-0.525872,-0.07863426,-0.011660586,-0.05951958,0.0015893525,0.056600947,-0.12806726,-0.015972467,0.029133348,0.26463488,-0.032943256,-2.2543395,-1.5960915,-0.002102344,0.0076935347,0.0063151307,0.06841152,-0.012171263,-0.0029210863,0.0019150041,-0.019694926,-0.005200513,0.0013142257,-0.011990148,0.010608217,-0.003074837,0.004155121,0.0035074642,3.2273652e-05,-0.0082045505
0.031137971,-0.116649166,0.029956765,0.06755063,-0.0960464,0.19744642,-0.06707103,-0.105306126,0.09854186,0.02050726,0.016290719,-0.047077954,-0.068582766,-0.028156543,-0.01133139,-0.13024116,0.08413789,-0.7057688,-0.018561786,-0.0009738984,0.0121057825,0.0042641913,0.08077062,0.03140106,-0.051718753,0.027343463,0.4257304,-0.012561744,0.18640712,0.23907748,-0.004967294,0.006047943,0.010753381,-0.09884484,7.155295e-05,0.014912976,-0.02321579,-0.034288425,-0.005785083,0.005048971,-0.01219444,0.021455135,-0.010339756,0.008621548,-0.1168095,0.0013497052,-0.006102509
0.026978865,0.026892187,0.07469394,-0.030353677,0.038641278,-0.04598149,-0.07906528,-0.031035122,0.008556021,0.0028843232,-0.003060959,0.036852587,0.030700611,0.017057354,0.02154293,0.029376503,-0.022676712,0.055001043,0.030370314,-0.0014135772,0.0044308174,0.0017270112,-0.09108892,-0.08931765,-0.013172151,-0.04016879,-0.18574606,-0.4539019,-2.269195,-1.6615963,-0.4053343,-0.022061996,-0.0029808825,-0.06565549,-0.1257517,-0.0018298802,-0.01968592,-0.02243142,-0.0059863147,-0.13653688,-0.02044509,0.0059551154,3.7371687e-05,0.0050828834,0.0018099112,-0.00014515946,-0.009632502
-0.0097810505,0.000651902,0.0440182,-0.05473766,-0.00063674134,0.14225614,-0.07560171,-0.01964409,0.013358727,-0.16904622,-0.0008802098,-0.016939713,-0.021706525,-0.028931364,0.012017335,0.036444794,0.023219677,-0.13303854,0.00019741696,-0.14777608,0.0053546363,-0.03664726,0.22327143,0.060213584,0.0261607,0.1380998,-0.2857666,-0.50327194,-2.1220136,-1.551881,-0.47080487,-0.01941194,0.004013169,0.03611508,0.0028046228,-0.0023042853,-0.017806228,-0.0126156155,-0.004494388,0.0027528158,-0.017068584,0.0077952896,0.00073240534,0.004389639,0.0068638576,0.00012634064,0.0067218984
0.031320833,-0.0109328935,-0.15001617,-0.008084845,-0.12434396,-0.032223094,0.04677638,-0.09982462,0.003157093,0.009161442,-0.0030274845,-0.04998484,-0.04078099,-0.07965009,-0.004284912,-0.08761337,0.018944982,0.113001935,-0.08104843,-0.013083637,0.009271572,0.004127408,0.069519974,0.03867686,-0.04234967,0.0034947107,-0.08553943,-0.043337677,2.2109768,1.609197,-0.064355046,-0.10264444,0.0008430678,0.050494254,0.019944109,-0.0027228566,0.004748326,-0.02246161,-0.0064193266,0.0053355824,-0.008701025,0.028700287,-0.0032365725,0.010582533,0.0052847676,0.00022971316,-0.0076775155
-0.06045189,0.0048037646,0.06951186,0.07522667,-0.10218376,-0.03935105,-0.012153549,-0.0011410806,-0.033355534,-0.03668813,-0.002846236,0.05883877,0.020437041,-0.022823881,0.047846284,0.027806088,0.083669655,0.11101258,0.036137525,-0.015235379,-0.085938856,0.0060902922,-0.11587373,-0.40440658,-0.035084106,-0.09236136,0.1051708,0.3533538,2.1238961,1.650006,0.2452528,-0.054386403,-0.0072008353,-0.0079081105,0.0053128474,-0.0010993854,-0.008400277,0.028246446,-0.0043204837,0.007166998,-0.008646313,0.021060592,0.004496134,0.008572599,0.007027317,0.00024072429,-0.008916224
-0.018085344,-0.049739014,-0.1787103,0.012476071,-0.048000406,-0.12904717,-0.017792746,-0.05154608,0.016175829,-0.01010013,0.026005303,-0.048852038,-0.06045269,-0.050647754,-0.011870702,-0.08767316,-0.27551728,-0.5341908,-0.09269431,-0.010801217,0.0003010382,0.0015532371,-0.13385561,0.030305512,-0.02772262,-0.08055125,-0.07783944,-0.01172449,-2.1893394,-1.5579308,-0.058499184,-0.014485357,0.003783574,-0.077077754,-0.07209493,-0.0007026415,-0.007922292,-0.017006682,-0.0050532734,0.0005483711,-0.014081585,0.010479953,-0.03425945,0.0039661233,7.5683124e-06,-0.00019479342,-0.008175999
0.050120316,0.037610907,0.10368479,-0.0070785186,0.05133292,-0.019532884,0.051486004,-0.0075820377,-0.0019781117,0.06545694,-0.0044715237,0.045685288,0.03156126,0.029034307,0.046340954,0.03292137,0.078823075,0.16469218,0.061112717,0.0320699,0.0070295064,0.004817927,-0.050384276,0.062239673,-0.013238514,-0.054019004,0.19154193,-0.0695827,2.157838,1.6419346,-0.082257375,-0.010850514,-0.017880129,-0.07014664,0.032199275,-0.0017624153,-0.008792419,-0.015174998,-0.0059175473,0.009265294,-0.010200346,0.025200488,0.0015531175,-0.21515104,0.0043157055,0.00036549923,-0.010039588
0.009608476,-0.0050467616,0.030617082,0.04720115,0.0079100905,0.07180302,0.04975943,-0.0024143623,-0.012650962,0.034188744,-0.006111437,-0.0010676157,-0.0073664696,-0.050233632,0.0037782977,0.03177544,0.03397944,-0.002546763,0.0018637946,0.016912311,0.006514074,0.0019143524,-0.132509,-0.04958262,-0.023352867,-0.11271339,-0.3668787,-0.04214586,-2.5197296,-1.8179096,-0.04130387,-0.03149248,-0.004310924,0.010424999,0.0015445711,-0.0006064072,-0.017758299,-0.015424202,-0.0067937137,0.005522789,-0.017674949,0.010110142,-0.002060514,-0.1662604,0.0060578845,0.000113098926,-0.012288166
-0.023640111,0.0009896654,-0.056457642,0.012066686,0.058390155,0.15750037,-0.018530242,-0.0025720089,-0.029548675,-0.034810774,-0.0040697004,-0.024464156,0.0059138746,-0.00054092414,0.006427159,0.020642754,0.052894555,-0.07449399,-0.012154602,-0.010426567,0.006014793,0.003308257,-0.09831883,0.044461116,0.01791249,-0.07295884,0.13368288,0.32898843,2.188363,1.643249,0.18882689,-0.029425986,0.014807744,-0.06769651,-0.16143279,-0.0024738149,-0.0069063827,-0.015820568,-0.004260902,0.006726944,-0.008650128,0.023061574,-0.14493999,0.0073034856,0.0044102,0.00039399066,-0.01096427
-0.03191901,0.010886221,-0.026620535,0.049328256,-0.008652141,-0.0076080393,0.037655234,-0.007979882,-0.0253366,0.038766038,-0.0019934243,0.04646136,-0.005096056,-0.02051886,0.03799933,0.028767547,0.052259907,0.13172403,-0.0064445287,0.021455392,0.004849996,0.0027046516,0.014305696,0.051113594,-0.020058619,-0.0006842989,0.045627963,-0.4077003,-2.3784792,-1.6844989,-0.3284012,-0.0060764793,-0.005848659,-0.07272784,0.018707825,-0.0021888136,-0.015697146,-0.019162828,-0.00547802,0.008686705,0.06337282,0.015200378,-0.00067814725,0.007055973,0.0057660025,0.0003640597,-0.00783552
0.061462376,0.056803785,0.039369814,-0.0005808568,-0.06817357,-0.058977958,0.07503138,-0.06456682,0.14984694,0.0056189788,-0.0030399056,-0.04507796,0.045526788,-0.14763479,0.02044012,0.070023045,0.082792886,0.24948995,0.025353828,-0.0073730443,0.008703322,0.0022466362,-0.09491989,-0.3446724,0.005081037,-0.16225651,0.56534433,0.024894353,0.24387246,0.26448223,0.054086808,0.04881193,-0.0035164957,-0.062948085,-0.05235945,-0.0026623467,-0.03875608,-0.023465645,-0.006701961,0.004690555,-0.015118272,0.0121951,-0.0066862414,-0.19025646,0.0050444547,-0.00072865875,-0.007771543
0.027600769,0.012003153,-0.16264503,-0.013073238,-0.036310963,-0.06379913,0.07829037,0.002601118,0.022186792,-0.012687204,-0.0054953406,-0.065886796,-0.043621216,-0.06459014,0.05313284,-0.083390765,0.081815846,0.17258918,-0.09263682,-0.0030240954,-0.1209854,0.003046869,-0.21040356,0.07107082,-0.053169236,-0.16206999,-0.33585626,0.03956281,1.3728358,0.98558134,0.053847276,0.00219824,-0.0014888105,0.076797485,0.014117092,0.0003919208,-0.008967268,-0.020431008,-0.007362242,0.0031354548,-0.010939291,0.024798935,-0.002852769,0.0092263445,0.0063644014,-0.00038785624,-0.01630467
-0.010152834,-0.035863683,-0.18278345,0.007843512,-0.0658077,-0.19129872,0.04027464,-0.059582468,-0.051165085,-0.008569133,-0.0026522514,-0.04102523,-0.052711725,-0.05254619,0.022448178,-0.07786927,-0.3169661,-0.60585046,-0.100976124,0.0045755114,0.0024200995,0.0016646705,-0.05685211,-0.039184503,0.0116333915,-0.022654241,-0.063476846,-0.020946298,-2.2240214,-1.5600669,0.0028767807,-0.04880995,-0.009090118,-0.07891575,0.0059334524,-0.000653481,-0.00839235,-0.018334132,-0.005277187,0.0017258782,-0.0121306665,0.012405904,-0.004023589,0.0048865606,0.0011690983,-2.9745537e-05,0.03629811
-0.021961847,0.0013491384,-0.1430609,0.042323492,0.006177391,0.14330329,-0.035073034,0.0018299936,0.0019449118,-0.16058971,-0.0050534992,-0.024261978,0.004520009,-0.036310215,-0.0010467479,-0.006533095,0.0781768,-0.1858929,-0.083033815,-0.10805532,0.0011170914,-0.039815042,-0.08913978,-0.1335199,-0.028962256,-0.036142856,-0.15065221,-0.32568267,-2.1765447,-1.5397245,-0.24433565,-0.04388435,-0.0014859466,0.029825568,0.00093222765,-0.0023565695,0.02779276,-0.027443742,-0.007920744,0.0044777296,-0.023730714,0.01171971,-0.0051568807,0.0053793555,0.0056222677,-0.00016229182,-0.012288348
0.015769433,0.0026125861,-0.046449766,-0.009158886,0.0066026775,-0.05052564,0.046250686,0.107085995,-0.0077258158,-0.011992388,-0.0017184799,0.023389162,0.017987508,0.11983616,0.0055370466,-0.0070058745,0.05606498,0.124877006,-0.020076925,-0.019177245,0.0073937573,0.0021871515,0.07452319,0.006504767,-0.022443775,0.04532996,-0.3510635,-0.016249895,-2.4931755,-1.837537,0.013842322,-0.016910275,0.0062323376,0.027468076,0.019326095,-0.0013212347,-0.01651864,-0.017741747,-0.004632876,0.006995778,-0.0154403895,0.014787407,-0.05506066,0.009276735,0.0091884015,0.0003220432,-0.009562411
-0.023314467,-0.0146073075,0.018308822,-0.023592524,0.049775675,-0.016040727,0.04870893,-0.02567871,5.0574695e-06,0.01199854,-0.003213435,0.049124785,0.021143466,-0.0057831123,0.017831467,0.028480714,-0.031501483,0.087901495,0.008253952,0.0067544174,0.008513393,0.0018027563,-0.10238916,0.056623567,-0.021858549,-0.06415017,-0.21923815,-0.44835684,-2.3749344,-1.6777978,-0.4068708,-0.041906375,-0.00076115713,0.03197163,0.0046640746,-0.0017973589,0.06122771,-0.018732022,-0.005609202,0.0037791422,-0.021583585,0.008198362,-0.00026329828,0.0055083116,0.0070120324,-0.0002290654,-0.01130572
0.007501087,-0.008887998,-0.015222757,-0.08952379,0.05111278,0.09463405,0.026598264,-0.0014987488,-0.057713293,-0.082159534,-0.0047526895,-0.018082855,0.006206235,-0.0025915604,-0.0037997756,0.012373484,-0.06336501,0.08050548,-0.031334113,-0.06413978,0.004512799,0.001678267,-0.10136882,0.03967453,-0.010211781,-0.07698449,-0.06646527,-0.1777382,-2.5781329,-1.8481797,-0.17778315,-0.038642704,-0.01889278,-0.076367706,0.0015472451,-0.0031769206,-0.015490106,0.072331324,-0.0057351226,0.0049099154,-0.01227318,0.00858641,-0.0002071362,0.0038852673,6.15967e-05,-0.0011047622,-0.009112024
-0.114127174,-0.01077554,0.019229764,-0.092031986,0.040397797,-0.020387046,0.022990689,0.02019952,-0.015026815,-0.063770965,-0.0043912875,0.010600125,0.007592479,-0.039393358,0.04402051,0.003950189,-0.06431838,0.09787871,0.03060101,-0.051676173,0.0031442305,0.0019558526,-0.12059993,0.033049632,-0.01778302,-0.0881589,-0.17603171,-0.20074853,-2.4352787,-1.744506,-0.19879282,-0.032640364,-0.016357552,-0.09333663,0.00042627833,-0.00286018,-0.018944379,-0.01362843,-0.0063769147,0.0040335087,-0.014128753,0.009083899,-0.0010339819,0.0042349705,0.0027925074,-0.0011071814,0.03290873
-0.004983976,-0.07917295,0.057241846,0.09688127,0.018340286,-0.10867028,-0.029664624,-0.006192698,-0.021158993,0.04058654,-0.0012584291,0.09674605,-0.08113484,0.05042561,0.026779456,0.010518507,0.09393356,0.15004976,-0.0021254735,-0.0071889674,0.0077904304,0.0046550333,0.031797547,0.011876394,0.09148245,0.047344323,-0.14507985,-0.03165823,1.3158796,0.98407453,-0.033177678,-0.05223774,-0.005099797,0.02807944,0.022766601,-0.0033539007,-0.013229965,-0.018827034,-0.0059358724,0.010812439,-0.011320065,0.024316138,0.0010180698,0.01311459,-0.26056108,0.00043773255,-0.010455325
0.006123917,-0.015856024,0.057308838,-0.027608292,0.030418126,-0.030646771,-0.008853796,0.005493637,-0.0032405932,0.032398544,-0.0032042444,0.02165066,0.030990494,0.14278787,0.026215374,0.0069446256,-0.023063375,0.06274012,0.030809762,0.020951265,0.005306145,0.0034082083,-0.08139905,-0.22118855,-0.041571826,-0.059684753,-0.18492056,-0.45621413,-2.2487736,-1.5992991,-0.4030197,-0.012700852,0.00963574,-0.06990372,0.0059497664,-0.001747134,-0.020856377,-0.020834703,-0.006961621,0.0051152273,-0.018857379,0.010639009,-0.0009385542,-0.10901254,0.0039357864,-0.00014702365,-0.010036712
0.00092968193,-0.033114262,0.054752257,-0.05305017,-0.06710401,0.14962706,0.050389983,0.021932542,-0.009159961,0.016277127,-0.0036433155,-0.016662093,-0.039339773,-0.037535295,-0.023422563,-0.097958185,0.07566004,-0.45231196,0.05481366,0.0064842226,0.0057551176,0.0025163624,0.029532244,-0.083880216,0.008586152,0.017950172,-0.23826626,-0.02491423,-2.3393977,-1.6616935,-0.006377185,-0.107900925,0.005541372,-0.09730418,-0.19998682,-0.0012702734,-0.012479079,-0.017993182,-0.0059751947,0.003391725,-0.018484531,0.015204535,-0.0015914317,0.006340582,0.0021788005,0.0005863993,0.02650213
0.0027366013,0.026433611,-0.16230546,-0.0129290745,0.0372192,-0.16641265,0.039067507,0.0055357767,0.02768591,-0.005334771,0.02193943,-0.026621839,0.016809857,-0.009311378,-0.05383614,0.0074173254,-0.25168586,-0.47623104,-0.07458474,0.003255523,0.0016480745,0.0016840103,-0.08979625,0.0328997,0.015552754,-0.040618483,-0.09623272,-0.2241464,-2.2343142,-1.6363285,-0.1859497,-0.002040952,0.0019599074,-0.06251603,-0.064930856,-0.0010034705,-0.0131471,-0.022105137,-0.0064830175,0.002291368,-0.01847383,0.011227506,-0.0024716968,0.0048485226,0.0014932423,-0.0001121255,-0.007883049
0.014275711,0.0091129225,0.00087166636,-0.03433198,0.051153306,-0.021791402,0.04323491,-0.013897602,-0.010953228,0.050525073,-0.006900946,-0.026111271,0.012104916,-0.005491429,0.0026129172,0.00051615725,0.06695005,0.14709859,-0.0033923057,0.03844717,0.0081412755,0.001891804,-0.13758112,0.028738534,-0.020386478,-0.075228974,0.2702453,-0.14099935,-2.5752113,-1.8610545,-0.21563576,-0.011947828,-0.025168011,-0.042613696,0.007425879,-0.00056798226,-0.010493783,-0.019896759,-0.00630501,0.004763887,-0.014158586,0.014888905,-0.002918956,0.0057218336,-0.09886096,0.0004313073,-0.012178764
0.01352558,0.0067801736,0.012401042,-0.028052205,0.019032506,0.13955034,-0.017293662,-0.012111538,0.011365925,-0.03779591,-0.00465734,0.0033079505,-0.0022570805,-0.023016308,-3.0357265e-05,0.0044509317,0.13207138,-0.1649373,0.029170038,-0.020903364,0.006767921,0.0020550836,-0.1462687,-0.20083468,-0.009751483,-0.0748222,-0.027179802,-0.14244147,-2.5323622,-1.8522882,-0.18318996,-0.0066526243,0.006471227,0.03226743,-0.009716396,-0.0009303517,-0.00966319,-0.019692773,0.097181775,0.0049536233,-0.016302153,0.00835049,-0.0023721782,0.0043495405,0.004823013,-0.000982386,-0.008760854
0.017781826,0.004391036,0.010502538,-0.0585455,-0.058080986,-0.032791607,-0.16071002,-0.01061837,-0.010046858,0.032030735,-0.0014424404,-0.0050553065,-0.005992735,-0.03974158,0.017903727,-0.034043618,0.07833167,0.1457402,0.015334071,0.01637319,0.007904076,0.002136733,0.036395133,0.013881122,-0.018867126,-0.013029091,0.43048328,-0.05477805,-2.407094,-1.759677,0.0031323333,-0.008760954,-0.0404169,-0.08467613,0.029463686,-0.0018806885,-0.01352221,-0.017628366,-0.0057931608,0.004772521,-0.0131541295,0.014109474,-0.08072778,0.008700778,0.005989176,0.0012998073,-0.008586555
-0.11614238,0.016945349,0.016436514,-0.0938711,0.028388932,0.060324028,-0.010003988,-0.016673772,-0.002026446,-0.04558268,-0.0021970724,0.027036032,-0.0055341944,-0.023781763,-0.049811326,0.034580786,-0.07167962,0.052350473,-0.0035102747,-0.027503286,-0.11253291,0.0018367294,-0.10991315,-0.047837194,-0.015320271,-0.059379593,-0.23728053,-0.061793245,-2.3545058,-1.6625704,-0.01585326,-0.0420883,0.00202339,-0.08357954,-0.17067002,-0.002937444,-0.02724361,0.05621018,-0.005668524,0.0056301504,-0.015084576,0.0063119796,-0.0009034369,0.005565721,0.0014448348,-0.00055686774,-0.009491235
0.02230986,0.021865588,0.06855019,-0.061662056,0.01821875,-0.047920927,0.049195483,-0.029132541,0.013587429,0.04534225,-0.003926005,0.017133582,-0.012924866,0.11816932,-0.020632468,0.04576897,-0.08269767,0.038244843,0.03931299,0.0136120105,0.004097247,0.001938727,-0.0926683,-0.0057049827,-0.020292819,-0.076688536,-0.32758594,-0.05214555,-2.348868,-1.6754274,-0.10697678,-0.040390782,-0.0058509223,-0.0590572,-0.1773922,-0.0029369139,-0.025431216,-0.015684018,-0.0068897097,0.0068845795,-0.014090478,0.006050879,-0.0002502842,0.0044628344,0.001687317,0.00029734347,0.023389852
0.020798273,-0.09079736,0.052886095,0.00695264,-0.022357251,0.0023546186,0.09209953,-0.023393434,0.047287002,0.042913433,-0.00086097483,-0.0045689456,-0.057626203,0.011907254,0.04052125,0.006200043,0.01004823,0.11083714,0.018016858,0.018495709,0.008523629,0.0052239336,0.3154327,0.14904934,0.018110378,0.27541998,0.0015378569,0.038405165,1.241123,0.8906332,0.021097116,0.012777014,0.0016492631,-0.062438052,-0.24384923,-0.0021170473,-0.0114069795,-0.013314527,-0.0036508697,-0.18971847,-0.010344912,0.021547686,0.0055468967,0.012972186,0.007170209,0.00054595113,-0.0069932193
0.0101934895,0.03482626,0.09921361,0.009751821,-0.03226772,-0.1908309,0.027329355,-0.009505497,0.041001473,0.013351764,-0.00061062543,0.05137514,0.036602568,-0.029651439,-0.020400653,0.05441013,-0.25811312,-0.5126534,0.09113336,0.017558265,0.0019369046,0.0024572425,0.20004804,-0.04918518,-0.021640994,0.105942965,-0.02031238,-0.17293641,-2.3553908,-1.7001759,-0.17942072,-0.02728491,0.0068097613,0.04583949,0.008494359,-0.0029011965,-0.011414947,-0.017188217,-0.004629683,0.004815111,0.078309335,0.011291943,-0.0017033913,0.0054154173,0.007762343,0.00027899392,-0.005960639
-0.21915175,-0.008658947,0.08372661,-0.13708398,0.072763264,0.16838363,0.053116005,0.03981275,0.037541706,-0.019591406,-0.0012858356,-0.041240726,-0.05470141,0.009754129,-0.004382686,0.02754786,-0.13649778,0.12826073,0.024514392,-0.018200614,-0.06363515,0.0034609141,-0.08379052,0.010719765,-0.04267599,-0.0043373373,0.048405424,0.50951254,1.2999344,0.8858402,0.34307438,0.0029565832,-0.006539034,-0.17519118,-0.21829341,-0.0028692395,-0.008602716,-0.008673521,-0.005217651,0.0095333,-0.008843537,0.021598188,0.010164361,0.0070828656,0.00033854909,-0.0020475464,-0.011799947
0.012783444,0.04209305,0.10911571,0.058668725,0.04439057,-0.048507463,0.04158998,0.010614533,-0.016388318,-0.035640597,-0.0032905748,0.006875266,0.020140491,0.028185753,0.047743488,0.022043454,0.06269078,0.122181274,0.048039448,-0.027489662,0.0065630516,0.0023217192,-0.17110494,0.05714459,-0.017049002,-0.100663096,0.25521857,-0.20419742,-2.5926318,-1.8642452,-0.26859295,-0.024887247,0.0012205716,0.018416205,0.010941946,-0.0019428639,-0.010367731,-0.018533682,-0.005944489,0.008414756,-0.013482281,0.011135654,0.0011958054,0.0054766387,0.006693776,-0.0008970835,-0.011082651
-0.009946078,0.006068338,0.08684421,-0.055066388,-0.012284438,0.11905578,0.021464234,-0.0062864684,-0.008918859,0.011590051,-0.002737758,-0.017064607,0.019890875,-0.0155206695,0.0011199049,0.020901522,0.09599037,-0.030480934,0.061587427,0.018258471,0.0089710355,0.0018415675,-0.14430192,-0.29046333,0.013715548,-0.070674084,-0.10315076,-0.027297942,-2.4310572,-1.7817426,-0.004024548,-0.068956636,0.005336341,0.034489963,-0.011566508,-0.001486689,-0.011515038,-0.012384429,-0.0059180437,0.0035496324,-0.01663015,0.013580668,-0.0027948483,0.0047235787,0.0055921604,6.316586e-05,-0.009479114
-0.12732178,0.0068842596,-0.02198847,-0.09638781,-0.041178945,0.083324544,0.034529816,-0.020465681,0.005120821,-0.074538454,-0.0063302214,0.002806256,-0.00041159193,-0.04618817,0.011973895,-0.054691475,-0.06397532,0.057633154,-0.01490347,-0.051015705,-0.10346683,0.0017572667,-0.08666321,0.047490828,-0.009598002,-0.07527795,0.022243917,-0.073534094,-2.5143306,-1.7942182,-0.0013395061,-0.035165183,-0.0014417098,0.032104228,-0.002283034,-0.0035980786,-0.01791563,0.07949884,-0.004519578,0.0058303573,-0.012794788,0.011017295,-0.0009655221,0.0054769833,0.005884792,-0.00091456773,-0.009741519
0.0061961445,0.039294463,-0.17114364,0.001603517,-0.06118254,-0.1814472,0.04303402,0.013737231,0.020505363,-0.006614087,-0.0040790355,0.035588805,0.03441128,-0.0471732,0.03441619,0.0075917155,-0.21535389,-0.50260055,-0.08701503,-0.010209957,-0.0018004188,0.0016765513,-0.11020256,0.04008742,-0.013062398,-0.048024613,-0.03599664,-0.028322207,-2.380928,-1.709134,-0.0033122567,-0.0037256386,0.0047930726,0.061542742,-0.0101077985,-0.0010323615,-0.0068411054,-0.019219229,-0.004286137,0.0033383989,-0.011715023,0.009788689,-0.02695739,0.004858417,0.004132895,-0.00013259336,-0.007175704
0.035419673,0.043625526,0.08950906,-0.070512764,0.0038725105,-0.043191865,-0.13753809,0.0031110279,-0.002255121,0.037354257,-0.0024407571,0.025295846,0.014299614,0.020273061,-0.02725078,0.05810252,-0.09988005,0.06571029,0.037190244,0.03254333,0.0073604058,0.0021238734,-0.14670917,0.059508074,-0.11137499,-0.08311526,0.015877817,-0.07282478,-2.4148388,-1.7003502,-0.008382089,-0.049954176,-0.0018572427,-0.05966883,-0.18246996,-0.0043905433,-0.022216178,-0.01821514,-0.006098864,0.007664049,-0.01578926,0.009680315,0.0028004015,0.006425494,0.0036478718,0.00020694252,-0.006836127
-0.24960314,-0.010470847,0.010400884,-0.05676366,0.021271609,-0.026211523,0.059204772,-0.016112577,-0.0014471594,0.05995809,-0.006850852,-0.0372845,-0.040699136,0.022948273,0.017016122,0.00451186,-0.030537805,0.19320938,0.0055631963,0.032727946,0.008425739,0.0030856074,-0.13176338,-0.029940894,-0.031153483,-0.04132015,0.002373518,0.03234533,1.4262906,1.0459766,-0.046365928,-0.07629324,-0.003488093,-0.15382336,0.04504509,-0.0025559578,-0.009448937,-0.022320766,-0.0070596253,0.009863407,-0.009643047,0.028623186,0.0019677016,0.008717833,0.0024371506,-0.018007873,-0.015790557
0.0063657244,0.009113521,0.08093941,-0.045905296,0.060937483,-0.042654082,0.031765595,-0.0039048572,0.008960996,-0.00040852188,-0.0033741556,0.03981824,-0.017862309,0.13983382,-0.018246902,0.059288867,-0.031757664,0.07335491,0.053819,0.029981313,0.0050658286,0.0016134279,-0.09304787,-0.04586023,-0.010000888,-0.07038233,-0.28479558,-0.019765384,-2.4036832,-1.6920745,-0.00092195044,-0.048270322,-0.0031891076,0.023366103,0.0027912757,-0.0014235729,-0.022183293,-0.014754709,-0.0073599434,0.0065163546,-0.016889507,-0.32371852,-8.8487766e-05,0.0058861277,0.005304207,-2.0146566e-05,-0.009115392
0.02450937,-0.022068607,0.010183451,0.048166506,-0.06844436,-0.25554693,0.030844413,-0.04195964,-0.07056795,-0.0076084565,-0.0028023312,-0.0272024,-0.0037017257,-0.029239452,-0.047704186,-0.09189471,-0.30284986,-0.64380884,-0.00798599,0.0028972034,0.0065280464,0.0019149954,-0.039826546,-0.0013192728,0.007081578,-0.027596196,-0.26002696,0.21309713,-2.3477914,-1.6577722,0.18831332,-0.013338438,-0.006533737,-0.07923388,0.01437159,-0.0002805254,-0.009408285,-0.02004582,-0.004595597,0.00626385,-0.012771951,0.011361563,0.0014207608,0.0035231449,0.0021508269,-9.354544e-05,-0.010644681
0.008612566,-0.043378804,-0.15045999,0.033178955,-0.0747374,-0.18568818,0.055707626,-0.0141016515,0.0032232548,0.02151503,0.024974847,-0.033926725,-0.08034618,-0.055069342,-0.059266664,-0.10674762,-0.3048245,-0.53833276,-0.06282004,0.01296673,0.005889418,0.002235203,0.09908373,-0.0128687285,0.025190467,0.04398953,-0.16539915,-0.029526327,-2.2298546,-1.6052881,-0.040426947,0.005820555,0.0015682033,-0.07909504,-0.13762748,-0.0016496327,0.011144712,-0.018930923,-0.0050980183,0.0020024932,-0.0127254985,0.013648469,-0.0032787037,0.0049171923,0.0018738839,0.00018990626,-0.0074894647
0.03993219,0.10876115,0.18056028,0.00026167164,0.108123966,0.012707472,0.03661749,-0.0015169026,0.0989123,0.034035865,-1.0740624e-05,0.10727995,0.07683819,0.010654024,0.011558906,0.09926235,-0.1167946,-0.426523,0.10875832,-0.002501174,-0.06019346,0.0045821383,-0.09577298,0.0043024668,-0.046577692,-0.044116214,0.079624504,0.41849336,1.5814275,1.09857,0.3031441,-0.03538948,0.010500314,0.092809685,0.0058680307,-0.00018481413,-0.07045853,-0.011306663,-0.0036850632,0.00803875,-0.011374824,0.017996438,0.006986169,0.0074734553,0.0072996574,-0.0001933769,-0.010700432
-0.05696587,-0.0034627263,0.07484053,0.051794417,-0.09830265,-0.052958887,0.056117292,-0.015957374,-0.019243285,0.03667483,-0.006857285,0.008518824,-0.014074808,-0.03121619,-0.02756416,-0.1032633,0.06937332,0.10028143,0.033944592,0.023204159,0.0036732745,0.0016808371,-0.122067936,-0.087532066,-0.012352306,-0.085207574,0.007048503,-0.042398613,-2.4414465,-1.7421447,-0.12919408,-0.01287543,-0.005952744,-0.073884375,-0.20385006,-0.0004315232,-0.012726669,-0.022739574,-0.0063055344,0.005058804,-0.012878862,0.011500716,-0.00030365726,0.00575542,0.0024649627,0.00052182685,-0.012146722
0.033698257,0.017111935,0.09342665,-0.035326675,-0.0047218315,-0.009346584,-0.040676355,-0.014347096,0.035586897,0.062181413,-0.0022668676,0.04479466,0.035688367,-0.03423401,0.0015891357,0.01983794,-0.04419287,0.083416894,0.04897537,0.023514245,0.009117203,0.0020253109,-0.14603251,0.054504514,0.0066703744,-0.06897527,0.025500111,0.0044368706,-2.5226576,-1.8261936,-0.10132503,-0.03575753,-0.0052090655,-0.07148005,0.0065158694,0.009580121,-0.012729985,-0.018615011,-0.006275368,0.0074018016,-0.0111619895,0.012289358,0.0011341909,0.0066522798,0.0022293285,0.0004271476,0.027109906
-0.030201668,-0.03470588,-0.14759676,0.00792378,-0.07812322,-0.13712642,0.02502951,-0.05481539,-0.0681523,0.00093293644,-0.0013469948,-0.044512756,-0.036397647,-0.052617285,-0.02176375,-0.0823987,-0.33441415,-0.59317535,-0.08406613,-0.007916976,0.0056717633,0.0013273046,0.054784596,-0.022728607,-0.02235044,0.0323996,0.02496183,-0.0038763343,-2.280928,-1.6449662,0.008026605,0.00013552491,0.003815965,-0.07218461,0.0004824183,-0.001399505,-0.006151125,-0.01790505,-0.0043334784,0.0006547113,-0.0119936345,0.01085298,-0.0064276555,0.0049336147,0.00089809456,0.00012575313,-0.0065395655
-0.0006932192,-0.015343558,-0.004612044,0.04634197,-0.0011410413,-0.054071564,0.06801297,-0.027195146,0.0031421096,0.018443655,-0.0011401036,0.033423122,-0.036795937,-0.030149827,-0.005283123,0.045917466,0.03780577,0.02370193,-0.00344278,-0.011337762,0.00845712,0.0018126179,0.06630514,0.041435968,0.0074190614,0.031723585,-0.2973434,-0.022716666,-2.4280188,-1.7713537,-0.0014274463,-0.0362913,0.0021946216,0.039128054,0.011269732,-0.0022466432,-0.018271694,-0.013518081,-0.005322652,0.0053232345,0.08166209,0.0119594075,-0.0011785686,0.009545518,0.009293058,0.00088476646,-0.00848801
0.06371314,0.033458333,0.04552425,0.080258034,-0.06707665,-0.001955536,0.044183467,0.07461192,0.03499842,-0.038349558,0.023188116,0.06950193,0.0041716914,0.043764133,-0.04203737,-0.0051625688,0.09123575,0.13369307,0.030322013,-0.015341676,-0.10340889,0.0044043725,-0.10244987,0.073818184,0.016228924,-0.063463695,0.14541624,0.32737905,2.1121845,1.5872421,0.2211848,-0.02593134,-0.0030691654,0.03206493,0.02684301,-0.00036598695,-0.0035473916,-0.012139787,-0.0043443353,0.01041231,-0.006247875,0.021180091,-0.16974518,0.007893212,0.0063239587,-4.2012038e-05,-0.009563361
-0.008937245,0.014207055,0.041938934,-0.04524366,-0.03523315,-0.043071218,-0.07136759,-0.005304459,-0.023532003,0.0043913033,-0.004486846,-0.033062458,-0.03617582,0.023244554,0.003290663,0.051438276,-0.068645306,0.069393545,0.020270586,-0.00214541,0.006081317,0.0023919644,-0.10101415,-0.086971834,-0.023096375,-0.05797329,-0.21888123,-0.32780018,-2.3177469,-1.6016537,-0.25142932,-0.035879757,-0.0027551507,0.014119311,-0.0025225352,-0.00217525,-0.020937262,-0.018882025,-0.006596767,0.004042429,0.1265909,0.011239605,-0.0019385683,0.0054025026,0.0057411636,-9.497227e-05,-0.009335155
0.01081858,-0.022038605,0.078314334,0.07945746,0.07291131,-0.039133072,-0.046025824,-0.007716549,0.038071275,0.055988148,-0.00024063724,0.058670603,-0.05042086,-0.008718044,0.015647115,0.033624273,0.0701072,0.13271406,0.05714327,0.003056663,0.008370308,0.0051755137,0.1219356,0.022515675,0.0010030911,0.1164787,0.07044973,0.34383857,2.0969384,1.5627136,0.28181422,-0.021223579,0.004776111,0.0045036064,0.024625115,-0.0016057203,-0.008812016,-0.0104542505,-0.0043832175,0.010190693,0.015786413,0.023422847,0.004209449,0.008600227,0.010611621,0.0007930508,-0.008493965
0.02704642,-0.008542306,-0.053031623,-0.13454972,0.06507613,0.15402883,0.030492935,-0.009446893,-0.007840632,0.050152093,-0.0010394452,0.09978238,-0.08762623,0.050433315,-0.09078204,0.03909294,0.08576651,-0.15945978,-0.047934067,0.03624414,0.009111005,0.0043423427,0.054196626,0.0022092059,0.07840617,0.06741472,-0.15683512,-0.0472993,1.2330837,0.91915166,-0.052454926,-0.0922889,0.019402627,0.10300524,0.03596962,-0.0013416107,-0.030570732,-0.018526882,-0.0057597775,0.01045241,-0.016458998,0.026735766,-0.0012367716,0.011570603,0.014456747,0.00076366204,-0.012352218
0.04173283,0.040631384,0.054886464,0.00080137665,0.00066697254,-0.038620815,0.006738047,0.014796866,-0.048267923,0.036565118,-0.002284424,0.015997356,0.053694844,-0.0077444343,0.03696197,0.031009745,0.020655964,0.12756632,0.037554044,0.029223349,0.0053224918,0.0050870245,-0.036345676,-0.08108937,-0.013147268,0.0029814118,-0.046381358,0.4275962,2.1378787,1.6241002,0.3660031,-0.020025559,-0.001087689,-0.057240732,-0.19242586,-0.0025341623,-0.010502387,-0.0122605385,-0.0040131123,0.008538449,-0.0055072336,0.022726113,0.0049858256,-0.19416109,0.00451894,0.0007868248,-0.010727801
0.0073569356,0.0032951392,0.06800057,0.009865278,-0.05980393,-0.032194704,0.09200382,-0.013758298,0.040118773,0.029688885,0.02334585,-0.03506909,0.071437486,-0.037243377,-0.013843513,-0.07999674,0.046769775,0.118982464,0.035000376,0.017469952,0.007053751,0.006054154,0.2156208,-0.32137507,0.059438862,0.12410361,-0.06843264,0.40911177,1.3032533,0.9259063,0.37000966,-0.02348841,0.006756087,0.12548122,0.037690796,0.000104057064,-0.008297873,-0.015387097,-0.004859481,0.0078094155,-0.007560973,0.030070476,-0.1247695,0.0062335655,0.012062335,0.0006663542,-0.012222195
0.005452062,0.03948681,0.066892296,-0.071721,-0.013947035,0.14827278,-0.038541596,-0.014366525,0.024852322,0.024955083,0.033614367,0.010279612,-0.03393565,-0.010929908,0.010925747,0.053504165,0.08193286,-0.4562416,0.0666843,0.013572843,0.005061783,0.0023496205,-0.09485694,0.067666024,0.02744039,-0.076972246,-0.119137496,-0.034780394,-2.5059779,-1.7728124,-0.005446645,-0.021664634,0.0070245336,0.0131262895,-0.01378991,-0.0015877718,0.0105258245,-0.013851474,-0.0052444804,0.003177669,-0.0153499115,0.012228528,-0.0030292517,0.0054887566,0.00540452,9.4567804e-05,-0.0064860466
-0.026673255,-0.0346759,-0.03013604,-0.03556028,-0.13665009,-0.06063269,0.0039065676,-0.017205222,-0.04453687,-0.3522367,-0.00044241382,0.01775709,-0.0888916,-0.017622197,0.012142491,0.030791309,0.007481346,-0.563617,-0.023951294,-0.29241908,0.00032001597,-0.1020247,0.25424105,-0.052057445,-0.023851557,0.14729525,-0.36771575,0.0070401463,1.2884004,0.903624,-0.0032018207,-0.13170128,0.0026522654,0.013296509,0.01449523,-0.0023302273,-0.009047455,-0.019861232,-0.005380531,-0.17167555,-0.016042622,0.014966676,-0.0021228327,0.007680598,0.007485989,0.000121864585,-0.0103100175
-0.017821405,-0.030109325,-0.14222838,0.03309743,-0.066696815,-0.21105626,0.03811405,-0.058340363,-0.0037817971,0.025636172,-0.003127008,-0.022840528,-0.019302862,-0.048318848,0.0070743044,-0.04663343,-0.2971038,-0.5994302,-0.087743446,0.006155889,0.0038307826,0.0017258883,-0.069571994,0.015267242,-0.024676116,-0.035096634,0.0079433955,-0.009264059,-2.3215442,-1.6701343,0.011191787,-0.0048425305,0.0021461293,0.034056507,-0.00021992347,-0.0018522666,-0.007787863,-0.018212289,-0.00443435,0.002620174,-0.011990822,0.0121991895,0.0067153536,0.0050377776,0.0019429822,9.870693e-05,-0.008602438
-0.0075393845,-0.058515668,-0.16593617,0.037657045,-0.064834185,-0.16051772,-0.0009480747,0.030577693,0.030875232,-0.017339213,-0.048819136,-0.042696625,-0.066904716,-0.062992804,-0.015322753,-0.09775224,-0.2738859,-0.5379974,-0.099770166,-0.017533666,-0.036047947,0.0015757709,-0.11339573,0.015363391,-0.023487922,-0.084876955,-0.13007313,-0.0062138583,-2.2236502,-1.6066089,-0.05247798,-0.0038504354,0.0007108511,-0.08249128,-0.0627034,-0.0007942448,-0.0074207103,-0.0184925,-0.005051232,0.00030659343,-0.0139552215,0.009056796,-0.0028008344,0.0036641797,-0.0002458296,-0.00016914526,-0.009139122
-0.122188054,-0.014813182,-0.12932776,-0.0958193,-0.037576955,-0.07624393,-0.05693981,0.045516867,-0.06061125,-0.021553587,-0.001071061,-0.024361964,-0.07417217,-0.05494632,-0.028299527,0.006229359,-0.051815894,0.18782641,-0.038609583,-0.015454283,0.0074779526,0.005215399,0.19928768,-0.19731782,0.045162205,0.094586596,-0.019862045,-0.082750894,0.15343358,0.083553545,-0.04725237,-0.13063361,-0.0004580242,0.043732386,0.017918976,-0.0056944718,-0.044979766,-0.038879316,-0.0077828676,0.0068336334,-0.010808915,0.01921927,-0.008870288,-0.17302933,0.011032808,-0.00020587367,-0.0072549214
0.018396026,0.009306993,0.06306685,-0.0052674757,-0.016067138,-0.05457384,-0.075829886,0.001095831,0.0059278705,-0.033611055,-0.0032723537,-0.024838142,0.013010833,-0.021014255,-0.04310068,-0.016695067,0.015201856,0.1127791,0.040960312,-0.03362899,0.0067171804,0.002040598,-0.14671375,0.069134966,-0.011227492,-0.091337994,-0.30440536,-0.08313165,-2.4491048,-1.7176598,-0.034841556,-0.07333962,-0.0027343023,-0.07817823,0.0054679285,-0.0018957258,-0.020126676,-0.013405731,-0.00551728,-0.12131398,-0.0133391805,0.011060698,0.0020233912,0.0062239394,0.0028345734,-0.0003441721,-0.011913516
-0.008892269,-0.035242602,-0.2009866,0.0072245356,-0.06362901,-0.17723072,0.021607563,-0.057304744,0.027002037,-0.018952012,0.021345248,-0.045243118,-0.0585696,-0.062129367,0.009739295,-0.08521717,-0.29520854,-0.5984448,-0.10343357,-0.007947531,-0.043918822,0.0017004124,-0.064535365,0.011442306,-0.02279252,-0.050541647,-0.081214875,-0.017099772,-2.2071333,-1.5338414,0.00048522087,-0.009850815,0.0023473182,-0.077364035,-0.0031541463,-0.0022872365,-0.008290853,-0.018456032,-0.004697258,0.0007323114,-0.013169186,0.010762078,-0.0027478482,-0.09143652,0.0013523009,-0.00017927006,-0.008448671
0.0007207684,0.008048961,0.058565255,-0.011808167,-0.05137372,-0.16950205,-0.06525836,-0.067900576,0.03016419,0.0077295755,-0.002814031,0.04111844,3.6635996e-05,-0.058975585,0.021034457,0.0055190683,-0.20052484,-0.48518553,0.06545355,0.01031527,0.00050918985,0.0020501928,-0.12932663,0.039966717,-0.012668364,-0.098961495,-0.061568685,-0.05459968,-2.3778272,-1.694717,-0.023577299,-0.011125601,0.0075920215,0.035693403,-0.006617782,-0.002172275,-0.008836474,-0.0134888,-0.00542659,0.0032199463,-0.014879804,0.010308737,-0.00037404403,0.00493363,0.0038639149,-0.0066322866,-0.007691908
-0.021693444,-0.009271779,-0.108654775,-0.05401016,-0.08351725,-0.044285275,-0.14775985,0.036521737,-0.0031926716,-0.03718103,0.017666942,-0.023090947,0.004741089,-0.022431703,0.0040714066,-0.087060995,-0.04158433,0.06465998,-0.04193975,-0.019408373,-0.052407634,0.0022544176,0.026299877,-0.08902548,0.003866464,0.020102872,-0.13037124,-0.44757986,-2.2397308,-1.5572227,-0.37458408,-0.05361834,-0.0020644825,0.03508119,0.014261299,-0.0031307305,-0.016383082,-0.026318502,-0.0053924527,0.0025373013,0.09902303,0.009620603,-0.0030134693,0.004514883,0.0062671606,-9.325374e-05,-0.008172251
-0.032693505,-0.0019307988,0.053720407,-0.00674881,-0.046609603,-0.042987145,0.021441795,-0.0060519613,0.0128777055,0.032602746,-0.0013110258,-0.049423672,0.033610433,-0.023949161,-0.039816745,0.02472166,0.061435614,0.13290204,0.030585978,0.015687516,0.010611154,0.0055048293,0.256407,-0.3598251,0.023712337,0.19970854,0.42594442,0.0837684,2.0760725,1.5782679,0.08467091,-0.105924,0.005312031,0.073231354,0.03100905,-0.0018895576,-0.0059358533,-0.010676153,-0.0038387242,0.008860893,-0.009035487,0.028618727,-0.06604478,0.010958352,0.012942232,0.0008279493,-0.0052141855
0.015843859,-0.041531146,-0.14357513,-0.03436228,-0.054580763,0.13632798,0.007871957,-0.03146443,-0.041236706,-0.046331305,-0.0068430463,-0.029543156,0.0025223424,-0.01851964,-0.00075208716,-0.06076316,0.05041055,-0.14492702,-0.09395027,-0.026119174,-0.05580623,0.0021579629,-0.15762892,-0.14108208,-0.0022844148,-0.08513774,-0.21046682,0.28598723,-2.356455,-1.690135,0.22802843,-0.057883345,-0.013456586,-0.06305044,-0.0042443434,-0.00034765343,-0.011489288,-0.01813345,-0.0062788078,0.005202814,-0.009475097,0.012084374,-0.028455991,0.003603767,0.0005568489,-8.992092e-05,-0.011109079
0.029807068,0.015144402,0.084885746,0.071578346,-0.09264171,-0.01960248,0.017188724,-0.011702094,-0.037071344,0.037566524,-0.0046420726,-0.050050393,-0.049387224,-0.016192975,0.073163636,-0.085325316,0.11062029,0.23076935,0.065391876,0.019356074,0.012391682,0.00380428,0.0637057,-0.39657047,-0.035140168,0.030031838,0.62428963,0.103030466,1.4674301,1.0269958,0.13487898,0.022169178,-0.044764083,-0.13612854,0.03704936,-0.0005767015,-5.892018e-05,-0.01873406,-0.004119079,0.006477667,-0.009292687,0.02975031,-0.0016689547,0.010992765,0.0073791607,0.0010550536,-0.011342815
-0.008574629,-0.01800837,0.040213607,0.005708683,0.033738326,-0.026510485,-0.016355846,-0.018006314,-0.016706891,0.022942942,0.030670011,0.038516555,-0.009629987,0.00032745354,-0.03429899,0.040572096,0.023429148,0.11018249,0.035257373,0.020120647,0.0050643496,0.0023206708,-0.05521924,0.0592786,-0.05029229,-0.051460702,-0.30596125,-0.21237786,-2.3163896,-1.6624435,-0.19247751,-0.025974233,-0.0074326904,-0.09140873,0.0031751038,-0.0016449743,-0.025099078,-0.017260581,-0.0080385525,0.006218801,-0.017920136,0.012430134,-0.0014300967,0.0071705766,0.0036875017,-0.00531199,-0.008838828
0.002106908,-0.00852862,-0.015112191,0.07326459,0.045362864,0.12854366,0.00052844966,0.036924057,-0.013759984,-0.06593519,-0.0057844264,-0.02498942,0.029014632,-0.047177494,0.05451934,0.0067831776,0.052673925,-0.12414845,-0.017387575,-0.04907766,0.0029464213,0.0014307979,-0.15982825,0.057626117,0.0152749065,-0.07323738,0.032358613,-0.014793973,-2.483243,-1.7869099,-0.08838511,-0.08078962,0.0021698908,0.032701306,-0.0009415604,0.00025712943,-0.010985965,-0.01704657,-0.005861718,0.003324736,-0.012313268,-0.30240965,-0.0012929233,0.0044575026,0.0034849122,-0.00016906347,-0.011024838
0.004902,-0.009888099,0.0055879923,0.020325476,0.020175148,-0.061365277,-0.09071201,-0.013503988,-0.019305972,0.015695257,-0.0012770916,-0.030713951,-0.0012635052,-0.012825287,-0.024490146,-0.014419431,0.04881098,0.072573334,0.009326051,0.023037063,0.006521517,0.0035918334,0.13626248,-0.014846957,0.03917426,0.09719626,-0.24443123,-0.52252996,-2.3134398,-1.6086193,-0.42383477,0.0061566583,-0.0034380788,-0.074496284,-0.18735632,-0.0016653831,-0.018213434,0.089329675,-0.004855773,0.001518294,-0.015644973,0.010861513,2.210948e-05,0.0064489306,0.00092687097,0.00043092488,-0.006904249
-0.027129432,-0.021559015,0.07072128,0.05802927,0.01115928,-0.022242371,-0.10542859,0.009903762,0.004782248,0.01436228,-0.003929754,-0.011007707,-0.007223735,-0.022496872,0.009760318,-0.022986883,0.0580554,0.14795299,0.029641222,0.025276748,0.004190522,0.0027786272,-0.07712509,-0.08096115,-0.048797417,-0.048460573,-0.33614486,-0.3052529,-2.2930434,-1.6109976,-0.2738989,-0.039875027,0.010275923,-0.07005797,0.01494418,-0.0013229204,-0.02163147,0.11518486,-0.00610373,0.0034566938,-0.017335067,0.010497107,-0.001166121,0.006315449,0.00289156,6.17541e-05,-0.011448134
0.002825908,-0.01689706,0.067585036,0.016568268,-0.0036713402,-0.023012523,0.05320654,-0.020336678,0.015316719,0.03513841,-0.0034087289,0.04414084,-0.00040557617,0.02228351,-0.07248806,-0.0028439972,0.04741735,0.0548359,0.044981636,0.015394823,0.003495727,0.002497313,-0.11273473,0.01794383,-0.036957517,-0.08418013,-0.25741267,-0.54224694,-2.351341,-1.7110884,-0.448554,-0.02522942,-0.008828221,0.015645182,0.0019634247,-0.0011317929,-0.017362436,-0.019508108,-0.0059909024,0.003282357,-0.020507652,0.01024047,-0.0011842202,0.0061983215,0.007299169,1.9144594e-05,-0.010780541
-0.059597496,-0.07323252,-0.20873234,-0.029694583,-0.036966495,-0.15001412,-0.009217473,0.0030459706,0.010265173,-0.008487943,-0.0031460617,-0.049876474,-0.06889607,-0.032103162,-0.018013222,-0.08932804,-0.26643595,-0.5202934,-0.123513445,-0.008575833,-0.05098669,0.0015547384,-0.107815415,-0.0031785667,-0.025417367,-0.06158976,-0.19946663,0.19775411,-2.1980188,-1.5725769,0.14989068,-0.01852142,0.0012046671,-0.09075934,-0.08430654,-0.00090866414,-0.008405174,0.07293147,-0.004919798,0.0029211498,-0.01194109,0.009603401,-0.003920801,0.0030840863,-0.00097019103,-4.025535e-05,-0.007810555
-0.0016168074,0.017759694,-0.0629659,-0.046052065,-0.056252077,-0.19528864,-0.010026366,-0.010788587,-0.010213388,-0.036960937,-0.0029347974,-0.009332628,0.030311972,-0.052250806,-0.024396766,-0.008068279,-0.24828386,-0.5926143,-0.030341703,0.0034123866,-0.0013839258,-0.029096827,-0.081938796,0.009678249,-0.025223223,-0.041251667,-0.028664699,-0.028368153,-2.3800209,-1.671068,-0.015461476,-0.0069428463,0.003985178,0.029765042,-0.00091331446,-0.002132421,-0.009023314,-0.020155132,-0.0047443057,-0.086982936,-0.014098717,0.009494976,-0.0036257666,0.0042071966,0.0029903667,1.3834155e-05,-0.009151191
-0.019755935,-0.020024333,-0.16671006,-0.0009923492,-0.057936415,-0.2067339,-0.019374559,-0.05623662,-0.03964553,0.015373064,-0.05376025,-0.040959742,-0.034712404,-0.07489671,-0.016366404,-0.06622125,-0.29940122,-0.61669713,-0.09579567,0.01088948,0.0035293049,0.0015951974,-0.11380301,0.037431523,-0.028032476,-0.09587117,0.011538686,-0.012443961,-2.2685487,-1.6287398,0.010176928,-0.009821278,-0.018230552,-0.06967243,-0.0077564865,-0.0018575222,-0.0071537336,-0.016418295,-0.0047162906,0.00022535316,-0.011249972,0.010209223,-0.0046174154,0.0044764383,0.0006012311,0.00014022214,-0.007936203
-0.016743409,-0.033171017,0.027884597,0.035996854,-0.050774906,0.07332388,0.048225783,-0.024466192,-0.058883704,0.028350635,-0.0057548,-0.011465479,-0.0068710563,-0.025727496,-0.004853753,0.005783384,0.05623591,0.0005111779,0.014092624,0.011502074,0.0053768847,0.0019909884,-0.13062413,0.079703614,-0.03246214,-0.06852516,-0.025851823,-0.24769309,-2.389021,-1.7411647,-0.19837494,-0.023613099,-0.02258219,-0.06730446,-0.014743548,-0.0017330153,-0.021050947,-0.017696746,-0.005765966,0.0034409713,-0.017734293,0.008999208,-0.0017123029,-0.11095863,0.0038726376,3.0886946e-05,-0.010695547
0.009724252,0.035732593,0.047299165,0.0012218792,-0.04992253,-0.022303592,0.016888786,-0.010917059,-0.04691325,-0.059893705,-0.0031505593,-0.03224445,0.014634534,-0.036662888,0.021375434,-0.03525307,0.033390455,0.12515338,0.040918905,-0.015367499,-0.07456618,0.002649214,-0.15487261,0.061212763,-0.00034031706,-0.10260262,-0.38914692,0.2516981,-2.555936,-1.8134737,0.2223692,-0.038152076,0.0033986531,-0.04304608,-0.00079826184,-0.00051298516,0.0055698087,-0.015162763,-0.006086556,0.0072149644,-0.010430123,0.013536627,0.0021901834,0.0042280513,0.0019528695,-0.00010231885,-0.011149701
-0.012083318,-0.040792976,-0.1324914,0.042710446,-0.029612651,-0.18761612,0.00235098,-0.020712506,-0.03861341,-0.011279087,-0.0040440178,-0.034622733,-0.07786158,-0.02988089,-0.018752672,-0.07571476,-0.2689618,-0.57076126,-0.088186406,-0.015157597,-0.050323527,0.0015663618,-0.12880088,-0.12162064,0.018929066,-0.090934046,-0.1871902,-0.030536594,-2.189429,-1.5246571,-0.009785343,-0.0051116026,-0.010165407,-0.07779632,0.00039374948,-0.0011161665,-0.00999982,-0.019000603,-0.005574524,0.0017913519,-0.013954605,0.00963932,-0.0031962383,0.0043898863,0.00043331055,-0.00023459205,0.055711083
-0.16322617,-0.011120421,0.08301509,0.04358355,-0.050116856,-0.052526888,0.012424617,-0.00080450583,0.014977048,0.041332524,-0.0005726571,0.038954925,-0.06502347,0.03127606,-0.07013298,0.0256748,0.089398965,0.16818775,0.027865795,0.028290734,0.0074349726,0.0044766087,0.032355025,-0.33446425,0.031336702,0.033058133,0.6027896,-0.013098853,1.291333,0.93068236,0.014972972,0.0053797206,0.00479984,-0.16143158,-0.2753275,-0.0032965115,-0.05605528,-0.016145328,-0.004318559,0.008493753,-0.012924277,0.022522703,0.00026114704,0.010132034,0.0072611775,0.0002503277,-0.010275378
0.0031902362,0.048670616,0.103031404,0.0522935,0.053614903,0.14916913,0.012092782,-0.012998733,0.03306359,-0.0058498187,-0.0010629283,0.0067725633,0.028364133,-0.006904631,-0.006489878,0.009809186,0.08127646,-0.4430172,0.071516335,0.0035895659,0.0035588131,0.0021700298,0.12288497,-0.041104097,0.040936742,0.0491611,-0.10137743,-0.014205323,-2.4847457,-1.8161919,0.016299497,0.0016573949,0.010098042,-0.08665554,0.019564452,0.006781593,-0.016237672,-0.01687795,-0.005172283,0.009344985,-0.017660178,0.0136702545,-0.052469604,0.008163908,0.0060016033,0.0007082283,-0.0068904813
-0.004638302,-0.03219157,-0.14090562,-0.0150374165,-0.042722926,-0.17886473,0.04304673,-0.012948117,-0.028871467,-0.0057849986,-0.0031539812,-0.044778842,-0.059079565,-0.05759104,0.008133934,-0.07210437,-0.26496467,-0.5618866,-0.087428875,-0.009541772,-0.046560362,0.001551893,-0.12392086,-0.12517129,0.005338475,-0.096460216,-0.18157119,-0.03290371,-2.1280923,-1.4708551,-0.0058315517,-0.05296711,-0.012542206,-0.082931735,-0.0033402578,-0.0010679518,-0.0092806835,0.09848127,-0.0054289945,0.0008340929,-0.012705345,0.010146794,-0.0020022152,0.0046318197,0.001177996,-0.00014824515,-0.0074660867
-0.011598913,-0.013487092,-0.012146491,-0.12910624,-0.04559861,0.2353921,-0.0038920366,-0.016541986,0.03838367,-0.08836868,-0.0010254832,0.040451713,-0.08273604,0.04294566,-0.06574835,0.030589612,0.08580761,-0.16972774,0.024330324,-0.0824267,0.003980509,-0.08800554,0.31860062,0.1284123,0.013135065,0.22797799,-0.45964158,0.019124392,1.2725893,0.8993778,-0.0039211772,-0.11221876,-0.0020631163,0.06756427,0.011531689,-0.0007182153,-0.010018388,-0.01844323,-0.0046680057,0.008700551,-0.014976613,-0.49059948,0.0012203334,0.0076554506,0.008311627,1.8130393e-05,-0.010576948
0.003812558,0.0048491214,0.07384406,0.026037196,0.083356895,-0.09805468,-0.03778515,0.0010264695,0.01965635,-0.015789725,-0.0009127123,-0.0036265699,0.005481037,0.0057269786,0.014897946,0.012629851,0.0752654,0.1778489,0.055243067,0.003526252,0.0104272105,0.0033464273,0.18497762,0.07498205,-0.050357893,0.09103886,0.69459444,-0.0466949,1.4097434,1.0009966,-0.037706144,0.010948225,0.003368632,-0.09195051,-0.24752599,-0.0018090961,-0.008521885,-0.010754743,-0.0033381747,0.0045291516,-0.010565522,0.026902717,-0.17094623,0.010930653,0.0073623625,0.0006224732,-0.008920366
0.026543131,0.024559245,0.038554557,0.07861623,0.08441722,-0.0099501945,0.023373611,0.018932289,-0.0077457265,0.04759099,-0.005113194,-0.010828086,0.05238804,0.01753183,0.04048672,0.04710165,0.081971556,0.08241587,0.03963647,0.05089666,0.014162505,0.0030373666,-0.13411155,0.031185111,-0.036404002,-0.060337316,0.6380275,0.0822862,1.5102636,1.0619892,0.12923989,-0.014017749,0.0045147534,0.05344866,0.0028561885,9.746743e-05,-0.000587305,-0.008806683,-0.0047754333,0.0066194558,0.04104157,0.027836114,0.0011721756,0.008773847,0.010289122,0.00015310064,-0.013625501
-0.09629101,0.00091078697,0.048531737,-0.060437568,-0.068358585,-0.033327345,0.056276582,-0.04182543,-0.04719943,0.0053537507,-0.0022642384,0.025656156,-0.060584843,-0.063346595,-0.07096906,-0.04652785,-0.0504295,0.1726294,0.022834374,0.014915423,0.012735418,0.0022165864,-0.10854256,-0.3323982,-0.026972527,-0.08652399,0.57997054,0.08799741,-0.08866622,0.0056564654,0.08834422,-0.092327654,-0.013922008,0.10145274,0.003960209,-0.0030536805,-0.042577468,-0.032065812,-0.0064350804,-0.113334596,-0.009513557,0.019185612,-0.0074307425,0.00670084,0.0069150934,-0.00068296515,-0.008575277
0.008672786,-0.027493477,-0.15954095,0.008799257,-0.07338617,-0.20956494,0.033838913,0.011851654,-0.061940834,0.01818953,-0.0033087586,-0.030622859,-0.05426707,-0.0681323,-0.00069502584,-0.09151928,-0.33143362,-0.5981742,-0.09939139,0.012405866,0.004647653,0.0017278261,-0.08236262,0.028979396,-0.0355857,-0.06305201,-0.12156429,-0.012709858,-2.2424586,-1.6003934,-0.03849142,-0.01217653,-0.015349078,-0.0802327,-0.002005332,-0.0012587071,-0.008569612,-0.019347183,-0.0055552595,0.0015466971,-0.012067066,0.01253082,-0.0044457237,0.004733792,-0.00030712626,-0.008511465,-0.009430506
0.02939352,-0.029372334,0.1374421,0.0339005,-0.0064086667,-0.20972389,-0.026759265,-0.020240035,-0.09561628,-0.013824672,-0.001189349,-0.039877325,0.021055074,-0.04185775,0.0026535755,-0.02149549,-0.24573036,-0.5549715,0.096875876,-0.012281971,-0.044210467,0.0020210112,-0.1021811,0.019701969,-0.001340825,-0.062380124,-0.24358827,0.24978381,-2.3602262,-1.6591097,0.19733709,-0.027771432,-0.015299903,-0.07627158,0.0074315122,-0.0005414462,-0.0078102257,-0.014626433,-0.0051934263,0.005020968,-0.011917744,0.0113087315,0.003682276,0.0035239714,0.00090571924,-4.3967906e-05,0.047177505
-0.035383847,-0.027810562,0.033767108,-0.14250766,-0.122130364,-0.1853793,0.116537236,-0.030891439,-0.0035338302,-0.062253032,-0.0011584412,0.005313411,-0.10001107,-0.041826926,-0.00621195,0.023624074,0.035778124,0.1024609,0.02917395,-0.05159402,0.008823702,0.005982642,0.17455873,0.12988551,0.08972186,0.1397945,-0.36932972,-0.03574387,1.1617153,0.83256596,-0.014671714,-0.028708234,0.0052784714,0.11846408,0.012846625,-0.0021494252,-0.018196618,-0.010793072,-0.0048206733,0.004967571,-0.015571661,0.024242898,-0.16073687,0.012127201,0.01490524,1.24963435e-05,-0.010351729
0.0034560345,0.036118846,0.087528765,-0.04628045,0.03969852,0.09880622,0.019385593,-0.02712848,-0.019608505,-0.031784605,-0.0018232632,0.039544974,0.009981621,-0.02538253,-0.011199239,0.007827057,-0.03905176,-0.069867864,0.04663027,-0.023909692,0.0054319403,0.002188623,-0.124378495,0.007266313,-0.023272762,-0.045859415,-0.37110066,0.30650312,-2.442836,-1.7473538,0.20655176,-0.02205075,-0.013242941,-0.07056752,0.0074496157,-0.0009335416,0.035583317,-0.014155963,-0.0063471026,0.0088372035,-0.01136361,0.013412617,0.0035040486,0.0038310338,0.003920082,-0.00015003156,-0.011968543
0.01595366,0.02580819,0.076193355,-0.052945875,-0.048839398,0.093016855,0.044300325,0.026543714,-0.010745508,0.015717482,-0.004616866,0.022582348,0.028465508,0.11020053,0.016269993,0.012610018,0.056581125,-0.03449968,0.04215644,0.016343398,0.007967441,0.0019367749,-0.118538626,-0.041971583,-0.08846887,-0.045569073,-0.3758004,-0.0196278,-2.4199762,-1.7948673,-0.02753657,-0.059368864,0.0037060988,0.03076627,0.009275063,-0.00048612157,-0.015694961,-0.018301662,-0.0067414218,0.006520799,-0.018092593,0.017209241,-0.05533864,0.006914097,0.006814362,9.104128e-05,-0.014363425
0.032007,0.0007887941,-0.020651415,-0.066847526,0.036707927,-0.025526244,-0.009859692,-0.0037807694,0.007749439,0.03405706,-0.002214273,0.00251065,0.011067373,0.011400316,0.026310287,0.0025252134,0.07447045,0.058935244,0.017642142,0.01639971,0.004279609,0.0029915716,0.08114558,0.06297968,-0.03457867,0.008986086,-0.40371716,-0.07758587,-2.5078642,-1.7796667,-0.07438055,-0.024834184,-0.037973966,-0.08440175,0.0045533665,-0.0016981452,-0.019576978,0.08606927,-0.0050712912,0.0053402367,-0.014344146,0.012087288,0.0010388306,0.0070130345,0.0038960269,0.00073737896,-0.010210188
0.012070297,0.012458815,0.046163984,-0.014321097,0.019752646,-0.061541196,0.048411842,0.0076556536,0.028406847,-0.07078594,-0.0032497512,-0.016460247,0.024618715,-0.03820451,0.067466915,0.007373866,0.008059333,0.13034408,0.028150102,-0.03853144,-0.113274515,0.001673016,-0.07051622,-0.020040534,-0.013132491,-0.021728655,0.07018578,-0.017600434,-2.546974,-1.8028734,0.003832546,-0.09141804,-0.0037869688,-0.070427634,-0.117533796,-0.0023442348,-0.018266626,-0.013005124,-0.005772467,-0.14258616,-0.012984596,0.009692741,-0.0005959316,0.0057550957,0.0018708035,1.8736762e-05,-0.007941164
-0.011365123,0.017078234,0.0035280436,0.020192737,-0.0007073134,-0.0580698,-0.07897326,-0.006928367,-0.018331293,-0.026806593,-0.0009943234,-0.03818324,-0.023655428,0.033328686,-0.017412504,0.049301915,0.024472073,0.06929674,-0.00442986,-0.042566717,0.0039421567,-0.028984226,0.029450368,-0.09964234,0.026782094,0.0070139095,-0.25166422,-0.518657,-2.1626227,-1.5429564,-0.47008568,-0.05605006,-0.006058671,0.0063996743,0.0074827564,-0.0022690017,-0.01923899,-0.02219268,-0.005873941,0.0034202721,-0.018870307,0.0090878215,0.00015315475,0.006305466,-0.17006502,0.00013030856,-0.0064116423
0.019174049,0.008104595,-0.19596428,-0.06720819,-0.07981582,0.14324848,0.008163387,-0.021514334,-0.004512787,-0.07073521,-0.005043618,-0.03948283,0.011121547,-0.044593662,-0.03935409,-0.025831096,-0.06048658,0.036514353,-0.10556743,-0.0419722,-0.077215895,0.0020297489,-0.16926132,0.02085037,-0.023804244,-0.08223166,-0.3607156,0.22682314,-2.4420562,-1.722319,0.16637993,-0.054564983,-0.002052175,-0.054347318,-0.010006858,0.0064325887,0.034048013,-0.018044118,-0.0058271075,0.005928381,-0.010246272,0.007341233,-0.0020466957,0.0037930396,0.0012966046,-7.743353e-05,-0.012670422
-0.016152153,-0.052685965,-0.20539594,0.034283176,-0.060797647,-0.18443514,0.014511345,-0.052188113,0.019325115,-0.010530121,-0.003178347,-0.04507965,-0.05685693,-0.04832967,-0.009383534,-0.08930619,-0.3063151,-0.5503424,-0.1030919,-0.00816363,0.00077436154,0.0014992048,-0.10892147,0.0028860008,-0.020595778,-0.052184656,-0.085487016,-0.015240742,-2.2355893,-1.5549817,0.0039067795,-0.0075156074,0.00065945357,-0.06692665,-0.075903125,-0.0006831335,-0.008291764,-0.018370051,-0.0049653514,0.0015994066,-0.013867391,0.010426797,-0.0031485588,0.0044432348,-0.048977792,-2.334626e-05,-0.00808569
-0.05561443,-5.7941463e-05,-0.008583599,-0.018482666,0.053245265,-0.03567576,-0.0507904,-0.0019280313,0.0019704099,0.018169627,-0.0009868826,0.02348424,0.0040904633,0.029624641,-0.0050848275,-0.0015181607,-0.015940174,0.10334021,0.0030582214,0.025339292,0.005551463,0.0033970273,0.18209289,-0.028294915,-0.04433439,0.13094631,-0.07137413,-0.16805945,-2.5797472,-1.8451989,-0.15627392,-0.01580606,-0.00025076064,0.039964855,0.006737312,-0.0029360212,-0.015205879,-0.014589366,-0.004703415,-0.14938685,-0.011205386,0.013089459,-0.0029541396,0.005070578,0.0083511695,0.0007517428,-0.008949093
-0.082355194,0.0007113062,0.0808435,-0.11097427,-0.110474184,0.1259511,0.029283958,-0.023441613,0.022225644,-0.03904589,-0.00022511798,0.028925827,-0.00349719,-0.003184683,-0.024262719,0.009100115,-0.08806482,-0.016805194,0.061421614,-0.015200573,0.004011783,0.0021427637,0.10873561,0.057258658,-0.017146967,0.10448256,0.06545167,0.34672764,-2.5333638,-1.8841151,0.26402485,-0.042182483,0.008769637,0.046884056,0.010618732,-0.006953668,-0.014164,-0.01335145,-0.00488117,0.006727737,-0.009187026,0.010871164,0.001365758,0.0035143143,0.0069238055,-0.00015191517,-0.009365507
-0.15868607,-0.012382452,0.059089404,-0.061511613,0.013443275,-0.04940473,-0.05459487,0.05414056,-0.0012373273,-0.01865132,-0.0018646807,0.04210773,-0.08756608,0.11476116,-0.08099654,-0.019705815,-0.11221993,0.08212295,0.03662957,-0.019044599,-0.0428455,0.0025158837,-0.10063619,0.026662637,0.033470124,-0.002242321,0.10515133,0.5072628,-0.42284337,-0.20630014,0.3223589,-0.030267049,-0.0065413583,-0.09983229,-0.22524288,-0.00248951,-0.052217986,-0.027947517,-0.004676063,0.006461668,-0.007467892,-0.3486438,0.006255471,0.003843852,0.0063433745,-0.00021848183,-0.008364078
0.02162652,0.021439891,0.008287453,0.028224513,-0.06260645,-0.039315186,0.051526263,-0.0077316533,0.0080672875,0.0394517,-0.0014556189,0.00015837817,-0.000636576,-0.047363516,0.0035540988,-0.011637272,0.068321146,0.13002963,0.010207828,0.03354803,0.0069034966,0.0024926136,0.07226714,-0.054570902,-0.006882214,0.03746286,-0.04393581,-0.16854922,-2.6034236,-1.9185169,-0.16181289,0.009638563,-0.005820831,0.029571738,0.015217397,-0.0022734122,-0.013260937,-0.021336766,-0.0052429005,0.006094011,-0.011564448,0.013565352,-0.0038886787,0.0054019205,0.0087559745,0.0004636016,-0.00926693
-0.0003819138,0.02991612,-0.048466686,-0.0123445755,-0.09374099,-0.091520615,0.056233294,0.049798764,-0.018865582,0.054471705,-0.0007147977,0.02252286,0.03452858,0.103771485,0.03938246,0.054821245,0.07860335,0.18746458,-0.017866896,0.052074134,0.005894789,0.0043688808,0.23010775,-0.091813296,0.124360174,0.120218284,-0.12871224,-0.34252462,1.1008363,0.77760875,-0.3108752,-0.023024192,-0.0040845303,-0.11455131,0.03431085,-0.002700396,-0.016643567,-0.016673965,-0.0045224535,0.01007145,-0.013209893,0.022444388,0.0003513941,0.012480017,-0.19027783,-0.0006565057,-0.014418489
0.028346429,0.00578036,0.038929295,0.022662275,-0.039113667,-0.017756118,-0.019028647,0.020869602,0.0023474654,-0.026579686,-0.0016635761,-0.033841807,0.02247153,-0.025533449,0.0023109815,-0.057543103,0.08514073,0.19678627,0.027651105,-0.012855187,-0.116996445,0.005647814,0.20119666,-0.20431575,-0.012999041,0.1901867,0.43171313,-0.052554224,2.0794048,1.5458994,-0.009962097,0.011028845,0.005076146,0.03950722,0.033587694,-0.0032450345,-0.004969636,0.07461269,-0.003179839,0.0087743625,-0.0073332824,0.023597984,-0.0010374446,0.010328558,0.01218203,0.00056462147,-0.007019666
-0.001090488,-0.042007726,0.048471928,-0.009363234,0.041670043,-0.042252637,0.060044605,-0.012410528,-0.013928995,0.03437092,-0.005529743,0.020975389,-0.04548372,0.12381227,-0.05895405,0.026572568,0.028654164,0.033805035,0.0059310496,0.025821276,0.007852041,0.0015840126,-0.13745984,0.057856806,-0.08450271,-0.107516974,-0.34216398,-0.035683963,-2.4108965,-1.7654487,-0.035372954,-0.052626356,-0.0031125841,0.030716924,0.019122146,-0.000627924,-0.018164279,-0.015504695,-0.0071352497,0.007984643,-0.017551841,0.014559516,-0.06720531,0.007844192,0.007872673,3.6795915e-05,-0.011716327
0.007020329,0.0060853106,-0.006421565,-0.003928662,0.036734786,-0.045370944,-0.022683281,0.095418915,-0.018996138,0.02167106,-0.0012658552,-0.012972462,0.00062201696,0.14478676,0.0039487206,-0.010961814,0.027194412,0.104015,0.011969061,0.004474072,0.00796109,0.002879489,0.20133507,-0.08604479,-0.036891337,0.124104045,-0.23534335,-0.36626062,-2.2680173,-1.5609235,-0.34593678,-0.012319822,-0.0009508661,0.028097555,0.011617474,-0.0015590591,-0.017029034,-0.016355956,-0.004457553,-0.12126742,-0.014172843,0.011019789,-0.0014194924,0.006180433,0.009701476,0.0003427069,-0.008357529
0.03421158,0.041671343,0.09977081,0.07438328,-0.081099875,-0.07735596,-0.063646354,0.018356552,0.01829615,0.038300496,-0.0011998422,0.05856007,0.06783998,0.058588717,-0.019989785,0.038375203,0.0906361,0.19003358,0.054332,0.025517903,0.009325692,0.0038414327,-0.060155928,0.10831357,-0.026863778,0.003933831,0.6672573,0.059754603,1.2929227,0.9889814,0.12511568,-0.035888806,0.0017289468,-0.1402485,-0.1771552,-0.0011223528,-0.004553327,-0.012663352,-0.003919849,0.009487928,-0.01015782,-0.56108606,0.0055742497,0.0070040864,0.00622407,-9.577508e-05,-0.008911589
-0.014779508,0.02092019,0.043041606,-0.08305732,-0.13231215,-0.053762518,0.020501412,0.0012726777,0.0009332381,0.019775623,-0.0010618406,-0.009509176,-0.022816485,0.13054167,0.03666312,-0.0058010854,-0.06889143,0.06830221,0.024140071,0.016100407,0.0066055446,0.0016894173,0.010112739,-0.06395891,-0.029065175,0.0014638181,0.0687929,-0.078724965,-2.38932,-1.7440655,-0.059412878,-0.028060043,-0.03669414,-0.079647146,0.020364232,-0.0058185067,-0.0148564605,-0.01901061,-0.0054974477,0.0064976523,-0.011961324,0.013790951,-0.004355355,0.0074955802,0.0049068886,0.0004479998,-0.0082480535
0.024579208,-0.050416846,-0.0010176533,-0.008728497,0.037077643,0.110895455,0.0077892304,-0.023715558,0.015072107,0.034561336,-0.0051754545,0.0048045055,0.006568913,-0.043327875,0.021920195,0.017611561,0.022308027,0.028372042,0.017785033,0.022945117,0.009423259,0.0023018767,-0.1590516,0.013161264,-0.013581382,-0.1017336,0.25359517,-0.1666057,-2.6360688,-1.9166058,-0.21102463,-0.031354915,-0.0012416639,0.012453984,-0.0025063273,-0.0035319636,-0.012461681,-0.016780293,-0.00612164,0.0065316386,-0.012153681,0.009876677,-0.0025913916,0.0055771633,0.00606331,4.798694e-05,-0.011232226
0.0011799596,-0.029125802,-0.12953852,0.042292755,-0.05624618,-0.009505342,0.018082818,-0.008809683,-0.0040522455,-0.045243084,-0.008809004,-0.01763896,0.011543245,-0.02021457,0.007166009,-0.060649026,0.07270876,0.14896528,-0.040629346,-0.03969867,-0.06288071,0.0015816898,-0.109311074,-0.21275584,-0.017487457,-0.047282655,-0.01848342,-0.16404341,-2.4261718,-1.771921,-0.19317417,-0.07689244,-0.014489773,-0.05025427,-0.0032548,-0.0014192008,-0.009519609,-0.020696195,-0.006012844,0.0037587057,-0.010586279,0.00943894,-0.004271451,0.0044145547,-0.074159645,-0.00094620796,-0.011540652
-0.099241614,-0.03353601,-0.03592417,0.09803996,0.03350388,-0.043634824,-0.0007963838,-0.04034296,0.012326376,-0.0605124,-0.010674453,-0.04123995,-0.080637924,-0.021141192,-0.04744352,-0.06569003,0.091717675,0.118610635,-0.05881418,-0.030593766,0.00412908,0.0027439382,-0.22926697,0.025723713,0.011973448,-0.1242105,-0.20643105,-0.19835867,0.87446445,0.69324124,-0.21183625,-0.049308453,0.0012212617,-0.100311406,0.0033592687,-0.0015549872,0.08065991,-0.0273027,-0.006852714,0.005040447,-0.012111127,0.01898114,-0.0037331623,0.007364599,0.001525629,-0.00062336365,-0.012130993
-0.014583789,-0.04991649,-0.18136595,0.032021526,-0.06959842,-0.16227025,0.0064015896,-0.050910827,0.025208047,-0.00772075,-0.0036660754,-0.040592056,-0.06460325,-0.04885253,-0.019035086,-0.090405576,-0.26958242,-0.5355566,-0.09410781,-0.008042059,0.0014762139,0.0015484306,-0.12853196,0.030971244,-0.019734291,-0.07442605,-0.06738074,-0.0124158235,-2.235746,-1.5574327,-0.061848763,-0.011007715,0.0037928121,-0.074454814,-0.06814436,-0.00074606814,-0.008091453,-0.017129537,-0.005097861,0.0016014874,0.094488226,0.010594742,-0.002914758,0.0040508243,0.000498057,-0.00019479342,-0.008097148
-0.050603103,-0.02853517,-0.1527499,0.023739276,-0.030521302,-0.065078266,0.038144317,0.0043422794,0.013153202,0.009551504,-0.003116526,-0.0016047334,0.0008298615,-0.029398069,0.04980617,-0.0038737538,-0.2507279,-0.43747437,-0.03132451,0.0031253137,-0.0026213177,0.0021408992,-0.123298705,0.005257813,-0.031062102,-0.055172145,-0.13815981,-0.27662873,-2.2263927,-1.5378443,-0.21309082,-0.022778463,0.001913122,0.04709069,-0.0036515577,-0.0019851075,-0.0120298145,-0.018543718,-0.006193933,0.0017763409,-0.020085128,0.011388754,-0.004546053,0.004786244,0.0040566153,-9.943045e-05,0.03748026
0.016214723,-0.00861487,0.10173317,-0.018341877,0.057198845,-0.05375828,0.040949818,-0.020628734,-0.024273783,-0.046862174,-0.003730981,0.021876886,0.03812091,-0.027720252,0.021929296,0.03476798,-0.02567668,0.099608526,0.062526286,-0.023451786,0.007208264,0.0018008098,-0.13154157,0.01294115,0.015333763,-0.084181644,-0.18322195,-0.19264355,-2.516297,-1.7924486,-0.1870582,-0.028682921,-0.0031526997,0.031048236,0.008670292,-0.003463655,-0.016321292,-0.01616515,-0.0072423886,0.0059668487,-0.016218867,0.010055781,-0.0032136994,0.0060608443,0.0031795418,-0.0016246994,-0.00931598
-0.008544078,0.009561411,-0.0033314703,0.02808939,-0.010999069,0.043283567,0.078488335,0.0040855478,0.014413823,0.00052826316,-0.0014224715,0.0119183455,-0.016743857,0.12873255,-0.0007171152,0.04333476,0.06698767,0.027229572,-0.04180048,0.008135278,0.005988914,0.0020953862,0.1454247,-0.08924017,-0.053619627,0.13887474,-0.052735627,0.0053785075,-2.3384924,-1.745434,0.031057207,-0.012914089,0.0031453543,-0.08201021,-0.2401791,-0.0023313856,-0.013838936,-0.011094014,-0.004747202,0.004811881,-0.015097919,0.010866472,-0.0035670386,0.008402427,0.008192102,0.00043073995,-0.006940217
0.0077229314,-0.04331241,-0.1457467,0.037702072,-0.055581726,-0.1681763,0.035559677,-0.049048014,0.023078185,-0.0073045176,-0.0033167237,-0.017751541,-0.06290153,-0.046423733,-0.05783407,-0.0807581,-0.27944738,-0.51366496,-0.07958863,-0.0020090542,0.0010122872,0.0013296265,-0.09012242,-0.13869442,-0.028091531,-0.049664862,-0.11850213,-0.014412763,-2.2009757,-1.5618716,-0.051816437,-0.004174149,0.0013660355,-0.078446984,-0.057374828,-0.0005549534,-0.00849617,-0.019369507,-0.0048838947,-0.068383306,-0.013920858,0.008860257,-0.0038489965,0.0038849972,-0.0016886551,-0.00018754289,-0.009664672
-0.011620712,0.029326951,0.057817824,0.029933581,0.012469688,0.13524112,-0.037465293,-0.006264356,-0.021030067,0.013653291,-0.0016921656,0.03579266,-0.0293271,-0.04136104,-6.7917244e-05,0.04640328,0.07595622,-0.29572874,0.06138256,-0.006086979,0.0010846521,0.0029685814,-0.11928183,0.043491185,-0.059355997,-0.110566035,-0.18078049,-0.43601584,-2.3375082,-1.6458651,-0.37380907,-0.03225113,0.0012010036,0.033845752,-0.0009507937,-0.0010364243,0.029691672,-0.022258822,-0.006430655,-3.3008935e-05,-0.022234421,0.010585218,-0.0008687605,0.0049365424,0.006686887,-8.5020714e-05,-0.010895369
0.020157514,-0.009649773,-0.20924865,-0.010894958,0.042191252,0.13947384,0.06508062,-0.018361935,0.013287125,0.055531956,-0.0067543974,-0.03788375,0.0039454643,-0.028883416,-0.008285318,-0.00272861,-0.0025793535,-0.040822078,-0.06759622,0.023287063,0.0050234655,0.0014084465,-0.15858427,0.0040709344,0.0042541223,-0.08195035,-0.02057662,-0.021584874,-2.4503233,-1.7399111,-0.10241223,-0.07400764,0.0046741096,-0.078834146,0.0043829125,0.0077724936,-0.014988054,-0.023031889,-0.0061394195,0.008096398,-0.011924449,0.014761321,-0.0014498383,0.005645594,0.0031222547,0.0006210777,-0.013363521
-0.0100884605,0.029061783,0.06291286,-0.02093196,0.032097984,-0.04695254,0.006229967,-0.022726286,0.00021898054,-0.03802937,-0.003542684,-0.03224107,-0.04336285,-0.027990237,0.00791493,0.045794554,0.046565123,0.12250137,0.05127254,-0.030539967,0.0043134415,0.0020361042,-0.13887444,0.074394874,-0.029008184,-0.07988647,0.27294496,-0.18173589,-2.4357655,-1.7571297,-0.26204604,-0.0959825,-0.01512477,-0.0620485,-0.0015726562,-0.00032777543,-0.013222944,-0.019013882,-0.0071363826,0.006226886,-0.012888657,-0.28893244,-0.00033664983,0.004817581,0.0026271476,-0.00020706201,-0.009539481
-0.022739423,-0.032824807,-0.17694196,0.043809485,-0.074291565,-0.17908141,0.00983593,-0.011389762,-0.023076596,-0.015056309,-0.0033020067,-0.027023451,-0.07099866,-0.04030172,-0.024053246,-0.07779412,-0.2851656,-0.57999504,-0.10283116,-0.021535255,-0.04272402,0.0017032825,-0.1435278,0.01581283,-0.02150303,-0.08868452,-0.12110222,-0.012950886,-2.2558844,-1.5820721,-0.050415035,-0.013502471,-0.009232852,-0.07587641,0.0018542758,-0.00072509743,-0.009003085,-0.019584542,-0.0055255773,0.0010254949,-0.012362594,0.009674557,-0.0020584906,0.0039143697,0.00013261529,-0.00024341834,-0.009532404
0.047346164,-0.022516957,-0.003065148,-0.089473404,0.08633447,0.27057666,-0.1819313,0.015729565,-0.036843896,0.06172238,-0.0011516289,-0.015304233,-0.056857307,-0.041857816,0.039548445,0.026081689,-0.07064943,0.051223613,0.044427358,0.009433063,0.005535442,0.003683894,0.12045937,-0.07077183,0.04322388,0.06156746,-0.008771243,-0.18802218,-0.301828,-0.17652035,-0.16664994,-0.109696634,0.004211875,0.04873977,0.0014360552,-0.0050722207,-0.046949103,-0.03446897,-0.0061705424,0.0077680987,0.045197986,0.013532839,-0.007139422,0.005870256,0.009698041,4.5450724e-05,-0.00790748
-0.016659021,0.012895039,0.037359633,0.052155994,0.04995584,-0.06046589,-0.050522648,0.0013262845,-0.008764089,-0.016660329,-0.0011156313,-0.041133095,-0.01658333,-0.016132457,0.007786665,0.009052874,0.05097044,0.104698524,-0.004295353,-0.014835513,0.0057976935,0.0016335947,0.039864186,-0.048633877,-0.03219285,0.034038827,0.2699452,-0.20845115,-2.5556965,-1.8796744,-0.19835633,-0.08880846,-0.0026627467,0.0416423,0.012037932,-0.0011039342,-0.010092126,-0.014305323,-0.0050739106,-0.12371507,-0.01126696,0.010773166,-0.0020517714,0.0053715124,0.007156211,-0.00025869688,-0.0073325187
0.0007410132,-0.03642482,0.079370186,0.011969849,-0.028258326,0.1197848,-0.0065243603,-0.004618964,-0.0088127535,0.037306968,-0.0036252404,0.0090774875,-0.038076412,0.019403778,-0.01961501,0.03357367,0.045856822,-0.017980674,0.046072938,0.012595466,0.0076325797,0.002113164,-0.16877274,0.049122944,-0.02822988,-0.15457016,-0.15679999,0.017866649,-2.499635,-1.8327509,0.04846726,-0.03211683,0.004337258,0.013505467,-0.007304902,-0.0010897729,-0.014642896,0.050490968,-0.005523566,0.006554547,-0.019728083,0.0117059015,-0.003989127,0.0064492277,0.0069415397,9.485474e-05,-0.009805245
0.029997464,-0.0007600931,0.121923216,0.055245016,0.0040427777,0.07424212,0.01803621,0.15692042,0.011731445,0.04188316,-0.0028288593,0.041676458,0.036139835,0.15577023,0.04441197,0.04159747,0.056801468,0.0594731,0.084081,0.041226357,0.0074979924,0.0025866572,-0.11057846,0.0076941736,0.0019220338,-0.08897498,-0.031411253,0.005670934,-2.479972,-1.8003991,0.008396247,-0.0056655584,0.001524805,0.03203465,0.011963214,-0.001585865,-0.0096967155,-0.00915379,-0.0054611685,0.008416283,0.065150194,0.016593685,-0.0015329088,0.005480716,0.0074916244,0.00015688945,-0.0100022005
0.004602533,0.009639068,0.032260727,0.03168019,0.039939716,-0.054712247,0.021596177,0.024695797,-0.0076906784,-0.06387107,-0.0038737871,-0.03235156,-0.0030775138,-0.042908452,0.045809038,0.0120061,0.054104272,0.1075446,0.033986572,-0.049127523,0.0047465465,0.001957003,-0.09785155,0.008973452,-0.007525582,-0.02890848,-0.02853952,-0.20966618,-2.5295234,-1.8720739,-0.22098468,-0.09933596,0.0011070567,-0.07627072,-0.11172052,-0.0014800126,-0.011943843,-0.017827502,-0.0061961,0.0048919525,-0.011950961,0.009701294,-0.0010212503,0.004518536,-8.302827e-05,-0.0005528605,0.025415927
0.0054547396,-0.06473653,0.10229491,0.053396337,-0.061159823,-0.06870593,-0.092447095,-0.010529217,-0.028152587,-0.025750916,-0.001136023,-0.039042775,-0.042142645,-0.0016603709,0.0455776,0.026235046,0.04930628,0.11048733,0.05989444,0.00848398,0.007981253,0.0043426766,0.34333915,0.18933344,0.07304692,0.25163203,-0.025421595,0.045742456,1.3790596,0.9503183,0.0070389775,-0.09824215,0.0101704355,0.07002289,0.033068985,-0.0021322584,-0.011099336,-0.01099826,-0.0049767755,0.0061342577,-0.008957343,0.026295971,0.004293642,0.011046423,0.010314954,-0.032119885,-0.0078737205
-0.027117077,-0.014212831,0.0005588836,0.0007583737,0.011098379,0.117688015,0.0418227,-0.011545702,-0.047379743,0.027462509,-0.00190629,-0.015244949,-0.0012466644,-0.048437472,-0.0071213045,0.027365977,0.080911964,-0.3476966,0.019981107,0.0052580046,0.005156628,0.0019950962,-0.055378884,0.015983742,-0.023481397,-0.03669411,-0.24935439,-0.43023086,-2.266977,-1.5966421,-0.4354546,-0.019596742,-0.029141953,-0.0711822,0.00874314,-0.0013068393,0.03774087,-0.019050227,-0.007119525,0.0041977637,-0.020339364,0.012205839,-0.0018918994,0.00473854,0.0042242096,5.825339e-06,-0.010153685
-0.013654213,-0.018440835,-0.12525159,0.012212765,-0.053641926,-0.06916572,-0.039607134,-0.014077097,0.022165636,0.006350002,-0.0010299818,-0.03295407,-0.034305353,-0.03274633,-0.027520211,-0.08869536,-0.19501287,-0.42187977,-0.0837405,-0.0025185302,0.00064942264,0.0015854805,0.029273853,0.0067916354,-0.021393623,0.03952158,-0.18538025,-0.25728613,-2.1343718,-1.5790248,-0.1900002,-0.056774877,0.0036061564,0.0558033,0.0028384372,-0.0013286986,-0.009402274,-0.024675015,-0.007887654,0.0010316278,-0.016269263,0.012473281,-0.016521676,0.0044948393,0.003769604,3.3737735e-05,-0.008855208
-0.028557675,0.009906935,-0.16534702,-0.07922048,-0.0058428934,-0.07774477,-0.014087171,-0.05624852,-0.04317591,0.017996706,-0.0026853175,-0.029173689,-0.007848658,-0.048971552,0.015299741,0.043812733,0.0040310654,-0.49914488,-0.083647996,0.013254886,0.0042464593,0.0017263063,-0.08030349,0.04897451,-0.031014912,-0.05302078,-0.056361616,-0.20054114,-2.1930354,-1.5691282,-0.1722202,-0.045230474,-0.03564567,-0.04460957,-0.018448252,-0.0019974678,-0.011904803,-0.01834242,-0.007047177,0.0021066982,0.0972592,0.012075201,-0.0050955988,0.003997587,0.0021154052,1.1879742e-05,-0.008154527
0.0076591107,-0.027657365,-0.15942326,-0.027113903,-0.07670758,0.13660958,-0.011067317,-0.037408262,-0.06466489,0.018686568,-0.0016685545,-0.036990706,0.0014217352,-0.044045884,-0.012717927,-0.10362333,0.08125166,-0.56362486,-0.11070624,0.018405618,0.0045367745,0.003384292,0.062122405,0.046873324,-0.024947796,0.022693492,-0.25807732,-0.03858356,-2.299874,-1.633818,-0.020638095,-0.092670426,-0.045545537,-0.094222024,0.0021985022,-0.0019645984,-0.012629183,-0.023926042,-0.0065415157,0.0018822419,-0.01684053,0.013205685,-0.005099632,-0.11564888,0.001738575,0.00050760846,-0.009596595
-0.04844781,0.010663196,-0.019041896,-0.03843392,-0.017927948,-0.045694366,0.050917093,0.0013996676,-0.013326952,-0.023173261,-0.004685826,0.026587268,0.0018464185,-0.0011813627,0.07679643,0.029866515,-0.007931162,0.11506236,-0.00085256697,-0.009009563,0.0078932615,0.0014560897,-0.064978294,-0.029515905,-0.012628687,-0.027636487,0.009388454,-0.33383417,-2.3523018,-1.6870698,-0.23274335,-0.02836096,-0.0035675154,-0.04886641,-0.10743806,-0.0027949694,-0.021234281,0.0955208,-0.0055145477,0.0051496304,-0.016625658,0.0124116205,-0.0035453718,0.006629975,0.0012859472,-0.00014520247,-0.010119489
0.0020547325,-0.04268969,-0.13780618,0.01073698,-0.07149622,-0.14991534,-0.0318928,-0.005173115,-0.058829527,-0.028033786,-0.0039745118,-0.03950695,-0.0677819,-0.05647557,-0.015460902,-0.108226836,-0.27382103,-0.52071714,-0.08929985,-0.022411486,-0.048125375,0.0015957415,-0.06338796,-0.14567775,0.0041075083,-0.053545184,-0.113231555,-0.004256114,-2.1633818,-1.5680668,-0.040650535,-0.05564085,0.0041979523,-0.0890663,-0.0047266125,-0.00030522887,-0.007778407,-0.01889207,-0.005565083,0.0008054667,-0.012641218,0.010672934,-0.0014764379,0.0037425181,-0.00047763626,-0.0002155243,0.039486304
-0.014448586,-0.029739326,-0.16742538,0.037555072,-0.079224825,-0.19824289,0.011372843,-0.040673517,-0.057041444,0.015535299,-0.0038786465,-0.03951782,-0.059376627,-0.06782007,-0.0026806218,-0.08563989,-0.2979692,-0.5828768,-0.10158557,0.010782376,0.0018642141,0.0017304204,-0.1378297,0.0053138956,-0.023373233,-0.081848785,-0.087670766,-0.006774473,-2.2441678,-1.5644083,-0.04228286,-0.017172301,-0.013615986,-0.07287015,-0.0027463825,-0.0008138615,-0.0082282955,-0.017974237,-0.005322578,0.0022881688,-0.0126798935,0.0114842355,-0.003788523,0.0041928748,0.000675328,8.264149e-05,-0.008614052
0.021043783,0.026573492,0.061711833,-0.008507894,0.031924907,-0.057807162,-0.11185571,-0.0022464492,0.025833037,0.0008914738,-0.0029790606,-0.023642037,-0.008850877,-0.03737708,0.032200556,0.008811573,0.03890463,0.10374359,0.03756711,0.004865855,0.0060033547,0.0019520529,-0.067150414,0.07437128,-0.041417208,-0.038650956,-0.37325788,-0.2535994,-2.280659,-1.6154585,-0.19785906,-0.016234724,0.0022297136,-0.053193767,-0.0629631,-0.0012467926,-0.02458894,0.103383824,-0.006391152,0.0023320627,-0.019848766,0.009588376,0.00079037383,0.00593943,0.0014295938,7.277511e-05,-0.008154553
0.017228547,-0.06419482,0.07783284,-0.025471041,-0.033921234,0.21534242,0.059796188,0.00615494,0.01559349,0.03426291,-0.00082298217,-0.017381288,-0.013329828,0.013256372,0.026642598,-0.00075167237,0.00063014025,-0.11642974,0.04942527,0.047801692,0.012779157,0.005398017,0.3226411,0.099176615,0.104941174,0.22575098,-0.066494495,-0.034303963,1.4324123,1.0219768,-0.040088188,-0.009552423,0.017264549,0.08423191,0.020556647,-0.0036539289,-0.011024612,-0.0067608533,-0.0041046278,0.007508175,-0.009746311,0.02575455,0.0015857673,0.012020818,0.0141819725,0.0014277493,-0.007466071
-0.0009008374,0.0036936968,0.019614358,-0.009867861,0.032005217,-0.041737314,0.042416003,-0.009078452,0.014812184,-0.031741068,-0.0036412657,-0.021305855,-0.032364007,0.01569909,-0.02219274,0.036121495,0.008772266,0.1006957,-0.0057179104,-0.018570282,-0.12772834,0.0016645967,-0.11483704,-0.04901217,0.009936171,-0.0736136,-0.34791148,-0.047530655,-2.4548702,-1.7824916,-0.021996908,-0.010431267,-0.0029749493,-0.049590766,0.0064984295,0.001956689,-0.02251021,-0.014145336,-0.0061744633,0.007207646,-0.016395671,0.0066306936,-0.0016085656,-0.16005033,0.0023135939,-0.00034034203,-0.009552766
-0.08143874,-0.022329248,-0.010946586,0.0032520841,0.020289617,0.002183867,0.048904203,-0.005186144,0.0010802918,0.007908169,-0.0010781342,0.040256437,0.0002498916,-0.0027938343,0.014483387,0.04079085,0.0020385755,0.029411027,-0.028630245,-0.0023940655,0.0064600524,0.0019505761,0.04901815,-0.21759069,-0.012664674,0.028830176,-0.18730511,-0.025839884,-2.3594582,-1.6938598,0.00013541,-0.048915442,0.0017968963,-0.1058144,-0.20347787,-0.001836993,0.06886073,-0.012590053,-0.005023797,0.004374602,-0.01524825,0.012459888,-0.002315313,0.008145552,0.0033492835,0.00023377064,-0.007049597
0.012136034,-0.028524581,0.028594773,0.11175621,-0.10418589,0.23734225,0.06976697,-0.014814101,-0.008430393,-0.046115488,-0.0008518207,-0.029104361,-0.030554224,-0.008089344,-0.041916177,0.046796948,0.08181571,0.089666404,0.0023473953,-0.0343757,0.008699053,-0.11146291,0.4068238,0.14454,0.08303545,0.31091002,-0.04165048,0.055705454,1.252764,0.8696744,0.010032788,-0.0247266,0.0010764393,0.034515835,0.03342084,-0.0035477832,-0.05505609,-0.012903816,-0.004440124,0.009100372,-0.010250061,0.02370963,0.0023971181,0.011725639,0.014330814,0.000115766445,-0.0113679925
-0.00834545,-0.03875019,-0.15756384,0.045710962,-0.045137025,-0.20487857,-0.033697687,-0.05318528,-0.05530375,-0.015282261,-0.0032033243,-0.03285559,0.0062537137,-0.07589759,-0.005859869,-0.07310358,-0.301565,-0.6178226,-0.08954499,-0.017578172,0.002708406,0.0015217075,-0.109947264,0.02543177,0.010825946,-0.08752027,0.0035344346,-0.020793082,-2.318592,-1.6337302,-0.00048527741,-0.009177282,0.0031250692,-0.073318206,-0.0059384527,-0.0017889008,-0.0071051763,0.09725071,-0.0044054957,0.00039153727,-0.0117195565,0.00893418,-0.0010682165,0.004293872,0.00021444754,-8.7146414e-05,-0.006958265
0.027778506,0.011438216,-0.0076937783,-0.054423794,0.0632651,-0.009000461,0.0763444,-0.0016248012,0.010515735,-0.16219021,-0.0015448106,-0.014509351,0.002070267,-0.035597235,-0.006847663,0.0041888645,0.08066505,0.03866874,0.011743232,-0.1332687,0.008127166,-0.054835834,0.2854126,-0.02867286,0.025663357,0.19716634,-0.19223015,-0.021216968,-2.413303,-1.7278852,-0.031360712,-0.012076241,-0.00045074924,-0.055333167,0.023354776,-0.0017670634,-0.015633484,-0.017580321,-0.0044263587,0.0059639737,-0.01374107,0.014641601,-0.00087994855,0.008122098,0.0065792683,0.000927961,-0.009502024
0.028565226,-0.022005692,0.022193993,-0.03804288,0.043740675,0.19073,-0.06722774,-0.019401118,0.037338037,-0.00089425594,-0.0017562907,0.029807827,-0.009314908,-0.013161034,0.009616285,0.039042145,0.09261803,-0.32109475,0.017821833,1.0558415e-05,-0.12772074,0.004996807,-0.08163063,0.009741556,-0.027632922,-0.048883166,-0.19549197,-0.03583405,2.196681,1.7270682,0.006005005,-0.031304553,0.012875864,0.06287017,0.006522551,-0.0014251994,0.022820903,-0.012460746,-0.005430739,0.006420703,-0.015372023,0.020327592,0.0027592343,0.011566004,0.008083508,0.00039432937,-0.0095996475
-0.019668523,-0.010388655,0.034108877,-0.059937004,0.044085346,-0.04244199,0.0028273931,-0.02513995,0.05116331,0.040769495,-0.08404556,-0.032644574,-0.018188372,-0.030070918,0.030211642,0.07532453,-0.037847113,0.09027178,0.013047013,0.014751223,0.0068231933,0.0014961447,-0.08535435,0.061234992,-0.03587166,-0.08025521,0.054193497,-0.24884708,-2.313264,-1.6904157,-0.1773491,-0.03446018,-0.002138268,-0.042521365,0.006829564,0.025962856,0.05322731,-0.015872486,-0.0057401014,0.0031233712,-0.015430625,0.009885641,-0.0011696386,0.0062043723,0.0050775064,3.7842623e-05,-0.009399997
-0.01567143,0.0032109485,0.047944862,0.03989866,0.015596958,0.123210914,0.05552293,-0.0019363429,-0.007547401,0.04033535,-0.0045403447,-0.00050113624,0.00028639915,0.12807679,0.01103773,0.006255175,0.07387113,-0.052544206,0.04413943,0.029107768,0.01006218,0.0021342298,-0.12529351,-0.053331915,0.0015164614,-0.11058712,0.057173606,-0.04524032,-2.4855056,-1.7879994,-0.021922998,-0.019958518,0.002228397,0.05726106,0.009669604,-0.0010115742,-0.013285165,-0.017626671,-0.0054955757,0.005786199,-0.01735068,0.016950386,-0.00044981373,0.007274798,0.009226278,8.843708e-05,0.04144806
0.047495596,-0.0060537728,0.07440216,0.08974186,-0.014828616,-0.104967274,-0.12901723,-0.1189664,0.011807323,-0.07530599,-0.0012639721,-0.029324748,-0.0072628316,-0.18839075,0.05413568,0.017076107,0.05945878,0.23887207,0.056675237,-0.002602675,0.008648079,-0.05311019,0.09731695,0.027702322,0.038476124,0.042177588,-0.046798673,-0.030237306,0.11851536,0.14862117,-0.014501659,0.029156622,0.005286143,-0.08158382,-0.16386855,-0.0040052393,-0.051190667,-0.030477215,-0.0056032385,0.002752623,-0.014749499,0.015375514,-0.004486707,0.011355995,0.0036949737,-0.030826908,-0.0068962984
0.003409605,0.0071785906,0.010115477,0.055254716,-0.014173559,0.17888124,0.05386505,0.019807037,-0.015213899,-0.008436238,-0.0056772428,-0.038273647,-0.044134784,-0.026033113,0.013303328,0.026755048,0.041176446,-0.17749523,0.010108334,0.0053869593,0.011504641,0.0014825602,-0.14022848,-0.052603647,-0.038649302,-0.08944747,-0.31147665,-0.012242003,-2.5162868,-1.8255585,-0.017449727,-0.016142746,0.0061843027,0.006176496,-0.008137108,-0.0009984454,-0.014332457,-0.014174484,-0.005838035,0.004998322,-0.018533658,0.011918384,-0.003960185,0.006820495,0.0059018116,-0.009160658,-0.01097659
0.012142093,-0.011202998,0.060198437,0.05094491,-0.0007762076,-0.06494974,-0.0038146276,-0.014537339,-0.015804162,0.03224943,-0.0013026698,0.00076071493,-0.044018336,-0.010897558,0.026314702,0.04432939,0.05681471,0.08887213,0.028973134,0.02299474,0.004637653,0.0020407932,0.12014533,-0.109821886,-0.052952126,0.13217841,-0.18719946,-0.031564854,-2.31495,-1.6293845,-0.015679782,0.0035694821,0.003399742,-0.10381054,-0.20447573,-0.0029084724,-0.019085305,-0.0127915405,-0.0055123987,0.0032101765,-0.014792827,0.008175005,-0.0023733156,0.009607286,0.0041575427,-0.030344179,-0.006241349
0.010940278,-0.0630894,-0.1846443,0.047938265,-0.08670579,-0.17613009,0.046386406,-0.003616598,-0.03230241,-0.020070279,-0.004202378,-0.04672973,-0.042792793,-0.032694966,-0.017101392,-0.081021145,-0.2553903,-0.6049472,-0.10007279,-0.019179437,-0.06357865,0.001587503,-0.079290904,0.022817513,-0.015816392,-0.028444357,-0.10413541,-0.05044665,-2.2320807,-1.5382992,-0.04006784,-0.053073112,-0.012646709,-0.076866806,0.0010324253,-0.0010022263,-0.009715253,-0.020666072,-0.0050690416,0.0026663633,0.07834544,0.011104689,-0.003661166,0.004515339,0.000758171,-0.00020860354,-0.007848892
0.01464946,0.0331601,0.05809789,0.03302829,0.00995971,0.06036009,0.021338256,0.0024310783,-0.0038577162,-0.06388853,-0.005111047,0.025172394,0.028787352,-0.033128314,0.009766613,0.028025018,0.038587697,0.0007633512,0.03319169,-0.05242001,0.008270307,0.0018757028,-0.17469217,0.026093032,-0.0131792,-0.08071124,0.209077,-0.20310098,-2.561107,-1.832776,-0.24883533,-0.029671177,0.0059590386,0.016638476,-0.012380618,-0.0015095473,-0.011207708,-0.014123021,-0.005378233,-0.12427588,-0.012394422,0.008344506,0.0002281001,0.004366609,0.0055413856,-0.00053795177,-0.011034639
-0.0078776125,-0.0595694,-0.18041734,0.0057218284,-0.05793024,-0.14583935,0.022902368,-0.045576856,0.012980973,-0.016281791,0.026548367,-0.05119242,-0.06656744,-0.05523737,-0.01752241,-0.08541881,-0.24452129,-0.5185917,-0.09262885,-0.011891926,-0.0006606508,0.0015250845,-0.11198037,-0.044914793,-0.018514661,-0.046674185,-0.07920463,-0.009567173,-2.1514568,-1.5082368,-0.055847958,-0.005334974,0.0018249367,-0.075232215,-0.064328395,-0.0005527019,-0.007874866,-0.01977539,-0.005096189,0.0011091625,-0.014045399,-0.23399095,-0.0032171777,0.0034095098,6.450635e-05,-5.2918906e-05,-0.00787254
-0.020109503,-0.03446625,-0.16307689,0.047284056,-0.0784691,-0.18328181,0.010136505,-0.045504067,-0.070978805,-0.015074782,-0.0028967755,-0.037978113,-0.007903819,-0.07710518,-0.053333726,-0.09340998,-0.311991,-0.57907075,-0.09260036,-0.00030336578,0.0019368794,0.0017832217,-0.076994635,0.008788463,0.010459206,-0.060754064,-0.11854976,-0.008126297,-2.27179,-1.5934594,-0.038532544,-0.048431773,-0.014195462,-0.07645051,-0.00033663723,-0.00025391317,-0.008657395,-0.018351855,-0.005199777,0.0018828382,-0.013758916,0.010706771,-0.003864929,0.003892112,-0.0012160626,-0.00018389084,0.046787698
0.031842977,0.01935211,0.090609744,-0.071627006,0.04835875,0.14564967,0.05177495,-0.0025761456,-0.03638578,-0.03616546,-0.002245384,0.0019462158,0.0032473153,-0.01108883,-0.0098848045,0.0065975003,-0.08952141,-0.13372096,0.049247168,-0.043749288,0.0032232455,0.0020030423,-0.15123859,-0.21387948,-0.017075863,-0.11370727,-0.38069648,0.20729622,-2.4183016,-1.7000781,0.15850744,-0.03994154,-0.002020485,0.021891981,-0.0035958046,-0.00251653,-0.016641082,-0.013293006,-0.0058751595,0.0066324915,-0.012947817,0.011103791,0.00029007092,-0.07960355,0.0043482715,-0.000267042,-0.009916668
-0.006593575,0.0033921932,-0.0004425997,-0.015533771,0.04978444,-0.026565736,0.033567525,0.015883915,-0.00018645528,-0.018812377,-0.005448524,-0.023924852,0.019229213,-0.014375759,0.019641746,0.0049579805,-0.0047536283,0.10186759,0.0028341867,-0.02103226,0.007659657,0.001852401,-0.107863605,0.028015822,0.011849713,-0.06192312,-0.07880598,-0.19073738,-2.634276,-1.9062295,-0.1776414,-0.009039695,-0.0019201528,0.030430963,-0.0013538499,-0.0037417926,-0.014309492,-0.013897895,-0.0054876236,0.0048042517,-0.011707352,0.009522597,-0.0036215337,0.004268051,0.005449384,-0.0038612278,-0.009458651
-0.019483428,-0.031476118,-0.14387223,0.03926581,-0.07591087,-0.19355822,-0.007975655,-0.05146075,-0.05749371,0.020341756,-0.0034460488,-0.047548696,-0.0508717,-0.066591285,-0.004737112,-0.084320135,-0.2990669,-0.5528206,-0.09166622,0.013785941,0.002198626,0.0017164069,-0.07514288,-0.17563212,-0.026568325,-0.05389797,-0.10004358,-0.010918839,-2.1972935,-1.5405364,-0.047476437,-0.044289954,0.0015935468,-0.07831393,-0.003084694,-0.00020629773,-0.00755486,-0.01887846,-0.0056011835,0.0017617852,0.0897331,0.012091465,-0.002499985,0.0039204974,0.0004614338,1.915099e-06,-0.009262613
0.01402357,0.01218359,0.036619306,-0.0050324053,-0.08466097,0.120728016,0.0037558058,-0.0050354023,0.044242613,-0.01493708,-0.0034651812,-0.015199203,0.0168663,-0.045171544,-0.011695241,-0.036015566,0.016737523,-0.014342518,0.045658194,-0.006144239,0.0054159597,0.0019197344,-0.14824134,-0.26938403,-0.018034587,-0.059544213,-0.38189012,0.3312537,-2.4154325,-1.7196766,0.2227537,-0.037166923,-0.0027563977,-0.006317045,-0.013527095,-0.00072983437,-0.011961755,-0.01730163,-0.007217517,0.006608342,-0.01010304,0.011040248,0.0005735567,0.0036743127,-0.11088634,-0.00014675273,-0.0141998185
0.0041098115,0.0025577545,-0.0051411274,0.046354163,-0.068179294,-0.02224846,0.01527988,-0.010992205,0.015656978,0.030214028,-0.006856767,-0.021390043,-0.009178139,-0.013162821,0.01336935,-0.03865445,0.09376321,0.14908361,-0.032862123,0.018808026,0.008920717,0.0020246413,-0.07124617,0.03748136,-0.059866447,-0.024401655,-0.33542374,-0.20110822,-2.3662856,-1.6963552,-0.20490228,-0.027212337,-0.0042421175,-0.03887991,0.00983821,-0.0008004926,-0.016395707,-0.026542708,-0.0062712994,0.0047865137,-0.014599989,0.0123099955,-0.0015217463,0.0060036695,-0.10380539,0.00016354257,-0.013458065
-0.0017568085,-0.002745817,0.004715455,-0.054620028,-0.065609604,-0.035003893,0.05133409,-0.0173338,-0.036150884,-0.04127003,0.028267974,-0.026134463,-0.056821857,-0.010068572,0.02018695,-0.0020925156,-0.044928472,0.120341994,0.0014554387,-0.019131059,-0.11662354,0.0020467185,-0.13273561,0.009963414,-0.029862966,-0.048813064,-0.261685,-0.022886213,-2.4385173,-1.7526875,0.021346424,-0.020769084,-0.007972105,-0.05424273,0.00023409125,-0.0017096548,0.04273744,-0.016528402,-0.0055997823,0.0062869005,-0.013124834,0.008238318,-0.0017726405,0.007104137,0.004581671,-7.74543e-05,-0.00949511
0.0030175245,0.01216713,0.044389315,0.042717606,0.021904413,-0.051362652,0.058275223,0.09026502,0.004941722,0.00998692,-0.0018525398,0.024553578,0.012113828,0.12123832,-0.004670877,0.008120623,0.05719841,0.14430742,0.034627073,0.010960888,0.0057992092,0.004345008,0.23970883,-0.046863765,-0.005921866,0.11464216,-0.32468462,-0.035894986,-2.53953,-1.8060331,-0.015678026,-0.012725085,-0.008090165,-0.08811646,0.026618736,-0.00076886045,-0.01688915,-0.010589752,-0.0041388324,-0.1466643,-0.012484857,0.013648111,0.00015851481,0.008983169,0.0091268895,0.0009679188,-0.009107751
-0.08869098,-0.0052401647,0.020115884,0.046365343,0.046255812,-0.024575371,-0.098831855,-0.0124371005,-0.004121336,0.032072805,-0.003954841,-0.0010178295,0.0006675549,-0.046244677,0.005923423,-0.0059776823,0.058622863,0.10293234,0.023343459,0.019384464,0.008281658,0.002242932,-0.14812607,-0.18290491,-0.014791567,-0.082643405,-0.019734785,-0.029383367,-2.481293,-1.7494843,-0.12625273,-0.013749623,0.00069266924,0.05007329,0.008295883,-0.0013875337,-0.011209683,-0.0179982,-0.006139085,0.0031560392,-0.012418329,0.015551615,0.00027931668,0.0055776094,0.00553694,-6.834014e-05,0.046544556
0.014278698,-0.041426703,-0.189275,0.042451687,-0.0710697,-0.15872008,0.013377347,-0.03540122,-0.021453453,-0.014626696,-0.0032154021,-0.03714906,-0.071541265,-0.016402354,-0.04702927,-0.08927828,-0.26166868,-0.5263939,-0.09041662,-0.011840171,-0.028111331,0.001591419,-0.14083949,0.037055686,0.018205095,-0.08775024,-0.12136422,-0.009424588,-2.2198925,-1.5663455,-0.056899436,-0.00037094209,-0.0009035028,0.06444471,0.0033033378,-0.0005506999,-0.009003282,-0.02133351,-0.0056041954,0.0023352683,-0.013743127,-0.24989125,-0.0012927635,0.0034026343,0.00034214827,-7.515065e-05,-0.008791474
0.054738443,-0.0020079499,-0.109304905,0.012576275,0.10651255,0.19965252,0.06489617,-0.019305581,-0.02373819,0.035702597,-0.0015374576,-0.050176628,-0.030031651,-0.0029925972,0.047525406,0.0306375,0.13243085,-0.6755,-0.051546026,0.019195152,0.008263407,0.0042547,0.29444584,-0.26613206,0.054636635,0.17974536,0.05040834,0.08330237,1.4964595,1.0777429,0.05378047,-0.16678692,-0.033591796,-0.16261402,0.030912245,-0.00086565217,-0.003961745,-0.017333914,-0.0048499797,0.010571955,-0.010978775,0.030625066,0.0007034583,0.010869632,0.004565461,-0.032120045,-0.011268734
0.06895162,-0.01376227,0.09516676,0.0024179434,0.076281674,-0.02575192,-0.0659761,0.0032073248,0.037314795,-3.0795163e-05,0.019238524,0.034571957,0.037116017,0.04773606,0.009918966,0.028101835,0.065184355,0.12092504,0.047656663,-0.006122043,0.009785882,0.0048821196,-0.05615182,0.078539364,-0.0060984506,-0.068253495,0.15978643,0.32556346,2.095719,1.6216134,0.23867975,-0.016420713,0.0004345039,0.040905364,0.031061886,-0.0011699514,-0.0054125236,-0.009819883,-0.0042596753,0.009488895,-0.007933141,0.023103518,-0.18760341,0.007960161,0.0071500298,1.5903812e-05,-0.008433284
-0.012325849,-0.01692332,-0.15383604,0.017535366,-0.06161006,-0.18963227,-0.015600014,0.011698675,0.027194474,0.022460224,0.023972115,-0.05057112,-0.00659366,-0.04747388,-0.028794,-0.0783644,-0.2939499,-0.58965987,-0.09262116,0.013320957,0.0014950277,0.0016970313,-0.06145213,0.020778833,-0.01070235,-0.043889213,-0.0960809,-0.052090436,-2.2192216,-1.5848684,-0.005767243,-0.062173072,0.0009417665,-0.067901105,-0.006163467,0.008046897,-0.010251802,-0.01997336,-0.007367425,-0.049116604,-0.015468742,0.0122579485,-0.0030579902,0.004663014,0.0021226292,0.00013914655,-0.009351536
0.0056236624,0.049279366,0.08982515,-0.00039090705,-0.007692721,0.1811805,-0.009647307,-0.011101577,-0.10193071,0.032647718,-0.00075952115,-0.030503497,-0.006252052,-0.009792891,0.020553786,0.08079484,0.10446719,-0.50603366,0.058351193,0.02087812,0.007022599,0.00728577,0.26744586,0.0652737,0.0010202812,0.18990795,-0.3722407,0.025407536,2.1391504,1.6147866,-0.00389619,0.011418915,-0.03995631,-0.08339646,0.019415218,-0.002779846,0.01636618,-0.008508274,-0.0052227573,0.0063354466,-0.012220901,0.021085447,0.002819736,0.011353263,0.006578239,0.0011787643,-0.0057139173
0.020030538,-0.06276971,-0.20755225,-0.21251106,-0.07745499,0.16508378,0.06287965,-0.002515279,-0.09327703,0.018586392,-0.0073679984,-0.046322174,-0.119056344,-0.006096811,-0.015204098,-0.10150424,0.053392023,-0.8268473,-0.057539195,0.018895403,0.005818556,0.0036559743,-0.22388475,-0.017213853,-0.05096984,-0.15581901,0.42825317,0.07502829,0.038108453,0.14881995,0.078772895,0.01083063,-0.03437095,-0.13126875,-0.001195606,-0.0022079751,-0.023963002,-0.03553246,-0.007935934,0.0046104826,-0.011265637,0.022205546,0.048003215,0.007352798,0.0045985496,0.00067076314,-0.010212564
-0.12485558,0.025439631,0.045814924,-0.056054346,0.015695225,0.14737345,-0.012101227,0.013639187,0.009757315,-0.0347676,-0.002193833,0.017009221,-0.0027908888,0.02647733,-0.018429402,0.02382485,-0.055538032,0.02988891,0.019671828,-0.01289642,-0.088292584,0.0040184893,-0.05994109,-0.015303164,0.015353331,-0.015688462,-0.21533673,-0.040993687,2.2196734,1.7105095,0.020298544,-0.01509046,-0.00031906654,-0.100160256,-0.19073884,-0.0014632132,-0.020862259,0.05993778,-0.004410569,0.008983755,-0.011799405,0.02093921,0.005663743,0.010720702,0.0040263194,-0.00042357662,-0.006604592
-0.00899016,-0.03360034,-0.18924206,0.04542499,-0.054635223,-0.20075136,0.02526962,-0.0626733,-0.058503702,-0.005206866,-0.0027864384,-0.036114205,-0.05797739,-0.06248984,0.011962489,-0.08471578,-0.33429196,-0.6156982,-0.09843982,0.0104732085,0.0028946644,0.0016096305,-0.05899869,0.029263534,0.016055021,-0.04007049,-0.0774509,-0.014850346,-2.2863903,-1.5914559,-0.0018193804,-0.010681394,0.0016233219,-0.07740205,0.0014604956,-0.00023481368,-0.008706714,0.09859109,-0.0048301364,0.0030462623,-0.012807974,0.012712843,-0.0022953833,0.0048034866,0.0011438857,-8.8320514e-05,-0.007007739
0.016912395,-0.044093687,-0.015390241,0.010559105,0.050822753,-0.17814134,0.02011051,0.0077608107,-0.058022093,-0.03300421,-0.0021530322,-0.05700201,-0.058950864,-0.03857249,-0.018477038,-0.0070760646,0.030345723,-0.55988866,-0.017708205,-0.014483682,-0.064896196,0.0015944121,-0.1387741,-0.04816597,0.016016353,-0.052195534,-0.22128823,0.25710556,-2.3597443,-1.6979306,0.20080458,-0.04411395,0.00020522697,-0.08546089,0.0018436428,-0.00067374134,-0.010189038,-0.013455321,-0.0053648124,-0.10436428,-0.014222777,0.008808409,-6.360176e-05,0.0021672542,0.0005691063,6.130124e-05,-0.008942562
0.027230676,-0.036996156,0.032536983,0.06167053,-0.020824626,0.0876243,0.047391288,0.042857494,0.1417035,0.053302657,0.047630925,0.013177209,0.0040054806,0.13940345,0.016827548,0.029767258,0.028487656,0.036165226,0.014128639,0.025912363,0.012250184,0.0023787643,-0.14421396,0.00016767257,-0.058447957,-0.09870085,-0.10022878,0.009911919,0.23028278,0.27855512,0.029764926,-0.021365544,-0.006121041,-0.06613587,0.01602051,0.023919545,0.16132778,-0.02198684,-0.005383438,0.008707669,-0.0157945,0.016585775,-0.0067357817,0.01143734,0.009323094,0.0004417039,-0.008225802
0.015371725,0.01428308,0.027378341,-0.08991115,0.03637334,-0.03496947,-0.08104425,-0.010051197,-0.019365944,0.04660786,-0.0011976672,0.021022554,0.024809197,-0.0397539,-0.023327509,0.011496267,-0.06996839,0.15300295,0.024816731,0.03553414,0.009059146,0.0033630915,0.21927965,-0.0037660685,0.033117577,0.12050325,0.058548942,-0.049072858,-2.5230818,-1.8174826,-0.029778551,-0.02259965,-0.027426504,-0.08130361,0.023162005,-0.00496995,-0.021173736,-0.010887763,-0.0049867835,0.0066371914,-0.010211992,0.013045788,0.0004708251,0.00895522,0.0042402013,0.0008153555,-0.007385961
-0.07418496,0.024657732,0.070114896,-0.06003983,0.045980304,-0.017593611,0.012043401,-0.0039121374,0.0043589384,-0.026238427,-0.0021432736,0.0067268433,0.003073924,-0.013407908,-0.020059774,0.004652187,-0.05269358,0.12982942,0.043834392,-0.009130471,0.010556491,0.0021835098,-0.030977884,0.06309129,-0.01704698,-0.020414231,-0.32610512,0.30959868,-2.4973285,-1.8116626,0.24302489,-0.05842895,-0.0033780425,-0.07168905,0.02067699,-0.0034177273,-0.022368507,0.06868202,-0.0053114416,0.008212301,-0.009937428,0.01191512,0.0023981307,0.003662225,0.0023558033,-0.0001845948,-0.009831649
0.023580994,0.038422126,-0.24217531,0.00796991,0.019969134,-0.24318099,-0.005813949,-0.022668192,0.043044295,0.01670356,-0.0029175142,0.06384497,0.009265423,-0.00726712,-0.0047188355,-0.009148262,-0.2936487,-0.5787221,-0.0875414,0.015295515,-0.000545317,0.0018275792,-0.12047103,0.05680817,0.020161763,-0.08638132,0.28288332,-0.0556714,-2.3813853,-1.7252486,-0.0024328025,-0.0044117756,0.0009644875,0.065028496,0.0066770697,-0.0030627334,-0.008109013,-0.019626735,-0.0058746776,0.004159786,-0.0152770365,0.010375281,-0.003740812,0.0052902,0.005245687,-0.0074081724,-0.008069375
-0.016060868,-0.020833192,-0.1017934,0.042948738,-0.033593915,0.12851563,0.046453003,-0.05892914,-0.0069456887,3.720184e-05,-0.08247887,-0.04063844,-0.05993665,-0.06425626,-0.008122386,-0.0715639,0.07664929,-0.037530396,-0.05519547,-0.003617503,0.0036451542,-0.03091007,0.04452458,0.009353352,-0.0065107965,0.008511338,-0.14077526,-0.3105081,-2.250588,-1.6373155,-0.2489504,-0.013112801,0.0054483153,-0.0649773,-0.15065227,-0.0016133627,-0.012078983,0.15697938,-0.0074073886,0.0020177984,-0.015095945,0.013415903,-0.0034012601,0.0054513942,0.003428802,0.00016070215,-0.0072380467
0.045788553,0.022184283,-0.02426709,0.10058287,-0.15391597,-0.08990705,0.0705059,0.005476407,0.010745928,0.025829943,-5.3218202e-05,0.05787455,0.041701622,0.054608125,0.021667682,0.025236417,0.08301382,0.16575642,-0.04749145,0.0188677,0.009828264,0.004094316,0.094553776,0.032283906,0.060407963,0.05934851,0.6040322,0.10455087,1.2311664,0.95484173,0.117737316,-0.015537122,0.007567651,0.13073595,0.053863816,-0.0027718367,-0.004173976,-0.013220788,-0.003921105,0.011303803,0.031972993,0.025748927,0.00048889185,0.014043105,0.0116415415,0.00084832613,-0.006672449
0.018025246,0.033646893,-0.06940002,0.044286072,-0.052743256,-0.1755327,0.010558989,0.0015465936,0.023689887,-0.1745133,-0.003976157,0.035603624,0.038864635,-0.00783422,0.02940699,0.0075472016,-0.22135617,-0.54393274,-0.025886752,-0.13044909,-0.0038486663,-0.02945893,-0.068119794,0.028093863,-0.020147897,-0.044141483,-0.062404305,-0.04652048,-2.3319,-1.6518514,-0.016368823,-0.037798177,0.0043654405,0.02651524,-0.0066882498,-0.0017454417,-0.008804757,-0.017705372,-0.0042826133,0.0024369354,0.07516099,0.009007627,-0.0026002,0.0041958517,0.0034454071,-2.4444116e-05,-0.008979843
-0.060246807,0.028965611,0.055837993,-0.0143402545,0.0457367,0.10327539,-0.042728063,-0.02710441,-0.032764256,-0.055226933,-0.0027381156,0.01217409,0.0037049165,-0.037268657,0.022187144,0.02194625,-0.016927617,0.012551223,0.016679626,-0.0476001,0.00801469,0.0022461251,-0.14723752,0.05489205,-0.016743008,-0.103311576,-0.37510377,0.2792599,-2.4380097,-1.7253456,0.2255966,-0.016368715,-0.00070424617,0.021884235,-0.0049076923,-0.0007941032,-0.018676117,-0.012383403,-0.0065580285,0.005921368,0.044130173,0.012531167,0.00411951,0.0039388547,0.003800945,-0.00017329141,-0.011644213
0.035652682,0.011431397,-0.21427512,0.015149135,0.036415678,0.101799875,-0.025446583,-0.023440143,-0.016885143,-0.0570549,-0.007554598,-0.03210496,0.02951449,-0.05080559,0.043172486,-0.0025116291,0.04862971,-0.11563733,-0.079683274,-0.032768805,0.004036216,0.0018902539,-0.19084518,0.043243628,-0.021841634,-0.12792817,-0.20178317,-0.06896628,-2.43748,-1.6931077,-0.016259553,-0.06991652,0.0023077743,0.01734075,-0.00883568,-0.0016132982,-0.013665573,-0.01762125,-0.006688279,0.0051004784,-0.020747807,0.010967534,-0.0013754328,0.0064577344,-0.13088085,-0.00040954084,-0.012294813
0.06948168,0.033214837,0.08773264,0.038851555,-0.04301429,-0.07771711,-0.1463784,-0.020193709,-0.059710063,0.032988522,-0.00050165266,0.022738561,0.067404814,0.0347665,0.030806689,0.019557007,0.03998724,0.15016373,0.056215268,-0.015251882,0.004728457,0.006579556,0.1431741,-0.11668624,0.062113855,0.09566088,-0.05581798,0.45674896,1.1972969,0.8602552,0.38928586,-0.023096066,-0.0030099433,-0.10402835,0.05887896,0.0035460303,-0.035186473,-0.015614089,-0.0046645473,0.011588764,-0.0056479755,0.027127707,0.007845709,0.00963775,0.008443995,-0.00017134586,-0.015678464
0.019592762,0.0035439623,0.04914399,0.01091313,-0.1336824,-0.036554962,0.03946685,-0.01633164,-0.050488994,0.016742582,-0.0030499552,-0.0012886167,-0.021841338,-0.04517722,-0.034827076,-0.04663874,0.050068364,0.09836132,0.0462239,0.007037041,0.0031073915,0.003252084,-0.07500933,0.028820863,-0.03241624,-0.052531604,-0.21956442,-0.51803064,-2.2918031,-1.6514747,-0.5006262,-0.036222767,-0.0076472834,-0.06289113,0.0054819165,-0.0010348881,-0.018736465,-0.02768195,-0.0058457637,0.0023924217,-0.019019809,0.011789201,-0.0009845812,0.0051443265,0.0037891397,-0.0075717717,-0.011509827
-0.015818324,0.0010021067,0.028190108,-0.059206903,0.0026636848,-0.03918536,-0.13542448,-0.014727656,-0.0032174438,0.028387163,-0.004111205,0.02715277,0.008683376,0.011001775,-0.01495662,0.012057999,-0.04971532,0.08507313,0.0014343001,0.017481036,0.010919431,0.0015407102,-0.057003614,-0.06570873,-0.0067463117,-0.05534005,0.10783213,0.014664726,-2.4301755,-1.7470746,0.015848167,-0.03562091,-0.0040140604,0.03718065,0.01842237,-0.0032699849,-0.018462583,-0.013706462,-0.006091131,0.0053107142,-0.013197463,0.013826748,-0.06379382,0.0072121406,0.0073120794,3.191104e-05,-0.0097421305
0.016003652,-0.0376943,-0.008717419,0.040491637,-0.06520029,-0.03709045,0.02806311,-0.025689784,-0.00012357089,0.034508534,-0.009293729,-0.032907136,-0.006692831,-0.008071996,-0.042558163,-0.10421849,0.08325023,0.1326747,-0.015895143,0.012340834,0.007965027,0.0015790162,-0.115150675,-0.0010220889,0.006012015,-0.060654704,-0.004351749,-0.022163603,-2.4496908,-1.7866435,-0.13791735,-0.0011690839,-0.0012831043,-0.06778318,-0.19781306,-0.00025405263,-0.010150389,-0.022652559,-0.0059983977,0.0059682727,-0.010856077,0.013500687,-0.001985334,0.005177871,0.0016047399,0.0006175968,0.052303564
0.01057786,-0.018815128,0.05418864,0.0034359985,0.033063784,-0.04670344,-0.07394342,-0.01607433,-0.026156547,-0.053462364,-0.0040726447,0.020897297,-0.039791238,0.021239458,0.005241226,0.016266106,-0.0013873193,0.09386943,0.017440591,-0.031939194,0.0077393,0.0018289469,-0.17280625,-0.07964531,-0.029744972,-0.0975175,0.2514286,-0.2142034,-2.5538912,-1.8274839,-0.24346714,-0.059272032,-2.199262e-05,0.035111472,0.011219225,-0.0038669358,-0.011611725,-0.017239984,-0.0068995957,0.007586331,-0.012274642,0.008315525,-0.06356134,0.006334707,0.0053009437,-0.0006110773,-0.009206856
0.030321773,0.021334747,-0.03530086,-0.016376853,0.05587088,-0.04212999,0.029664291,-0.027841477,0.029862095,0.052109867,-0.004294949,0.034492824,-0.00299003,-0.029345509,-0.019385483,0.04396592,-0.011050541,0.11216193,-0.024456589,0.026527112,0.007023259,0.0015377969,-0.14174208,0.035272192,-0.00930316,-0.094647095,-0.12820093,-0.15832983,-2.4814482,-1.7465912,-0.17977546,-0.036146164,-0.00061441876,-0.074259676,-0.10290167,-0.0027655498,-0.018560383,-0.01873377,-0.006882036,0.006723687,0.07894179,0.007977217,-0.00029898228,0.0064198975,0.0026997628,0.00040954034,-0.0076459874
0.028765205,0.01115087,0.028516699,0.058123928,-0.0860995,-0.04709817,-0.029707158,0.1213163,-0.048353523,-0.061081477,-0.00466535,0.037671186,-0.0031288736,0.105243616,0.021436026,-0.0063487217,0.055742875,0.097893305,0.028156105,-0.015023087,-0.073570624,0.0021748026,-0.15777439,-0.2426716,-0.012901049,-0.11020231,-0.42072517,0.21836717,-2.3877096,-1.6917623,0.15777901,-0.0016363227,-0.009994218,-0.024556024,-0.014632293,-0.00066465064,-0.010947967,-0.015788496,-0.006000119,0.007518749,-0.010585229,0.0109760845,0.0020501588,0.0031034325,-0.10572725,-0.00018419996,-0.012002563
-0.08737041,-0.04508795,0.053803124,-0.053764492,0.04961658,-0.03209852,-0.050346937,-0.022499952,-0.013900012,-0.01075765,-0.0026434746,-0.0020296245,-0.074419186,-0.007754117,-0.004043332,0.061016876,-0.053100467,0.10420192,0.024007602,-0.017391576,0.007191748,0.0020833092,-0.10080752,0.0066705714,-0.02019626,-0.035869353,-0.33423215,0.27524224,-2.4806798,-1.7677846,0.23507702,-0.030450933,-0.002912408,-0.06416231,0.022125572,-0.002749016,-0.01957514,-0.014058548,-0.006177714,0.008189117,-0.0108693885,0.007913696,0.0018089736,0.003935584,0.0034391335,-0.00012705284,0.026555719
-0.010781922,-0.03987031,-0.18757199,0.036382392,-0.06479616,-0.18661489,0.0341481,-0.058785424,-0.050255623,-0.007837713,-0.003408078,-0.03502745,-0.054410517,-0.06417881,0.0047392384,-0.08525028,-0.3213854,-0.5940601,-0.09302216,-0.007968927,0.0005541573,0.0015988965,-0.114338264,-0.019626362,-0.019201279,-0.04855805,-0.07689458,-0.017909914,-2.2411153,-1.5540277,0.008726398,-0.011817494,-0.011266314,-0.07534653,0.0011636122,-0.00028597133,-0.008448966,-0.017747708,-0.0048638545,0.0017875618,-0.012824382,0.011289126,-0.021966133,0.0045832056,0.001093843,-1.51077165e-05,-0.008558001
0.00037247236,-0.002234797,0.06121354,0.045928124,0.05643392,-0.024162756,0.05213179,-0.011768978,-0.03513184,0.03147584,-0.0043075345,-0.016810607,0.029900301,-0.039552152,0.03409846,-0.015049319,0.06598078,0.14566317,0.045450363,0.0123432875,0.005945307,0.0017425519,-0.09700387,0.024166845,0.001102134,-0.06795807,-0.3632423,-0.018022634,-2.459233,-1.7346653,-4.1785297e-05,-0.0034918848,-0.00401858,-0.059686076,0.008502981,-0.0006123913,-0.02100079,-0.014957765,-0.0065066013,0.004464129,-0.014198705,-0.3942668,-0.00087027467,0.006559992,0.0023769825,0.00024098736,-0.01143396
0.014184234,-0.026174083,-0.15787609,0.0047955182,-0.058159955,-0.17130415,0.017929455,0.0010185491,-0.031134715,-0.006087991,-0.003285246,-0.04183622,-0.052078985,-0.053665332,-0.021681912,-0.07150576,-0.2692048,-0.52457213,-0.10006306,-0.0077264737,-0.048011772,0.0015839047,-0.13163501,-0.12157106,-0.021268671,-0.09345052,-0.17810443,-0.030812424,-2.2183254,-1.5615761,-0.008672686,-0.053285386,0.002229683,0.07384907,-0.00078104285,-0.0011056309,0.011048911,-0.018954515,-0.0057531283,0.0004922977,-0.01397186,0.010226526,-0.0050947834,0.0043057404,0.0021964994,-0.00018214104,-0.009621341
-0.0040449915,0.017897163,0.04165921,0.03232337,0.041196264,-0.05070352,0.028678808,-0.025224252,0.027892118,0.024551896,-0.0012273303,-0.0027977582,0.018344851,-0.037130892,0.022500984,0.050294295,0.03233038,0.08978385,0.0151139535,0.004112855,0.0043806895,0.002181786,-0.004398872,-0.071409754,-0.027848575,-0.00859436,0.05003049,-0.51711166,-2.4116297,-1.7629522,-0.4676437,-0.016618604,-0.0014163661,-0.06739375,-0.15907536,-0.002116007,0.03662069,-0.018395282,-0.0044850456,0.0028079783,-0.01728034,0.007831238,-0.0017584078,0.005284287,0.00449061,0.00034066496,-0.0067444094
0.018421803,-0.043519944,-0.15334563,-0.0145437615,-0.081542015,-0.12342862,0.036955148,0.09980022,-0.061322358,-0.020638838,-0.0032501272,-0.03412067,-0.06127626,-0.054731563,-0.027968792,-0.083048634,-0.21798883,-0.48203385,-0.10285922,-0.018821385,-0.05540784,0.0015299502,-0.08754661,-0.11469729,-0.018709458,-0.061344407,-0.12811692,-0.015201542,-2.1735654,-1.5426321,-0.0454377,-0.012752008,-0.009949385,-0.084727146,-0.0030845013,-0.00091713277,-0.008251429,-0.019135697,-0.0055624335,0.0051028794,-0.013839738,0.011568652,-0.0040263557,0.003669568,-0.05668952,-0.00023584717,-0.009447397
0.0060236016,-0.04827601,-0.14429286,-0.0071390816,-0.06689374,-0.15135363,0.04423184,-0.007851505,0.03137617,-0.01660264,-0.0033079423,-0.049147666,-0.053711444,-0.05354335,0.0027504675,-0.08104058,-0.25491986,-0.48081565,-0.096986726,-0.018443577,-0.045152597,0.0016745825,-0.098591544,-0.12965243,0.015690759,-0.061258327,-0.11090823,-0.0053526275,-2.279937,-1.613244,-0.052498538,-0.055480227,0.00018769653,0.07586949,-0.00053967274,-0.00086694566,-0.0076617855,-0.018501563,-0.0052474,0.0024463767,-0.013365047,0.010751461,-0.0032198464,0.0045709177,0.0012975003,-0.00011012538,-0.009077692
-0.0004995202,-0.03963876,-0.14099838,0.012713098,-0.05716047,-0.1693733,0.03968642,0.00854057,0.005411675,-0.01304589,0.02145713,-0.0351976,-0.03910398,-0.0585913,-0.00023113728,-0.06145319,-0.2797024,-0.55339634,-0.09925029,-0.022020185,-0.056501236,0.0015443458,-0.120382436,-0.13243248,-0.02494564,-0.09184346,-0.014707526,-0.020480664,-2.2833846,-1.6350132,-0.0058435425,0.00068859395,0.0032975692,0.06085953,-0.0066610673,-0.00089906255,-0.0054624057,-0.015840024,0.08099192,0.0010418383,-0.012697062,0.010693301,-0.004485848,0.0044856775,0.0019868729,-0.0001285181,-0.007368636
-0.00716851,-0.039504964,-0.034570444,0.042395093,-0.079983145,-0.21085823,-0.013185249,-0.017763237,-0.039664183,-0.014243971,-0.0039326344,-0.030284662,-0.01704186,-0.029633652,0.006884641,-0.06598556,-0.29389775,-0.58423245,-0.038467165,-0.028182464,-0.027006142,0.0018702653,-0.09106779,-0.120970614,-0.010969647,-0.045740463,-0.22208819,0.22328961,-2.2675228,-1.6006787,0.18183464,-0.030593418,-0.0075408574,-0.08275088,-0.0003507763,-0.00042601928,-0.008570337,-0.018435825,-0.004849132,0.0038670518,-0.011225356,0.009699561,-0.04226578,0.0034231744,0.00022984273,-0.00014882961,-0.009420001
0.003088951,0.025746481,0.038158026,-0.021410912,0.057560455,0.12612328,-0.15812321,-0.017034797,-0.026512638,-0.007079258,-0.0044601117,-0.025350068,-0.04265115,-0.016643055,0.0048595504,0.02781766,0.054364964,-0.22312345,0.018794307,-0.0021948095,0.007664624,0.0037479368,-0.11244862,-0.084033385,-0.014285281,-0.051904794,0.03346761,-0.040778983,2.1967847,1.6693599,0.0011379883,-0.073416695,-0.060479723,-0.07415501,0.0047711134,-0.0025408976,-0.01662482,-0.013720631,-0.006116283,0.006734104,-0.01169534,0.018845823,0.0013829205,0.009651939,0.004071294,0.00048636898,-0.00939874
0.0014555093,-0.020506619,-0.13880415,-0.04342821,-0.050826706,-0.15754735,0.0037050764,0.011876344,-0.036939666,-0.009150649,-0.0027408646,-0.041403633,-0.036582503,-0.049959887,-0.0010014973,-0.06390487,-0.24969676,-0.49994403,-0.082937956,-0.010772643,-0.043061554,0.0013339922,-0.05017996,0.017923424,-0.015846333,-0.03174885,0.030444382,-0.18219481,-2.1198635,-1.5418863,-0.13322273,-0.03702456,-0.017746015,-0.06738486,-0.011036294,-0.0010293687,-0.008605161,-0.021992778,-0.0060319398,0.00075862836,-0.012565306,0.010290775,-0.005695873,-0.07219334,0.00086333515,-8.202633e-05,-0.007322096
-0.000760922,0.046678875,0.120698035,0.12305925,0.019715047,0.22095399,0.00046934618,-0.040571198,0.0075871414,0.03310698,-0.0010460811,-0.004383513,-0.04239633,0.019888606,0.028389784,0.043655053,0.05004944,-0.13669927,0.061087556,0.021296358,0.0060306797,0.005854118,0.32694244,0.104957,-0.0998898,0.2722578,-0.04299198,0.07062963,1.4469469,0.97343934,0.028329147,0.024878914,0.0039571994,-0.06786666,0.024038726,-0.011105115,-0.006889438,-0.009646148,-0.0033941958,0.010431113,-0.009987492,0.028216325,0.0020257884,0.012172365,-0.17913744,0.0010246068,-0.010502989
0.04405925,0.024788914,0.06926132,0.0053876135,-0.07339141,-0.1293618,0.16599192,-0.011436104,-0.003979624,-0.005177194,-0.0008264191,0.00725142,0.036563102,0.020255357,0.024519635,-0.016156644,0.062384572,0.13488357,0.04514074,-0.0140841985,0.008012756,0.006237963,0.075900234,-0.09363987,0.09241524,0.026953457,-0.34169337,-0.055177342,1.4017271,0.97437733,-0.056935314,-0.0053162747,-0.0035760137,0.0673967,0.045558307,-0.0015911915,-0.014464256,-0.020085411,-0.0051446836,0.0082008345,-0.013732303,0.029373413,0.002926387,0.010372345,0.013579035,-0.00024763987,-0.013858009
-0.0021865217,0.004908365,0.08627734,0.028282214,0.08700725,-0.029956304,-0.14497596,-0.0035525966,-0.051199563,-0.010801481,-0.0029114364,-0.006552943,0.013039809,-0.021635253,0.011710302,0.026957888,0.050047938,0.1668439,0.051967267,-0.020514395,0.0064514643,0.0038974467,-0.11115655,0.0824674,-0.0056178677,-0.084421515,0.03005367,0.4102936,2.1714544,1.6489726,0.27704343,-0.062367015,-0.013040686,-0.062305182,0.0031026118,-0.0019550985,-0.013064805,-0.0100050755,-0.004652778,0.0056693386,-0.0064407876,0.023504695,0.008179601,-0.1477171,0.0030034087,0.00029632222,-0.011279653
0.0014136274,-0.02154628,-0.010444115,0.100466534,-0.0040540365,-0.042119738,0.037081365,0.0017101429,-0.020349504,0.022503633,-0.0020525858,0.0648137,-0.08425286,0.0077725155,0.009559173,0.020592416,0.07620994,0.12956,-0.022941777,0.03645469,0.0034378238,0.0050381515,-0.042178817,0.08009822,-0.021983506,-0.025865562,0.10199931,0.35983813,2.156334,1.6709925,0.24112625,-0.042544253,0.0003439912,-0.053556383,-0.14806862,-0.00245457,-0.00810637,-0.008829242,0.07799098,0.010873286,-0.005996875,0.02074483,0.0059629297,0.0105273,0.0030575742,0.00032900536,-0.008708318
-0.032619536,-0.02257875,-0.012826152,-0.033675957,-0.05656519,-0.030190587,-0.010206438,-0.023186278,-0.0073075057,-0.035878323,-0.009430613,-0.02044476,-0.029390788,-0.037771758,0.043813545,-0.07246903,0.08732615,0.1594472,-0.011419911,-0.06329431,0.006177371,0.0015679997,-0.12638585,-0.0479711,-0.020355886,-0.05732827,-0.022225598,-0.16608632,-2.4385693,-1.7660484,-0.16417605,-0.07350005,-0.012001099,-0.07063107,0.0067417454,-0.0016101003,-0.009242265,-0.01622145,-0.0064517376,0.0019891218,0.054289505,0.009807221,-0.0017304128,0.0045522046,-0.00052883313,-0.0005314075,-0.011766305
-0.11795469,-0.01609543,0.08405376,-0.062004026,0.043077514,0.14669487,-0.043869473,0.0052212323,-0.0063082282,-0.038606845,-0.0024953466,0.047559716,0.026523942,-0.04355251,-0.017249646,0.0055620596,-0.063046075,-0.0037484316,0.04625603,-0.029674616,-0.12687986,0.004052502,-0.14325896,0.05683299,-0.008628847,-0.12817495,-0.20597675,-0.032442503,2.1896915,1.6527518,0.010983652,-0.03353092,0.0020530582,0.057762787,0.011349034,-0.0032278465,-0.024152063,-0.006883817,-0.005662941,-0.16968553,-0.013494998,0.019431883,0.004369291,0.009221547,0.008424871,-0.00080107956,-0.008260955
0.0046922737,-0.022134706,-0.020026945,-0.05638299,-0.088120334,-0.0154289,-0.063266076,-0.020486971,-0.023087546,0.036955137,-0.0072492864,-0.018654773,0.015015198,-0.014054005,0.017561968,-0.06232502,0.08310381,0.12743159,-0.0066409414,0.017253574,0.006368454,0.0018877016,-0.08878948,0.025429366,-0.014966047,-0.037396885,-0.3691497,-0.086853296,-2.4182646,-1.7133306,-0.08372658,-0.01148228,-0.0114537,-0.07277909,0.0044632875,-0.0013380154,-0.015489948,0.10394735,-0.006417828,0.0017950967,-0.014569785,0.011622476,0.0004238931,0.004468335,0.0006062743,0.00043370947,-0.012254481
0.0018437481,-0.082823336,-0.189521,-0.001889959,-0.06727574,-0.1754515,-0.013209301,0.013037475,0.026893895,-0.015858613,-0.0041801482,-0.03192205,-0.0020247165,-0.059385404,0.0041440977,-0.097333044,-0.24536844,-0.5637926,-0.09857861,-0.016409297,-0.05353917,0.0015687518,-0.0955708,0.0020684814,-0.028195595,-0.042991873,-0.12145529,-0.05706278,-2.2351818,-1.5747393,-0.034858264,-0.014734761,0.0026357349,-0.0789391,-0.0053216284,0.004317295,-0.010158195,-0.019973503,-0.004205893,0.001734297,-0.01425672,0.010351121,-0.0032676002,0.00417245,0.0003959932,-0.00019489689,-0.008492406
0.018046755,0.03875055,-0.042967416,0.0072715743,-0.02588239,0.12844695,-0.0303302,-0.022087462,-0.04636177,-0.0467723,-0.0036794837,0.033707142,0.0019418532,0.0035664933,-0.014203069,0.04562776,0.005084642,-0.08701133,-0.0011109931,-0.041009214,-0.06989132,0.002152887,-0.16443199,-0.20719156,-0.025649456,-0.11126175,-0.3630962,0.23719443,-2.363721,-1.6957325,0.19239424,-0.033722173,-0.0022540102,-0.0030303977,-0.019917844,-0.00094062526,-0.01294564,-0.014969845,-0.0053545088,0.0062032817,-0.014919353,-0.23702936,-0.0006588778,0.003388097,0.002479457,-0.000113324415,-0.009239099
0.008061621,-0.0063201324,-0.18039645,-0.039149918,0.031277627,-0.03918981,-0.052073527,-0.036681034,0.019030495,-0.040416136,-0.0062311683,-0.024506584,0.0013293811,-0.044996545,-0.015375109,-0.0063155782,0.06322081,0.13082759,-0.07238452,-0.030948207,-0.10903805,0.0017998759,-0.102195166,0.06495301,-0.015870892,-0.047176883,-0.30374542,-0.046582438,-2.4068503,-1.7390362,-0.017665438,-0.014195817,0.0024069867,-0.055649824,-0.13616441,-0.0015814118,-0.014900283,0.11337605,-0.0058109765,0.005032676,-0.016971294,0.009280237,-0.00014844417,0.0058813943,0.0008090458,-0.0003925259,-0.010276883
0.012444822,0.014179134,-0.14287996,-0.09490242,-0.045780957,0.176896,-0.12028853,0.0013009981,-0.0041615763,0.029816523,-0.00097539497,0.016068092,0.03150787,-0.03666398,-0.026195608,0.05136689,-0.035558425,-0.034367092,-0.048885003,0.024723735,0.0088227615,0.003156977,0.2097185,-0.016907863,0.019563865,0.1685178,0.022880657,-0.059442952,-2.4542701,-1.7702122,-0.010024299,-0.009623754,0.0057368632,0.020570068,0.0060355756,-0.005316639,-0.018847909,0.04196824,-0.005535099,0.0063352585,-0.011321675,0.013379007,-0.00029710736,0.0069862334,0.0086117415,0.00037215147,-0.00592509
0.004195455,-0.0069833556,-0.046339385,0.023602434,0.0050760154,-0.018353494,0.040923286,-0.0063054846,0.01440414,-0.042148944,-0.004995676,-0.016833637,0.03016387,-0.05430239,-0.00017507473,-0.048527107,0.0817662,0.17143446,-0.010528541,-0.047602337,-0.1049598,0.002104495,-0.08128805,0.0452469,-0.0166273,-0.061759986,-0.20198673,-0.0023284084,-2.3878443,-1.7013742,0.027047632,-0.0058103055,-0.011862365,-0.062021498,0.014648355,-0.00065610907,-0.015384746,-0.01560834,-0.0058899447,0.0063935625,-0.013588993,0.013586142,0.0022595536,0.007065121,0.004238448,-9.328117e-05,0.04912705
-0.007152059,0.10132958,0.115549825,0.008436069,0.043630954,-0.08671473,0.031948745,-0.003412505,0.04059469,0.016440287,-0.00027838183,0.06202245,-0.013320365,-0.028068623,-0.050889753,0.049255293,-0.11888739,-0.33467242,0.1356112,0.00065003586,-0.039049145,0.0020762945,-0.09844137,-0.15877697,-0.02388747,-0.07500293,-0.2243177,0.28541732,-2.3127618,-1.6595888,0.23328532,-0.031203423,0.007456946,-0.07170504,-0.061038423,-0.0007128951,-0.011130119,-0.011073532,-0.004832929,0.0040337113,-0.014121304,0.008718371,0.001258412,0.0026479003,-0.050762728,-9.732893e-05,-0.007844676
-0.0407792,-0.047120206,-0.16626886,0.017780762,-0.07229226,-0.18930447,0.0020843733,-0.064829014,-0.05836139,-0.010412217,-0.0016037425,-0.05777528,-0.072940916,-0.06362498,0.01408687,-0.07525456,-0.3464605,-0.5704982,-0.10374705,-0.008463864,-0.047143232,0.0016676924,-0.02228925,-0.15142442,0.013219554,-0.012147705,-0.011852084,0.23161946,-2.210026,-1.5938327,0.1829683,-0.035317764,-0.0013909695,-0.07912014,0.0017634286,9.9296585e-06,-0.007386303,-0.016847122,0.08430352,0.0018640278,-0.009852438,0.011111208,-0.0023091151,0.0036206087,0.0018139895,-5.9703758e-05,-0.008744878
0.0059163547,0.06423675,0.044209875,-0.054538254,-0.046145696,-0.14682417,0.056923103,0.009847718,0.0292094,-0.0075430414,-0.0021983106,0.027401762,0.015423183,-0.021439377,0.045541693,-0.061501853,-0.14151779,-0.4334048,0.058028977,-0.00889822,-0.06596858,0.001908335,-0.092539944,0.01139649,-0.017894132,-0.051437624,-0.111072846,-0.051514454,-2.2750561,-1.5598242,-0.038615502,-0.019148013,0.003709651,0.07008551,-0.0005524037,-0.0016373483,-0.009768978,0.1108911,-0.004471895,0.002050817,-0.013843449,0.0075149825,0.00044657892,0.0039734305,0.0023606163,-0.00021831269,-0.007722321
-0.048980832,0.0245224,0.07613921,-0.06350528,0.038664848,-0.026172478,0.03129606,-0.0006248744,0.02350936,-0.0120266015,-0.0018567975,0.009389194,-0.009912934,-0.04667371,0.06551137,0.043182135,-0.06845845,0.10002481,0.06285764,-0.015349589,0.008656304,0.0014394993,-0.068744294,0.08771319,-0.013478112,-0.0332875,0.024236798,-0.27080423,-2.367752,-1.706878,-0.19987936,-0.033323225,-0.0025312903,-0.0699957,-0.1609375,-0.0031277332,0.06051108,-0.01846459,-0.004709354,0.004535321,-0.0180999,0.010064364,7.1826944e-05,0.0071939784,0.0035631333,-0.00020913122,-0.008069887
0.024001181,0.013005319,0.004257122,-0.051407434,-0.009559374,-0.037281405,0.07134056,-0.009392923,-0.002853537,0.029734563,-0.0027079233,0.006526758,0.02439782,0.023303958,-0.002599947,-0.020913864,0.0423649,0.12517498,0.0012349936,0.014540476,0.0061128316,0.002010937,-0.013105929,-0.072459385,-0.0059363456,-0.025205517,0.06555724,-0.39332765,-2.350883,-1.6976439,-0.32879326,-0.017154336,-0.012927192,-0.07648021,0.011600363,-0.0016064316,-0.014249175,-0.026922299,-0.005178226,-0.12910604,-0.015632661,0.011910328,-0.0025584393,0.007289026,0.0034444663,0.00023502881,-0.008821574
-0.010617455,-0.033181094,-0.17031199,0.045821242,-0.06575596,-0.17572968,0.04438971,-0.040479388,-0.052675277,-0.015650583,0.02824212,-0.04208637,-0.064684734,-0.06419572,-0.00293089,-0.0776841,-0.29621905,-0.59114754,-0.09698614,-0.017727263,-0.00035222847,0.0016228663,-0.11916154,0.019373083,-0.02132045,-0.06150723,-0.07105481,-0.014769928,-2.2612908,-1.571265,-0.045751568,-0.012380147,-0.012451362,-0.070231155,0.0006751339,-0.0007404218,-0.007421171,-0.019422665,-0.0052157748,0.0024052921,-0.013064266,0.011257429,-0.0030733705,0.0043480014,0.00040554602,-0.00013798934,-0.008629866
0.03892504,0.012753407,-0.14691819,-0.077861264,0.073844634,-0.014539242,0.06636416,0.01666909,-0.011568733,0.010232184,0.019770525,-0.011999254,-0.10191366,-0.02963476,-0.05662651,-0.014250609,0.09547594,0.17240958,-0.05057986,0.001160876,0.0098552285,0.0040189666,0.03440507,0.085394606,-0.021049945,-0.018688243,0.605913,-0.11528359,1.4012389,0.99901676,-0.03368521,0.0048455885,0.00081053516,-0.10942942,-0.2698972,3.5575897e-05,-0.005345175,-0.020898903,-0.0076175784,0.0058040298,-0.011750934,0.028127333,-0.00052102655,0.010663896,0.0062858677,0.00097545335,-0.010765474
0.009492934,0.030493908,0.08455176,0.020007158,0.04375462,-0.027686555,0.043196987,0.00076131127,-0.036172543,0.012528945,-0.0033013034,0.035887558,-0.0027995007,0.029191637,-0.01114204,0.015242167,0.057582512,0.11929231,0.060304653,-0.0052984725,0.0052422034,0.001797152,-0.09190259,0.054759383,-0.03225159,-0.05995444,-0.37878096,-0.048158325,-2.484617,-1.7885044,-0.026146356,-0.07392011,-0.008699477,-0.056571648,-6.683816e-05,-0.0006508254,-0.017437026,-0.014828604,-0.0066472082,0.006077448,-0.015307981,-0.33999056,-0.00027839726,0.004753945,0.0014589222,-5.6031957e-05,-0.009663778
0.011037067,-0.032977756,-0.14963958,0.013461956,-0.05378158,-0.16266562,-0.011001145,-0.06023763,-0.056384057,-0.014485947,-0.0032842846,-0.03641876,-0.035595804,-0.064497896,-0.02862884,-0.07858053,-0.2771471,-0.53436285,-0.07881387,-0.016588528,-0.04917454,0.0015046394,-0.08606441,-0.17084774,-0.033959,-0.048714966,-0.115967125,-0.00954358,-2.1629364,-1.5289141,-0.03508564,-0.011398369,0.0034833585,-0.07856354,-0.007632339,-0.00039431878,-0.008405174,-0.018578768,-0.0053298105,-0.000116759176,-0.012810835,0.0092139,-0.0028592283,-0.07603913,-0.00010550069,-0.00022450642,-0.008989088
0.0005985728,0.027660826,0.072427504,-0.02428991,-0.07218695,-0.038073625,0.0054413965,0.12492854,-0.0065718987,0.0006186941,-0.0036359322,0.0023111904,0.029679297,0.14668426,0.04047875,-0.03411359,0.02209975,0.09635547,0.07297733,-0.000804653,0.004035126,0.0018417627,-0.07893582,-0.115863815,-0.017449398,-0.056123026,-0.18056498,-0.29876387,-2.2120073,-1.5675346,-0.20302296,-0.030412128,-0.004733104,-0.07219722,-0.10306558,-0.0014113315,-0.020107284,-0.018959584,-0.0054365094,0.005151136,-0.0185397,0.008542943,-0.04732851,0.0055819526,0.0031157357,-0.00019569826,-0.010230248
0.0019763461,-0.048935615,-0.20509222,0.01772591,-0.053937443,-0.16455954,-0.016899738,-0.004392588,0.015019202,-0.014555026,0.020891458,-0.04437997,-0.06504061,-0.03904236,-0.021142958,-0.0918374,-0.28244686,-0.55719495,-0.10060241,-0.011417255,-0.046210997,0.001562084,-0.099005274,0.031982463,-0.011368999,-0.07322457,-0.18150106,-0.032562338,-2.133946,-1.4759477,-0.0092471875,-0.054195162,0.0026871054,-0.08167022,-0.084756956,-0.0013589999,0.009127517,-0.017868089,-0.0051908395,0.00080639677,-0.014285265,0.009661474,-0.0017424943,0.004123854,-0.00018848543,-0.00012362338,-0.008508803
-0.003997921,0.000425147,0.091274545,-0.0852062,-0.033092026,0.19974026,0.043454234,-0.0076217507,-0.037960388,-0.06957566,-0.0013432287,0.008437545,0.09421033,-0.050794415,0.0020930984,0.024524016,-0.07913812,-0.15250842,0.052303433,0.019532967,0.010738641,-0.068034835,0.18786332,0.014435443,0.045199536,0.103087045,0.03242543,-0.056225847,0.23700729,0.14486128,-0.021604791,-0.086735554,-0.03306562,-0.0856559,0.011194044,-0.0056808647,-0.057849083,-0.025958816,-0.006569104,0.007973959,-0.009872723,0.019694626,-0.0043469006,0.00956118,0.007819994,-0.0129750725,-0.0060824775
0.023407435,0.0059042484,-0.020824559,-0.06294248,-0.04315156,-0.054278653,0.004652887,-0.011812619,0.014262216,0.03593273,-0.0064196712,0.044854928,0.01137848,-0.026375445,-0.048881806,0.056475673,0.0471779,0.1278123,-0.013530576,0.008370131,0.008964236,0.0017339288,-0.10389891,-0.04203537,-0.019350423,-0.079232834,-0.16281803,0.00023040587,-2.481738,-1.7952656,0.008372116,-0.035739563,-0.00071927736,0.008100787,0.0050688204,-0.0008068122,-0.014244164,0.060626227,-0.0068035154,0.0087951645,-0.020714551,0.012940912,-0.0036171756,0.0068580797,0.0057760645,0.00028756546,-0.011048804
-0.015751034,-0.032673776,-0.15665013,-0.019328,-0.055401236,-0.17346483,-0.0059491307,0.011576181,-0.048830274,-0.015525621,0.031693622,-0.033049658,-0.056849223,-0.059726093,-0.013726976,-0.0753284,-0.28848925,-0.5639413,-0.098686546,-0.018918633,-0.05210224,0.001607746,-0.13569033,0.03533028,-0.036070816,-0.08536725,-0.1269115,-0.004463023,-2.197701,-1.5789686,-0.031687185,-0.013683891,-0.017872615,-0.07105907,-0.0044031087,-0.0007895097,-0.00807995,-0.017815763,-0.0053763296,0.00043855808,-0.012246322,0.009742109,-0.0037209142,0.0036047865,-0.042342704,-0.00018793398,-0.009237681
0.028317545,0.02022792,0.04878858,-0.08849687,0.053894136,-0.03707076,0.02973777,-0.015891572,-0.018923936,0.017548934,-0.0019285128,-0.023068978,-0.012107585,-0.040182307,-0.047167867,0.016153466,-0.06766474,0.10526051,0.03040009,0.016483663,0.008862553,0.002002507,0.024429014,-0.24453968,-0.033720393,0.0393459,0.0579235,-0.098648906,-2.3944852,-1.7393361,-0.06342935,-0.015511859,-0.043850455,-0.10028382,0.016981272,-0.006041534,-0.016424645,-0.016302705,-0.005360193,0.006110769,-0.011107318,0.015195989,-0.0024454654,0.0067123612,0.0038762782,0.0002138846,-0.007845289
-0.03868685,-0.02550777,-0.1446502,-0.054748233,-0.062236227,-0.11682928,0.015070228,0.012599421,-0.026201243,-0.037190992,-0.0030592,-0.04040506,-0.062862806,-0.06929542,-0.0019426532,-0.07265159,0.046283353,-0.502834,-0.098851256,-0.021530975,-0.07079775,0.0016835585,-0.10316243,0.006579735,0.0009200354,-0.07180676,-0.11476052,-0.012329806,-2.264106,-1.6082654,-0.07228445,-0.007053841,-0.016867429,-0.09178993,-0.0018246754,-0.0011598452,-0.00879529,-0.020240102,-0.006030073,0.001971223,-0.012579807,0.011665917,-0.0035943254,0.0038346453,0.00075972296,-0.0009338689,-0.009590826
0.0019386649,0.020838637,0.028286042,0.03735466,0.06790214,-0.054761246,0.04394784,-0.023078393,0.006828586,-0.07108041,-0.003044059,0.0179527,-0.002250656,-0.037366774,0.017827148,0.022205804,0.015889164,0.10007117,0.0016861558,-0.032692894,-0.087434806,0.0017933355,-0.119123235,-0.21344018,-0.025291748,-0.085097,0.06074391,-0.14399861,-2.4614825,-1.7441714,-0.15998302,-0.030063,-0.0011429699,0.029033283,0.0008774345,-0.0019010674,0.018664738,-0.015942331,-0.005179875,0.005223919,-0.012820791,0.0077787125,-0.0016864599,0.0059229396,0.0044563934,-0.0011035848,-0.008856852
-0.13305435,-0.0040482734,0.010720039,-0.015881183,0.028694684,0.13757493,-0.107650325,-0.002073646,-0.011478042,0.05320128,-0.003194116,0.033870704,-0.0065966854,-0.011121656,-0.012960198,0.0006046158,0.0006891473,0.073477775,0.0039787414,0.033783954,0.003738973,-0.024575502,-0.09896168,0.033929173,-0.0405062,-0.04199878,0.052708402,-0.10300081,-2.3634064,-1.6622908,-0.11698231,-0.05405835,-0.014339182,-0.070695266,-0.0014529914,-0.0016134278,-0.016459191,-0.01631076,-0.0058766296,0.0035949098,-0.01369762,-0.3807353,6.267871e-06,0.004896701,0.0015260687,9.465198e-05,-0.008664972
0.005984851,-0.021245567,-0.1461217,-0.019064782,-0.05580261,0.16353004,0.036151864,-0.01132453,0.014434104,-0.024352623,-0.0060755936,-0.032984197,-0.050050985,-0.023729896,-0.03692466,-0.061242234,0.10212132,-0.30500343,-0.068210475,-0.008977347,0.0010274583,0.0021962463,0.058636654,-0.007640055,0.02659144,-0.0072838953,0.054833386,-0.39982268,-2.2140646,-1.6118473,-0.34799835,0.015570529,-0.0022569716,0.031579338,0.011113625,-0.0010951869,-0.008717719,-0.026627203,-0.0068603978,0.0025884882,-0.016347023,-0.2891898,-0.0061519756,0.0041734795,0.003811664,0.0003496322,-0.007974833
-0.015353161,-0.06575273,-0.18850695,0.013259943,-0.074762866,-0.21289691,0.00928152,-0.031602148,0.02400733,-0.005685041,-0.008074509,-0.016202593,-0.0232593,-0.030256711,-0.044704497,-0.08602299,-0.24321812,-0.5399024,-0.111738764,-0.0043110247,0.0028809153,0.001685217,-0.10614498,0.02202786,0.02209795,-0.0651268,-0.22859767,0.22269039,-2.1950967,-1.5614811,0.1548746,-0.03304148,0.00061731646,-0.08001577,-0.08091478,-0.0010085935,-0.009185009,-0.017090831,-0.0047035874,0.0039229323,-0.013765535,-0.22160335,-0.00072014995,0.002960683,0.00032621136,-8.257588e-05,-0.008342676
-0.00055999664,0.0035001652,0.016147159,-0.0850335,-0.011812893,-0.050436825,0.053990845,-0.002265483,-0.02817961,-0.050163243,-0.0010496841,-0.035613753,0.014034505,-0.027014831,-0.00082265073,0.0062834756,-0.037442036,0.1376965,0.018990556,-0.0025879457,0.008662529,-0.09143263,0.1781805,0.09018934,0.04566923,0.08480202,0.050936107,-0.05802692,2.1512656,1.6140206,-0.030445168,-0.07916336,-0.032124586,-0.051454093,0.030008424,-0.005111007,-0.016363606,0.07148022,-0.004482632,0.009151644,-0.00809484,0.031085402,0.004244793,0.012224166,0.0070166783,0.00063357333,-0.0056076786
-0.00051939866,-0.019800859,-0.033900097,0.025312036,0.056618698,0.16413963,0.024651121,-0.0057676234,0.009299393,0.02759668,-0.0059566596,-0.034967206,0.021180147,-0.039373927,-0.001984853,-0.00013965573,0.12574837,-0.15611032,-0.015026202,0.017042147,0.0033045255,0.0019357321,-0.17837979,0.044967096,0.009251923,-0.14388292,-0.31942335,-0.06530758,-2.449739,-1.7036802,-0.1056129,0.0073697944,0.0018225149,0.03381656,-0.000979442,-0.00062818296,-0.014042904,-0.018967872,-0.005969761,0.002273876,-0.017280623,-0.3569249,-0.0021987834,0.0045594797,0.004945346,6.574992e-05,-0.008596697
0.017869681,0.028619103,0.05893234,-0.048278008,-0.0099852765,-0.03820546,0.039141133,0.0038813003,0.019260421,0.07835172,-0.0041866703,-0.0008218183,0.032285687,-0.024871992,0.03193645,0.0007361747,-0.032115664,0.05555492,0.040708553,0.03432067,0.00725912,0.0016346903,-0.117161706,-0.05782846,-0.016811242,-0.052660707,0.13054729,-0.08421026,-2.4915957,-1.8190616,-0.094547555,-0.07767242,-0.00058132625,-0.072316155,0.023829754,0.015762497,-0.01633013,-0.021230035,-0.006006243,0.0073500215,-0.011939622,0.015398197,-0.0016147435,0.0057496172,0.001302337,0.00053042005,-0.009305898
-0.060544565,0.038115192,0.06728707,0.02828375,-0.11734122,-0.018828388,0.023168188,0.007379834,0.0012546986,-0.006935518,-0.0008059665,0.050276726,0.018064268,0.046500035,-0.045986194,0.035824455,0.07417109,0.12701829,0.016492825,0.0008361083,0.008503084,0.0052255737,0.105157055,-0.03945605,0.018308144,0.058695007,0.4347023,0.08537706,2.074748,1.5726148,0.09297193,-0.020847717,0.0057697943,0.05451992,0.046032064,-0.0033271022,-0.007473805,-0.011336274,-0.0046421643,0.009518503,-0.011186651,0.02839238,-0.09453742,0.012074235,0.015015286,0.0013280666,-0.008011756
-0.017259471,-0.07329245,-0.16363515,0.005243197,-0.061892506,-0.14996763,0.010934451,-0.0067955945,0.016222695,-0.013920206,-0.003179212,-0.05128331,-0.06842998,-0.04491127,-0.053297848,-0.08401584,-0.22593918,-0.48316544,-0.09098231,-0.011732776,-0.039959926,0.0015845126,-0.08295279,-0.09532357,-0.01887607,-0.05001931,-0.119546235,-0.016314939,-2.1363328,-1.4894809,-0.057459116,-0.04733363,-0.0006803389,-0.08130337,-0.060736317,-0.0005163673,-0.008494012,-0.019947128,-0.005433011,0.0016762405,-0.014514154,-0.23215684,-0.0033512916,0.0032586576,-0.00064546335,-0.00014415225,-0.008873048
-0.19427142,0.026241627,0.11932334,0.114345424,-0.087851636,-0.12786573,0.038018968,0.008426821,0.046302903,-0.0532167,-0.00090636744,0.029036133,0.016767211,0.0021877026,0.034642357,0.00762884,0.08685147,0.14527614,0.07979721,-0.035032265,-0.08692273,0.0032374496,-0.080115356,0.12212569,-0.04605108,-0.08920555,-0.046042442,0.41815102,1.4504993,0.97358406,0.27079114,-0.05864683,-0.005124304,-0.12204178,-0.13451059,-0.0008586827,-0.0051750853,-0.0088904295,-0.003875964,0.006176925,-0.0073988554,0.020663409,0.009230032,0.007117936,0.0027697268,-9.555306e-05,0.024950724
0.018943131,-0.014047806,-0.007287032,0.035316657,0.042325333,-0.19933788,-0.02475946,0.007971856,-0.031073352,-0.18327852,-0.0020810366,0.045497507,0.035005346,-0.039928716,0.037148006,0.02122439,-0.22803678,-0.5496735,-0.01644198,-0.14580254,-0.0011032402,-0.028414844,-0.09222798,0.011709196,-0.018192487,-0.031128312,-0.043343697,-0.051882472,-2.319918,-1.689223,-0.019493392,-0.025570368,0.0038086337,0.027679443,-0.00060189137,-0.0015643546,-0.010498695,-0.016242474,-0.004953116,0.002294054,-0.014598128,0.0073144175,-0.0023224484,0.004029061,0.0044980263,-2.0776453e-05,0.045683153
-0.013872628,-0.009864318,-0.011610188,-0.005166162,0.033088975,-0.061451398,-0.1254772,0.005914319,0.0060304194,-0.16073349,-0.0062440867,-0.037048955,-0.055543587,-0.012178865,-0.0016168547,0.004003706,0.037178542,0.11731632,0.009487722,-0.105045535,0.0051178313,-0.023161784,-0.13686198,-0.1655603,-0.02001615,-0.12631848,-0.4499689,-0.024312466,-2.2435179,-1.6127068,-0.0025084338,-0.010216474,0.0012407528,-0.073139094,-0.069441885,-0.001699384,-0.02011465,-0.014337978,-0.00657784,-0.00025708674,-0.021707797,0.0076099057,-0.0007718545,0.005042039,0.0023674036,-0.009994781,-0.010032689
0.0054283915,-0.060383935,-0.06460451,0.00779154,-0.0896775,-0.1853603,-0.07761186,0.008624444,0.016902035,-0.0013573337,-0.007718102,-0.030953472,-0.061001558,-0.046903778,-0.033374093,-0.12150217,-0.26201895,-0.5192212,-0.021225715,0.009541022,0.0017018109,0.0013375282,-0.10672934,-0.06925529,-0.0028011892,-0.023444248,-0.21078046,-0.036970127,-2.2258964,-1.523081,-0.0032912965,-0.06672597,0.001670687,-0.08447082,-0.07917038,-0.0008138926,-0.011299028,-0.019234855,-0.0047645164,0.00042457823,-0.01708211,0.010249828,-0.00038469027,0.0043011373,-0.039649647,0.00013696334,-0.009179841
0.04388944,0.02991146,0.047871593,-0.12162835,0.015737768,-0.069490634,0.06419568,0.0076710964,-0.042012893,0.05106598,-0.0011468586,0.03438744,0.04083994,0.040379826,0.028609142,0.06351587,0.0681764,0.09566926,0.027850429,0.03115119,0.0068029054,0.005445887,0.04628447,-0.061181746,0.037539706,0.023409648,-0.24055927,-0.053009056,2.154263,1.5967177,-0.06303393,-0.013672287,0.0002820371,-0.08057938,-0.24798372,-0.0021628044,-0.019261543,0.07934825,-0.0043471,0.0078039444,-0.015467928,0.02209193,0.0015279879,0.012415679,0.008245789,0.0008053492,-0.0073913094
-0.19990478,-0.01236136,0.06445626,-0.042954702,-0.11307997,-0.0743199,0.06456047,0.028735187,-0.0037301946,-0.03557171,0.034229215,0.024616566,-0.11258951,-0.014586832,0.019757217,-0.09965987,-0.1128271,0.037404645,0.03066985,-0.0063850656,0.0118088685,0.0024592392,-0.10648199,0.03707284,0.049804393,-0.05904814,-0.032463886,-0.38333446,-0.5952308,-0.3787973,-0.21934043,-0.06088694,-0.014215599,-0.10498884,-0.21741952,-0.004125033,-0.04971892,-0.046094023,0.09317895,0.007936352,-0.016647875,0.014100214,-0.00048160733,0.007357951,0.0043920665,-0.00055202236,-0.007717456
0.002502611,0.012668181,-0.056757335,-0.073986046,0.037854914,-0.040302604,0.041386794,-0.0290572,-0.023657445,-0.0802039,-0.07221676,-0.02858261,0.02698374,-0.030240325,0.022398796,-0.0068179015,-0.07908198,0.06636688,-0.017585175,-0.05830036,-0.06838373,0.0017056547,-0.11038894,0.038874943,-0.009509969,-0.06710033,-0.14950833,-0.15774067,-2.509855,-1.7813555,-0.18297936,-0.056977104,-0.0038269544,-0.06119284,-0.15308283,-0.0027540242,-0.014618422,-0.01938528,-0.0071538687,0.0068752146,-0.01631375,0.006523241,-0.002884711,0.0050390083,0.0006119913,-5.131867e-05,-0.009102987
-0.010140265,-0.06799174,-0.16266406,-0.010549389,-0.09538552,-0.17836985,0.010253034,-0.0060541634,-0.05098628,-0.01644447,-0.0054727932,-0.039386474,-0.06398945,-0.0053769746,0.019950911,-0.08754492,-0.26525128,-0.5246308,-0.098029085,-0.029204642,-0.04882644,0.0016723528,-0.09707895,-0.13627084,-0.020190839,-0.0610678,-0.12126359,-0.008461301,-2.2197871,-1.5409093,-0.04586383,-0.03669731,-0.0046402556,-0.081130765,-0.0007133218,-0.0006763948,-0.007945339,-0.019689746,-0.0052860086,0.0022708667,-0.0125537105,0.010489922,-0.004589511,0.0038260133,-0.00038400732,-0.0037264177,-0.0091570215
0.00037178397,0.010728715,0.095109515,0.06163943,0.05362987,0.15730345,0.047892105,-0.020716328,0.022731142,-0.0067565013,-0.0018591203,0.028913725,-0.029010415,0.14038534,-0.021895744,0.041049454,0.09607557,-0.37545004,0.048242636,-0.008898691,-0.09019196,0.0017992556,-0.07727848,-0.067685686,-0.023000332,-0.0751186,-0.0195137,-0.011975055,-2.4335892,-1.7812469,0.013993087,-0.017229633,0.0032258471,0.034129504,0.009429887,-0.0008810131,-0.010782902,-0.016841529,-0.0057743196,0.0066201864,-0.017029183,0.008834621,-0.052208122,0.0064642443,0.0067529776,0.00019458537,-0.008490743
-0.114196174,-0.048391644,0.039158367,0.014962581,-0.055772606,0.1578905,-0.01790945,-0.0052988036,-0.018911082,0.029556388,-0.005158658,-0.04991012,-0.1326405,-0.041621294,0.005301551,0.0047485474,0.03307452,-0.17846674,-0.0049806787,0.005866669,0.0068144277,0.0017037416,-0.18664005,-0.19957337,-0.036578014,-0.15991205,-0.14809586,0.2217863,-2.3280644,-1.710162,0.14546917,-0.029620206,0.001543086,0.03141117,-0.001276271,-0.0015214151,-0.01313673,-0.008049257,-0.006986114,0.004117222,-0.012674072,0.008923191,-0.00097480766,0.0036204306,0.004576129,-0.007382848,-0.007249787
0.028562557,0.027309742,-0.058953267,-0.035510033,-0.034181077,0.1326969,0.02644653,-0.038396616,-0.01827668,0.022992326,-0.006858227,0.05124902,0.0014289165,0.0056634923,0.009223676,0.05444518,0.02710001,-0.19976613,-0.030143088,0.031333003,0.00888008,0.0020010811,-0.14954045,-0.0048131663,-0.009768203,-0.0968319,0.18826234,-0.15160224,-2.570198,-1.863323,-0.21426903,-0.049508583,0.0023887858,0.015760358,0.0087370705,-0.001862254,-0.016810065,-0.019545179,-0.006580158,0.009444298,-0.014350528,0.010831459,-0.0039927834,0.005633531,0.0061723203,2.1126485e-05,-0.0121319825
-0.006779703,-0.0016990725,0.06431894,-0.053637117,0.04971065,-0.0025769086,-0.08359415,-0.0107739065,0.020295804,-0.03495692,-0.0038489627,-0.035163943,-0.06986356,-0.061894134,0.0033447323,0.04228062,-0.05283903,0.11006079,0.031797983,-0.024712987,-0.14041536,0.0020873323,-0.1536234,0.04265779,-0.019389344,-0.11279882,-0.29693994,-0.0533188,-2.4647982,-1.7420464,-0.027200576,-0.047548026,0.0010577273,0.033112958,-0.0015770913,-0.0031948378,-0.021847988,-0.011229805,-0.0065535815,0.0031475748,-0.015651667,0.006813658,5.1515275e-05,0.0048795794,0.004117716,-0.0061061857,-0.008574626
0.06988242,0.06061176,0.09756013,-0.062974624,-0.071623154,-0.10431106,0.04581187,0.020796793,-0.038958594,-0.024029335,-0.0005004642,0.07649138,0.0076801367,0.040782098,0.07361678,0.050371666,-0.07987009,0.07759335,0.07632274,-0.027977036,-0.07229697,0.004106412,-0.04713466,0.1267696,-0.028031128,-0.0012464115,0.056186885,0.3955637,1.2904702,0.8921284,0.33362943,0.031455994,-0.0046550683,-0.104288265,0.041828874,0.00333848,-0.010111283,-0.013018363,-0.0041249646,0.011057642,-0.0061281365,0.024210177,-0.21240306,0.008292141,0.003275457,-0.0007596468,-0.013087216
-0.006652212,-0.03986851,-0.16938303,0.03576234,-0.06991427,-0.17812069,0.006026588,-0.04041542,-0.052783255,-0.007768469,0.023755876,-0.05168248,-0.060759,-0.078345634,0.0016552794,-0.08130107,-0.27001584,-0.5768015,-0.09472654,-0.0047256406,0.00057068357,0.0016522403,-0.07028297,0.031622965,-0.022031454,-0.04910447,-0.08177364,-0.011600395,-2.173911,-1.5109435,-0.04861322,-0.008900305,-0.015862621,-0.071232714,-0.0047515933,-0.0004366709,-0.008124469,-0.019210726,-0.005009966,0.0010641122,-0.012767009,-0.26715127,-0.0027241318,0.003747527,0.0003965201,-9.719813e-05,-0.0077477572
-0.0057160803,-0.0028878178,0.100726336,0.008913123,-0.013555488,0.1504201,-0.04816718,-0.0009218269,0.020303069,0.0051635243,-0.0020027582,0.03030125,-0.005142959,-0.017341183,0.004181903,0.022320956,0.0857531,-0.4197082,0.10143792,0.0075015747,0.003827399,0.0021691117,-0.08053035,0.0093944045,-0.011951845,-0.06932677,-0.08104226,-0.054935113,-2.4857137,-1.7832053,-0.022891961,-0.03396431,0.00960242,0.014765966,-0.0030660415,-0.0014626068,-0.010931084,-0.014660096,-0.0056846584,0.0028457637,-0.017100368,0.011196074,-0.0026791624,-0.12128675,0.00471222,6.113403e-05,-0.007939781
-0.048047226,-0.004521729,0.04697618,0.08001263,-0.047425043,0.17892016,0.007668624,-0.015159339,0.037090313,0.049404815,-0.00037500562,-0.026207468,-0.0889211,-0.016694019,0.025899425,0.008896363,0.05469637,-0.05736932,-0.005038887,0.02849955,0.0053674313,0.00467354,0.13548933,0.01038846,-0.033330753,0.09269642,0.073366135,0.28450558,2.0945292,1.5932903,0.23174062,-0.03769495,0.010697531,0.02489364,0.018799292,-0.002685896,-0.01764571,-0.008053742,-0.0034779778,0.007003831,-0.0069113253,0.017518083,-0.00024077766,0.00847878,0.010894719,0.0013025703,-0.007961667
0.0140274055,-0.00036994086,-0.0022597245,0.007689574,0.0054286085,-0.019609679,0.033427384,-0.003153446,-0.0017384258,0.0036966673,-0.00071590696,0.03802648,0.037136283,0.05973276,0.020017851,0.012520597,0.06575838,0.16373144,0.0008905649,0.016638232,0.0059877164,0.004845388,0.12710093,0.021483226,-0.010067065,0.108266585,0.106799334,0.33686328,2.056422,1.5487411,0.26892933,-0.034322537,0.0019109175,0.040078983,0.030817574,-0.0011607582,-0.011957364,-0.013882962,-0.0045795185,0.009776669,-0.0076961634,-0.51285934,0.0010724537,0.006873968,0.010476512,0.00083618425,-0.009821313
-0.11920262,-0.044809453,-0.0409079,0.002396428,-0.01571797,-0.04070714,0.03697662,0.012343508,-0.005294498,-0.07571255,-0.0047809593,-0.03341469,-0.03830228,-0.037538964,-0.046182726,0.023120498,0.02231748,0.14818773,-0.010576846,-0.041117616,-0.1048956,0.0015028755,-0.141316,0.05271622,-0.020039197,-0.08596669,0.023596752,-0.024808062,-2.3929837,-1.7076857,-0.0036944605,-0.061600376,-0.001941525,-0.068822816,-0.12838806,-0.0031129825,-0.016663374,-0.012157494,-0.00593885,0.004022689,-0.014889476,0.010702615,-0.0026848218,0.0057496037,-0.00045529898,-0.00077318575,-0.008351867
0.030942528,0.021252818,0.014998062,0.027575405,0.0030916901,0.108803764,0.033317525,0.007455654,0.025282877,0.022353038,-0.001156371,0.04174997,0.03702909,0.14115697,-0.003995304,0.06995044,0.017267384,-0.11695124,0.0005222866,0.0019025003,0.004013717,0.0024986723,0.0379585,-0.02843536,0.014754558,0.004937788,-0.18278946,-0.5186395,-2.2589886,-1.6521922,-0.45763686,-0.032993283,-0.0014323654,-0.06655983,-0.16451725,-0.0015598211,-0.015515933,-0.019325996,0.087296665,0.0062067835,-0.021073438,0.01283178,0.0010741882,0.005637236,0.0038696837,0.0002044464,-0.007555234
-0.06500596,-0.023985915,0.06919387,-0.09224411,-0.016226927,0.12869316,0.035958935,-0.0141969435,-0.004274766,-0.030969132,-0.0036551405,0.030939188,0.004678663,-0.051234487,0.0035216014,0.0109827155,-0.026699595,-0.12519121,0.045925926,-0.004307458,0.009067629,0.0019593984,-0.10387718,-0.0539167,-0.020603554,-0.062300928,-0.26349306,-0.015700106,-2.4765413,-1.8054984,0.02520805,-0.023085544,-0.0014685207,0.04346418,-0.008351659,-0.0023477264,-0.022903478,0.0559713,-0.005289389,0.0054495665,-0.013691449,0.0101544885,-0.0017250422,0.007046952,0.006592925,-0.00041199056,-0.0105322655
-0.025203422,0.018312387,0.08668815,-0.0050332267,0.035146557,-0.051407803,0.02842404,-0.012269572,-0.013807955,0.04813375,-0.002851806,0.008613061,0.016849846,0.13436954,-0.0014822835,0.045850392,-0.009186294,0.10397628,0.041110635,0.033607446,0.007396507,0.0019540526,-0.12992074,0.036250368,-0.011712322,-0.07330241,0.043347258,-0.12939577,-2.4529624,-1.7297894,-0.14364909,-0.027822845,-0.0035753949,0.035884928,0.010078782,-0.0018628377,-0.015379056,-0.01627398,-0.0065899943,0.0063589886,-0.012915865,-0.38681296,-0.00028045196,0.0045090644,0.005452051,1.2939079e-05,-0.007813853
0.043437004,-0.055796176,-0.0779549,0.078398176,0.07582547,0.19504966,-0.08250895,-0.024240123,0.008096371,0.010686061,-0.0012713666,-0.010260721,0.0030850174,-0.010966251,-0.058333736,0.026258152,0.10428329,-0.04717536,-0.0360146,0.008264959,0.007914682,0.0058095893,0.39865384,-0.22000062,-0.05692203,0.31531814,-0.05646866,0.049375862,1.3571566,0.9085577,-0.0010992554,0.02783601,0.014731533,0.112736836,0.030325413,-0.00033285728,-0.0073986785,-0.020202147,-0.0046927333,0.008971512,-0.009007148,0.03009604,-0.00066877436,0.010414664,0.012028199,0.00016516096,-0.01357185
-0.014848113,-0.04861919,-0.17684008,0.040612184,-0.056065977,-0.16424164,0.008756961,0.03615968,0.013511697,-0.020156413,-0.0038212962,-0.0400727,-0.06781352,-0.05359193,-0.035272878,-0.08643223,-0.27194542,-0.5370291,-0.098592535,-0.020610733,-0.0011988598,0.001575319,-0.12487138,-0.0016395362,-0.019466931,-0.058711134,-0.0735748,-0.011376638,-2.2391124,-1.5903049,-0.062906995,-0.0085809035,0.0010241151,-0.07686933,-0.079021245,-0.0007703745,-0.00024201073,-0.019720921,-0.005157687,0.0014243972,-0.01407302,0.010092881,-0.0026985381,0.00396449,0.00027766376,-0.000116320545,-0.008756809
0.015967838,-0.031727247,-0.15125668,0.0026743123,-0.034922,-0.17390169,-0.0066838367,-0.0017769613,0.033276837,-0.009845024,-0.0032438026,-0.050472524,-0.053928185,-0.053625565,-0.020575663,-0.07463567,-0.2371727,-0.5098385,-0.092907235,-0.007539452,-0.04397944,0.0014704892,-0.13735013,-0.13158105,0.018826438,-0.10067945,-0.18190898,-0.030000877,-2.1607375,-1.5043118,-0.007425714,-0.06010426,0.0029426126,0.0815655,-0.00018272651,-0.0010663017,-0.009065949,0.109306365,-0.005332554,0.00032170222,-0.014553494,0.01051412,-0.0026533958,0.0044624982,0.0019855644,-0.00018680381,-0.007441879
0.047735658,0.062301256,0.14507252,-0.057541933,0.0034668853,0.14568737,0.034614727,-0.029943215,0.054273713,0.03031193,-0.0023640695,0.042028155,0.042242903,0.025780289,0.024292903,0.066375494,-0.0042914487,-0.16103576,0.08146173,0.021660447,0.0063605984,0.0018248791,-0.13290803,0.04892281,-0.009546137,-0.06814105,0.015130195,-0.0049406686,-2.4275844,-1.760562,-0.09099738,-0.04209513,0.0032314449,-0.0635005,0.0101451045,0.004106161,-0.012273627,-0.017136693,-0.0066163815,0.008824242,-0.01388976,-0.33698183,-0.0005567306,0.0048826244,0.0031151122,1.9685158e-05,-0.008831413
-0.01316436,-0.02804923,-0.112476155,0.008312172,-0.044226833,-0.17042996,0.043227416,0.0041908934,-0.003586428,0.014808252,-0.0011776161,-0.024307355,-0.0056292145,-0.043855723,-0.026172392,-0.08001212,-0.2619088,-0.46889716,-0.08694315,0.0055277594,0.00018614622,0.0017609625,0.030109996,-0.043427754,-0.03981179,0.004745043,-0.17988023,-0.2878415,-2.2046266,-1.5646503,-0.20611437,0.00039119064,0.0017973112,0.055423107,0.0017865321,-0.0015209564,0.01725909,-0.024743143,-0.005298806,0.0008710008,-0.016360585,0.011595933,-0.007856429,0.0049446435,0.0034734916,9.705555e-05,-0.007382787
0.010917161,0.026527997,0.069257736,0.008765632,0.037137527,-0.037818603,-0.13643853,0.015974853,-0.0108322585,0.02573781,-0.0044964077,-0.0030301572,-0.0012120887,0.005885775,-0.016998285,-0.0009279822,0.023217548,0.061859846,0.033607494,0.02179211,0.009563352,0.0020963298,-0.13194232,0.08397002,-0.0683741,-0.0842781,-0.34789965,-0.046594802,-2.4869814,-1.76159,-0.02329132,-0.04864587,-0.00013273855,0.046161376,0.00798396,-0.0012097501,-0.020141885,-0.016141767,-0.006623962,0.0052247597,-0.016799092,0.014149558,0.0008628438,-0.12843508,0.0069434233,3.0228417e-05,-0.014476978
-0.07437691,0.016500505,0.030320218,0.053882323,0.005011757,0.115918085,0.033384766,-0.019730177,0.04528667,-0.040425003,-0.00483202,0.014516676,0.006538168,-0.03690247,-0.008827202,0.005771526,0.05482421,-0.10643954,0.03241983,-0.021750744,-0.06652677,0.0021814054,-0.14879058,-0.2539129,-0.020014966,-0.11015231,-0.38715407,0.26500854,-2.4938574,-1.7912835,0.1888126,-0.03938711,-0.00011211052,0.0110921,-0.018645715,-0.00040296116,-0.011349631,-0.014667479,-0.005217775,0.0054704007,-0.011748593,0.008109967,0.00093171,0.0027471334,-0.10059414,-0.00018176799,-0.0118064005
-0.011254508,-0.005392818,0.003941711,-0.025054142,0.03014901,-0.053824924,0.065181844,0.0044552507,0.021273304,-0.041723516,-0.0013551561,-0.04870808,0.01271229,-0.04497859,-0.039722405,-0.0048524514,0.0531223,0.11889748,0.0061732675,-0.019609183,0.0072793714,0.0023691845,0.056523193,0.06950489,0.0068956264,0.04986757,-0.09148187,0.009051615,-2.4912918,-1.8418748,0.042470288,-0.13292462,-0.0012716167,-0.084419884,-0.16954236,-0.0014092496,-0.016317459,-0.016071295,-0.0048417654,0.0043299505,-0.018043349,0.015299386,-0.0010455044,0.00836012,0.001939867,0.00030620667,0.0054840087
0.007957058,0.00029860754,0.009465181,0.038353976,0.0055230954,-0.028914694,-0.039392676,0.0032262036,-0.029692974,0.018836169,-0.006531148,-0.026017684,0.014615137,-0.049436014,0.049381375,-0.012837119,0.04947346,0.14474382,0.023299575,0.008628512,0.00737732,0.0021273724,-0.10305418,-0.2505284,-0.0050153215,-0.08399085,-0.36604652,-0.09001822,-2.4853847,-1.7503126,-0.112237416,-0.014726365,-0.001269069,-0.0759643,0.007952963,-0.0005899246,-0.018999314,0.10932416,-0.0063176416,0.0047921096,-0.013309681,0.01328992,-5.8853086e-05,0.005019941,0.0015720532,1.9769483e-05,-0.010349888
0.040687133,0.016618768,0.10516579,-0.10645698,-0.0126628,-0.029677024,0.031616732,-0.0028455858,-0.020587329,0.046486758,-0.0032927247,-0.029305896,0.0225699,-0.01496274,-0.0024229882,0.015330261,0.07243231,0.19058564,0.049264953,0.029541897,0.010954041,0.0049418397,-0.037898052,0.03392779,-0.0017303311,-0.022944625,0.4922361,0.10721993,2.1212168,1.6294523,0.15108804,-0.066308714,0.0022470641,0.025428174,0.023267161,-0.003264312,-0.0044092587,-0.013278391,-0.0057527637,0.011286275,-0.011196222,0.02867048,0.0008571476,0.009373338,-0.16390319,0.00043574703,-0.0091291275
-0.011709013,-0.048727043,-0.20329066,0.030839289,-0.061398897,-0.1882492,0.016107101,-0.055705868,0.0135231055,-0.019486925,-0.053088497,-0.04741955,-0.056919567,-0.058817737,-0.004673229,-0.08539087,-0.30652687,-0.5483972,-0.10254517,-0.010734987,0.0018561142,0.0015046794,-0.04954456,0.03760818,0.014196617,-0.037759133,-0.08635787,-0.013911398,-2.2490742,-1.5739028,0.0035836012,-0.0023269118,0.00097124634,-0.07035402,-0.07121301,-0.00023344581,-0.0073092785,-0.018289905,-0.0049491893,0.0020661568,-0.013900635,0.011195446,-0.0021912626,0.004794394,-0.049910594,-0.00010568889,-0.008139026
-0.059726477,0.04226041,-0.022228513,-0.025623836,-0.01337077,-0.1129132,-0.067346506,-0.031667523,-0.047165208,-0.015378147,-0.00096430443,0.025305688,0.0060536284,0.0106220655,-0.009881277,0.013978833,0.057692222,-0.50805265,-0.02145893,-0.017485311,0.0008017157,0.0028056556,0.1748977,-0.013210571,0.0021118214,0.12236423,-0.1878909,-0.018793132,-2.4044523,-1.6538501,-0.0049593435,-0.0052973703,-0.03017229,-0.08841529,0.013726602,-0.002010592,0.019256148,-0.016160361,-0.004972495,0.0052410993,-0.014188658,0.011199816,-0.0022448862,0.006907282,0.0044298163,0.00045433664,-0.0057120845
-0.019907577,0.009132107,0.0873504,-0.094292335,0.04233895,-0.033591446,0.009324663,-0.020380555,-0.012645309,0.06846991,-0.0018406884,0.035986118,-0.010437721,-0.03375278,0.008280894,0.006246323,-0.057660952,0.07803005,0.0408294,0.04762608,0.0064071394,0.0021296735,0.093268864,0.034615666,0.0012833452,0.035302054,0.028094398,0.070555575,-2.441058,-1.7051759,0.0009277383,-0.02671324,-0.028645104,-0.07977748,0.03226451,-0.0033813964,-0.02026086,-0.017664518,-0.005243711,0.008785007,-0.010776144,0.017744329,0.0028198971,-0.14549805,0.0010808323,0.00041101297,-0.008825115
0.04110764,-0.012173334,-0.034608677,-0.0030237876,0.046885133,-0.02651675,-0.06476605,-0.02784023,-0.0368518,-0.061953776,0.036511343,0.02995099,0.02425493,-0.0020977757,-0.00629424,0.047979087,0.024415806,0.0909834,-0.0030679456,-0.034762923,0.007684934,0.0022045309,-0.1408716,0.056018602,-0.014828889,-0.10452913,-0.3875753,0.2649793,-2.55532,-1.8335742,0.20941313,-0.013945605,-0.0077268938,-0.018358663,-0.00282946,-0.001039482,-0.0132110175,-0.015874505,-0.006123473,0.00706358,-0.012313017,0.009552084,0.0017069783,0.0039724037,-0.1279832,-0.000114862916,-0.009138536
-0.017166022,-0.0046354826,0.028763903,0.0278031,0.04341206,0.15209606,-0.004748409,0.05678492,-0.011760541,0.0053043226,-0.0013098591,0.03594009,0.019660333,0.15183492,0.014917897,0.045887854,0.0793123,-0.16871555,0.0014976937,-0.015280358,0.0068016658,0.0026533308,0.019212153,0.016156347,-0.003260746,0.019974189,-0.31281424,-0.034589577,-2.3551617,-1.7248187,-0.018501008,-0.04947868,0.0058774133,0.038311534,0.017209424,-0.0013616473,-0.0188057,-0.014600955,-0.0053448947,0.0076156673,-0.021302812,0.017319674,-0.0017694959,-0.16749491,0.009459021,0.00079293764,-0.008905532
0.031867456,0.02237489,0.0069717043,0.05249269,-0.03652954,0.13716432,0.022182642,-0.014913102,0.026153654,0.014109853,-0.0052098464,0.002441505,-0.0057990705,-0.010653058,-0.008089027,0.02307288,0.050463222,-0.14247307,0.017167786,0.012917899,0.0064355177,0.0022878908,-0.16468507,0.07353174,0.016671559,-0.11775805,0.18959375,-0.15879655,-2.5948057,-1.8781861,-0.20466232,-0.022492196,0.004248089,0.005279741,0.0048330342,-0.0007192516,-0.019664126,-0.020299582,-0.0050249556,0.008887915,-0.013566219,0.011713016,-0.0034494568,0.0055512367,0.0059880908,0.0001573068,-0.010221503
0.0011555958,0.023328833,0.06799834,0.020576138,-0.016293941,-0.0563552,0.018867562,-0.016091067,0.017716583,-0.0019676809,-0.0024260487,0.055719886,0.03328154,0.1438578,-0.023237763,0.00063124264,-0.12921363,-0.48205817,0.08200143,0.0047620893,0.0012992532,0.001933682,-0.12780656,0.0053438162,-0.016719706,-0.064101934,-0.037454616,-0.02422863,-2.3630335,-1.6815032,-0.013065811,-0.03062128,0.00887151,0.04253556,0.0016529356,-0.0014384472,-0.009952651,-0.013683947,-0.0047196387,-0.12710154,-0.01790264,0.009090047,-0.0018423764,0.0048771976,0.004744381,-1.0685519e-05,-0.0069339084
-0.060008436,0.037451252,-0.12115962,-0.07106125,-0.12515552,-0.17354976,0.090734065,-0.022674127,0.016511718,-0.03552956,-0.0010387277,-0.0025422897,0.005482057,-0.019480186,0.020217365,0.023812087,-0.06464114,0.06378291,-0.119148694,-0.03764349,0.0070099053,-0.056483254,-0.033303667,0.13213219,-0.048865337,-0.05149268,0.006935729,-0.00409758,1.2291746,0.7912157,-0.014802015,-0.08528018,0.0006603731,-0.14016576,-0.25388113,-0.004424917,-0.019154621,-0.018220851,-0.00432249,0.0054343897,-0.012242714,0.020498224,0.0023390062,-0.27016467,0.0044946116,-0.000466062,-0.012083716
-0.069699116,0.020826489,0.06666255,-0.0075464207,-0.033110805,-0.027459571,-0.024213422,0.003952679,-0.009567818,0.0022421002,-0.0004281571,0.027064783,0.0063030254,0.012242551,-0.040111367,0.015269111,0.029622762,0.16773283,0.01752571,0.008468392,0.012775133,0.005010588,0.12176211,-0.0003730345,0.043049004,0.1236028,0.39483735,0.09922909,2.0860922,1.595023,0.08932652,-0.04179518,0.0037736215,0.06448868,0.03849059,-0.004633691,-0.011788815,0.024066633,-0.0040560523,0.011092805,-0.009712126,0.025609361,-0.003538,0.012500524,0.013530275,0.0012012874,-0.0033484602
-0.18330154,0.018604567,0.07558419,-0.10455405,0.07252645,-0.10927572,-0.0049564457,-0.019526757,-0.00033039745,-0.050737783,-0.0003386611,0.049415488,0.002047759,-0.006119559,-0.08257896,0.037480652,-0.101606205,0.04313548,0.045892645,-0.04074156,-0.11841677,0.0037453922,0.028500505,-0.19722977,-0.030752957,0.023108123,-0.038681127,-0.0015439132,1.2119322,0.8830023,0.013766527,-0.057066377,-0.00506947,-0.15365987,-0.3417783,-0.004375721,-0.015439979,-0.019157687,-0.0050039743,0.009483036,-0.013372838,0.02015732,0.0042814394,0.010127858,0.003952281,-0.001982504,0.010374121
-0.021813737,-0.007419932,0.054862645,0.025545843,0.08397908,-0.073644,0.109366715,-0.022381319,-0.012147848,0.009000302,-0.0017393117,-0.03564604,-0.030002095,0.004582395,-0.11378409,0.0027386232,0.026619246,0.16285981,0.055015866,0.03490812,0.0051821317,0.0043801116,0.05340387,0.076099634,0.0018156089,-0.0257744,-0.14532802,-0.004863645,1.2135814,0.85311824,0.017551076,-0.100839116,-0.00396055,-0.1788518,-0.3532828,-0.0009508023,-0.017759353,-0.020689864,-0.0052499245,0.012076129,-0.013175797,0.026531287,-0.19329946,0.01018517,0.0046749357,-0.0013950961,-0.011810575
-0.0022077488,0.06917196,-0.02062538,0.007933963,-0.0654616,-0.15428618,0.031319417,0.023351923,0.016915927,-0.012170153,-0.0030177694,0.007358397,0.03592694,-0.005513424,0.08452,-0.0880914,-0.17697464,-0.5091654,-0.026920928,-0.023067653,-0.043851737,0.0016051815,-0.0992179,0.013124019,-0.01658595,-0.04880325,-0.1173912,-0.055484805,-2.274624,-1.5657176,-0.037812952,-0.0044156793,0.0033812406,-0.076235205,-0.074216194,-0.00058428827,-0.009488255,-0.017483464,-0.0043417234,0.0021362938,-0.014179223,0.008879918,-0.03532573,0.0042237453,0.0013798352,-0.0002057532,-0.008474294
-0.026783982,0.010744741,-0.04074706,0.026453163,0.005766553,0.14766727,0.04919421,0.0033597413,-0.010651026,-0.07155606,-0.0017349417,-0.006183119,-0.0030662268,0.005790357,-0.051725794,0.027949035,0.10453024,0.08552019,-0.005130089,-0.04419012,-0.10828156,0.004750494,0.118581,0.09796856,-0.008273018,0.06357938,0.06220321,0.04884022,2.16631,1.638229,-0.014956039,-0.07879773,0.005756257,-0.060468238,-0.24720153,-0.0012196924,-0.009100594,-0.013259872,-0.0033588405,0.0066152704,-0.010619591,0.024063816,0.004047372,0.0096760355,0.003937614,-6.4203254e-05,-0.00755453
0.020172387,-0.010301462,0.09677901,0.055443533,-0.0073367534,-0.039480235,-0.10346392,-0.02885429,-0.015836881,-0.01849851,-0.0039728363,0.045861714,-0.0089491885,-0.045323975,-0.024723813,0.051144913,0.04336104,0.10968533,0.058458626,-0.019764103,0.00649111,0.0021013988,-0.14192165,0.0059791985,-0.012706445,-0.111946136,-0.27671415,-0.08287002,-2.4468057,-1.7400914,-0.027862616,-0.041443825,0.0007638781,0.035638314,0.0013980162,-0.0013721212,-0.018119091,-0.013740049,-0.006455063,0.005277147,-0.017442998,0.010149623,-0.0003143622,0.0071711666,0.0063897106,-7.2657225e-05,-0.011089238
-0.022110434,-0.008876105,-0.26540107,0.009852092,0.07145915,-0.025458466,0.032548632,-0.016613021,0.0036601878,0.052660108,-0.006606656,-0.031825393,0.010305355,-0.03209762,0.04039299,0.012960265,0.094258666,0.1591824,-0.080299236,0.027637478,0.008313774,0.0037587343,-0.10082781,0.058675688,-0.009629745,-0.06398207,0.1357865,-0.0810078,2.2069726,1.6769149,-0.0936181,-0.076524235,0.00029024226,0.023255622,0.026727458,-0.0016659639,-0.0054291217,-0.018869793,-0.0068954057,0.009916933,0.029859236,0.030020574,-4.578075e-06,0.010251595,0.0056718173,0.0003367108,-0.011416592
-0.013845252,-0.015334714,0.038780753,-0.016731072,0.04233726,-0.03781469,-0.042914726,-0.061646022,0.0032369515,0.050960332,-0.004904596,-0.006328394,0.028291816,-0.059340272,-0.002734046,-0.0013734237,0.05818045,0.13807707,0.026486678,0.046747006,0.008812447,0.0018464185,-0.116614476,-0.23413195,-0.036500946,-0.06854686,0.2718593,-0.14575978,-2.4850914,-1.8089406,-0.18045437,-0.007751015,0.002570915,0.036473382,-0.0050660833,-0.0015518548,-0.008791544,-0.017589483,-0.0059968866,0.0030624594,-0.011978661,0.014544783,-0.0013861087,0.0047444776,0.005783164,-3.661489e-05,0.023979355
-0.014532217,-0.047581207,-0.1550696,0.017233154,-0.052571513,-0.11626447,-0.03585315,-0.042289965,0.038312856,0.01646696,-0.0010237481,-0.039092872,-0.0042088544,-0.048348095,-0.06937351,-0.079827584,-0.30758977,-0.5192197,-0.09210051,0.0050211735,0.0061596064,0.0021660351,0.06673109,-0.13718121,0.00018503197,0.050562534,-0.09186287,-0.06761511,-2.1908953,-1.5767069,-0.03577461,-0.059745092,0.004207788,0.06989134,-0.0015051337,-0.0020405778,-0.009052674,0.122456595,-0.006077837,0.00078634993,-0.012977719,0.012378473,-0.004698611,0.0050322143,0.0028343145,0.00015098945,-0.0070154467
-0.08185419,-0.032873653,-0.013457,0.045652993,0.013337167,-0.119870044,0.026765201,-0.022335349,0.0079234475,-0.019682338,-0.0029318067,0.031980522,-0.008073458,-0.035213877,0.10189666,0.02807845,-0.19157487,-0.5062371,-0.029231407,-0.020486517,-0.04713579,0.0016323298,-0.09722175,-0.043606184,-0.021271095,-0.040253285,-0.1049458,-0.06382017,-2.305349,-1.5822451,-0.040302865,-0.019869205,0.003410945,-0.0857057,-0.059258524,-0.0010856171,-0.011305669,-0.014064465,-0.0050168177,0.002622119,-0.018202307,0.0075605647,-0.002362918,-0.091980286,0.00044945418,-0.00016826598,-0.007533048
0.023567593,0.007514612,0.040718164,-0.0069600344,0.052535076,-0.040642157,-0.076010786,-0.016451722,-0.012905006,0.03604737,-0.0009767832,-0.009499737,0.0069633676,-0.029766463,-0.0052690823,0.02562335,0.002155948,0.13325773,0.031135598,0.022065697,0.007743971,0.0026949074,0.05668446,0.09156628,-0.012293101,0.015763743,0.27432522,-0.19115072,-2.6454809,-1.9029539,-0.2081991,-0.021622002,0.0033354335,0.012646414,0.0122220125,-0.0038433857,-0.012486401,-0.014907532,-0.005516419,0.008366241,-0.012014318,0.014438424,0.00046473113,0.006251498,0.007573775,0.0007179713,-0.007239445
0.038975906,0.027604567,0.07863879,0.0023755804,-0.025966512,-0.044364564,-0.04566857,0.012040943,-0.0042071766,-0.025210883,-0.0013668331,0.049576838,0.03677244,-0.015268888,0.03996982,0.035714567,-0.0133373635,0.12387741,0.051964484,-0.038332146,0.007158684,0.00398078,-0.06862469,0.084538825,-0.015935078,-0.07608273,0.00850811,0.34018806,2.1759963,1.6459239,0.22635978,-0.052214716,0.0010417792,-0.05759546,-0.117133625,-0.0018252922,-0.012863229,-0.009870789,-0.004251752,0.0067014857,-0.0075014555,0.019364035,0.008193616,-0.18102996,0.0032586616,0.00015877615,-0.008165303
0.01690309,0.018254664,0.06786092,-0.052165683,0.0633953,-0.028439593,0.040341213,-0.023323752,-0.0065208655,-0.021463899,-0.0022983947,-0.010455795,0.007516939,-0.04793472,-0.05500411,0.00404059,0.0806988,0.17449279,0.055329148,-0.0247419,0.009932962,0.0019321303,-0.073932596,0.031589936,-0.015611051,-0.03618964,0.45087758,0.06364113,-2.530612,-1.8058499,0.13869837,-0.007504175,-0.023010138,-0.059528492,0.013281045,-0.0016639989,-0.008124402,-0.014225429,-0.0049063102,0.0059232484,-0.013163277,0.013271863,-0.00024286982,0.0072081233,0.004785014,-0.010398267,-0.00874036
0.022503983,-0.0035807046,0.09101813,-0.034286015,0.057736453,-0.032036126,-0.07340348,-0.0046892646,0.019521322,0.02490121,-0.0036214741,0.006995923,0.0007484951,0.030769948,0.054795735,0.008499297,-0.031198433,0.07031057,0.032693148,0.010948345,0.0042021167,0.0033266186,-0.09260667,-0.179352,0.0150773665,-0.062604375,-0.22176848,-0.43386245,-2.3152902,-1.6330204,-0.3769606,-0.021622928,-0.003020923,-0.06389623,0.0010384563,0.009045137,-0.0178532,-0.018573057,-0.006949885,0.004909212,0.13228838,0.010456335,0.0019340902,0.0054542054,0.003483947,-7.715067e-05,-0.009404012
-0.059538357,-0.030478572,-0.19040887,0.010867484,-0.06347269,-0.17567734,0.003752582,0.009877614,0.027295709,0.0056828666,-0.0068672174,-0.017975645,-0.06438414,-0.040784396,-0.023942454,-0.07303501,-0.2585151,-0.5450591,-0.08340481,0.001128477,-0.00064639153,0.0015921061,-0.1478077,-0.038118478,-0.03258317,-0.06102991,-0.109681726,-0.010962058,-2.2620535,-1.5997193,-0.05137143,-0.007205838,3.9132254e-05,0.07801092,0.004286157,-0.0008499763,-0.00829355,-0.01708383,-0.00541457,-0.071983606,-0.013928385,0.01032037,-0.0031346034,0.00381166,0.0012624679,5.7681547e-05,-0.00912041
-0.017572008,0.015756795,0.054067817,-0.065147355,0.04976227,-0.057427123,0.06339439,-0.0013525679,0.03369368,0.035709534,-0.00081760116,0.028168539,-0.029189056,-0.0319587,0.03629889,0.020577999,-0.06798761,0.038784895,0.040955707,0.020915877,0.005574282,0.0018915349,0.047028195,0.06908971,-0.0013718863,-0.01170743,-0.063818656,-0.16686498,-2.549332,-1.8879553,-0.15776849,-0.017747866,0.0011955486,-0.07321858,-0.16545115,-0.0055661164,0.04145047,-0.017744116,-0.0049054646,0.005242745,-0.013934868,0.009951691,-0.0016652287,0.005328644,0.0024068158,0.00055102434,-0.0063075586
-0.03413112,0.0055756043,-0.15428893,-0.059298977,-0.052296463,0.19783922,-0.057742,0.009490536,0.00276177,-0.07221233,-0.0032712976,-0.033440404,0.05160221,-0.031011783,0.010777986,-0.04775233,0.0932584,-0.6181396,-0.08227819,-0.03247582,0.012670399,-0.077550195,-0.07093993,0.022162013,-0.041692086,-0.03145497,-0.08546954,0.034730382,2.1907053,1.6388867,0.06641612,0.0062071714,0.016651006,0.049493067,-0.0029826337,-0.00093928026,-0.008407302,-0.019648276,-0.006098845,0.003568299,-0.014781267,0.028432785,-0.008748522,0.009674796,-0.12427496,0.0003855388,-0.010258902
-0.013461365,-0.045831405,-0.17351817,0.039955437,-0.060704064,-0.19001445,0.008233355,-0.044840887,0.016216613,0.014081933,-0.0036810518,-0.044486314,-0.06944251,-0.06883068,-0.01711845,-0.09043195,-0.28695813,-0.55392855,-0.10159361,0.014871161,0.0016656932,0.0016879505,-0.13056038,0.035985064,0.014898955,-0.08180956,-0.0800869,-0.002286338,-2.2473094,-1.5901737,-0.05330113,-0.0067216163,-6.9094254e-05,-0.07859238,-0.06457907,-0.000785608,-0.008352187,-0.019016318,-0.0051658084,0.0015313876,-0.013780124,0.011231033,-0.002779559,0.004148062,0.0006619107,7.930758e-05,-0.008998542
0.036528252,-0.06437708,0.08323525,0.05138602,-0.10783025,-0.10465253,-0.043070864,-0.010352459,-0.0054894015,0.021866057,-0.0005081165,0.049149137,0.012729844,0.018974494,-0.02509189,0.010377734,0.060084432,0.16405888,0.053861327,-0.0016356979,0.010444251,0.0048060208,0.021566927,-0.03556101,-0.026103698,0.026970867,0.67855126,0.09875183,1.4033805,0.99343514,0.11497098,-0.056875013,0.0069609242,0.07736922,0.034483243,-0.0037593301,-0.0042546983,-0.015200352,-0.0049793757,0.010182857,-0.008643836,0.024904631,0.0006246099,0.011702153,0.011123476,0.00012628804,-0.006429167
-0.04615569,-0.0011267264,0.07609426,-0.026612896,-0.013897492,-0.04475139,0.109647535,0.014210639,-0.008330371,0.04843322,-0.0049951575,-0.07338753,-0.015827863,-0.039015032,-0.01251095,-0.08133705,0.06272465,0.19966668,0.022438927,0.05096183,0.011453789,0.0029763803,-0.023953075,-0.3007876,-0.024716213,-0.0015887846,-0.1340569,0.0047274763,1.453398,1.0072368,0.067077756,-0.115509816,0.0014072324,-0.13193512,-0.10570945,0.00095137075,-0.010727807,-0.017316367,-0.0052821827,0.0047390726,-0.01349952,0.028205853,0.002771901,0.010206715,0.0035748591,-0.0003368129,0.067269325
-0.04300956,0.018422952,0.09072404,-0.022638021,0.07967663,-0.005254662,0.09757786,0.04260938,0.0057227286,0.043850858,-0.0034147818,-0.06674693,0.034225293,0.031270035,0.0056961165,0.038928498,-0.0072163427,0.15781589,0.05910154,0.03625049,0.008951625,0.0061172014,-0.17093718,0.032593574,-0.035760917,-0.0538263,-0.4203857,-0.019838357,1.3546362,1.0015671,0.02273698,-0.08506478,-0.002126924,-0.100986704,0.0141547695,-0.019558169,-0.019138481,-0.014587888,-0.0058913887,0.007717343,-0.013761046,0.028815623,0.0034899295,0.010521244,0.004081697,-0.0003600598,0.055679757
0.0042356825,0.03640456,0.08141699,-0.04882372,0.048905328,0.038778238,0.0475011,0.010084956,0.021402188,0.034742568,-0.0011515262,-0.02574491,0.031319007,-0.02103328,0.06424753,0.03552792,0.08344272,0.021265978,0.059129804,0.027102623,0.00849696,0.003495013,0.031548947,0.09663109,-0.06731837,0.027947944,0.5416069,0.100578055,1.5488422,1.0788734,0.10310739,0.010823868,0.009200361,-0.10280872,-0.15774615,-0.00018980229,0.00030577515,-0.010933992,-0.004403,0.002849278,0.057150107,0.030147614,0.004110107,0.010531038,0.0057431296,0.0010619035,-0.007703913
0.042996977,0.010557961,0.043596327,-0.024621438,0.06730427,0.13013779,0.043854713,-0.013799773,-0.0010858973,-0.041097138,-0.005466948,-0.018451724,0.009965157,-0.035545938,0.027553475,0.018421657,0.098741695,0.031647086,0.031751186,-0.016701069,0.0044873226,0.0016716719,-0.1695519,-0.015558022,-0.019572465,-0.089211464,0.03606526,-0.045307063,-2.5803957,-1.8031371,-0.10378369,-0.028530324,0.0058503053,0.014282542,0.0076397527,-0.0003070098,-0.025964161,-0.019562446,-0.00573116,0.008325137,-0.014232838,0.015280317,-0.00084877916,0.005256835,0.0061252234,-0.0004261173,-0.014773038
0.002105788,-0.101115696,0.067904554,0.114092216,-0.080914475,0.018839624,0.07514128,-0.02033018,0.010081029,0.01629138,-0.0015486454,-0.04718153,-0.1004973,0.008817438,0.035365116,0.0017085073,0.062545195,0.052134413,0.049607713,0.0056522936,0.00961346,0.0061261575,0.3945837,0.017980421,-0.0059201443,0.29284874,-0.03602203,0.0316712,1.2605793,0.9150417,0.004132987,-0.00908027,0.00026073592,-0.0066155065,0.025458574,-0.0018603081,-0.013430047,-0.011490597,-0.0040147686,-0.15532106,-0.009464719,0.020892395,0.0019972324,0.011596327,0.0137119,0.00037498533,-0.008658477
-0.001810841,0.038002238,0.09839843,-0.05186863,0.011080067,-0.027894769,0.055302236,-0.019340113,-0.012300111,-0.019225331,-0.002003172,0.03944007,0.006703107,0.013241022,0.047570698,0.009122136,-0.056196213,0.08156738,0.039545573,-0.00845082,0.006261828,-0.10494725,-0.0793047,0.07749317,-0.00021520132,-0.04099621,0.08201176,-0.0822062,2.1959136,1.6574892,-0.120423034,-0.031925607,-0.0077782455,-0.07823604,0.05083177,-0.0034490468,-0.012297703,-0.017191576,-0.005733431,0.0112018585,-0.008611386,0.027460583,0.0011641165,0.010631151,0.00322494,0.00025171388,0.026555397
-0.087508515,-0.05948969,0.052949898,-0.07238315,-0.03196278,0.16902438,-0.03764288,-0.018838147,-0.019965561,0.003522802,-0.002350218,0.04647497,-0.14655586,-0.050229926,0.007922204,0.006529328,-0.07008601,-0.1388304,0.00397493,0.0010005432,0.0042786137,0.0017698364,-0.18834487,0.05689196,-0.03288017,-0.13409972,-0.15824805,0.22553338,-2.4398627,-1.7849377,0.15490632,-0.054447673,0.0028940267,0.022710709,0.0016740116,-0.0033077036,-0.020267455,-0.010107615,-0.0057116486,0.004101834,-0.013309485,0.0064308285,0.0008002488,0.003385486,0.004793753,-3.521861e-05,-0.008225215
0.04603375,-0.0051091025,0.008688827,0.057527382,0.005910598,0.24043314,0.14365846,-0.14044817,-0.008999963,0.049699314,-0.0024291084,0.022611232,-0.068273,-0.025085008,0.011837603,0.016533297,0.08782124,0.10033374,0.022098195,0.05715826,0.012787536,0.0068486496,0.32692719,0.05038389,0.019342422,0.21996811,-0.028659876,0.0039740815,0.41606167,0.3298719,0.006616143,0.021849247,-0.033429045,-0.099896684,0.010949041,-0.0018050547,-0.04786589,-0.018515056,-0.005298779,0.0057434146,-0.0104930075,0.027703047,-0.024405178,0.010691985,0.010331348,0.0011901062,-0.008900374
-0.0027199432,-0.06907157,-0.106206916,0.03054443,-0.06675559,0.15867314,0.05302959,-0.00515292,0.010474514,0.03309935,-0.0013913261,-0.018235985,-0.0044646636,-0.010440679,-0.0013281628,-0.099751145,0.05644107,-0.10827716,-0.06165932,0.018817605,0.0018251906,0.0039043638,0.037737418,-0.0054774694,0.011467935,0.02850891,-0.1464016,-0.4993496,-2.2730975,-1.6099128,-0.47186992,-0.0633456,0.00017751695,0.025654124,0.0056492775,-0.0014335372,0.019982744,-0.030685049,-0.006465022,0.001509062,-0.016620157,0.013048129,-0.0025998394,0.0050054514,0.005630642,0.00041382323,-0.00877343
0.012681194,0.03802058,0.033944163,-0.03235135,-0.019091176,-0.06017914,0.04998731,-0.020424448,-0.008886628,-0.054698646,-0.0031453075,0.034907673,-0.0043254406,-0.022655422,-0.030268703,0.04222798,-0.018576574,0.089458466,0.02902875,-0.009392061,0.00636011,0.0015444383,-0.10248316,-0.2236601,0.005604174,-0.05258882,0.05173286,-0.20110387,-2.4478264,-1.7465554,-0.19653052,-0.046968464,-0.004385085,-0.082395665,-0.12067908,-0.0028307384,-0.016279686,-0.016602857,-0.0065389224,0.008935958,-0.013475229,0.007493686,-0.0012077823,0.0064363065,-0.00016594499,-0.00111938,0.013254981
0.0046249167,-0.036974914,-0.16235167,-0.027301202,-0.058371603,-0.16414464,-0.025840485,-0.002130001,-0.03979403,-0.013913074,-0.002980075,-0.03387477,-0.06825671,-0.053037897,-0.012869886,-0.080211185,-0.2872127,-0.5774436,-0.09207499,-0.018781267,-0.04518458,0.0016027517,-0.124896884,0.022229802,-0.01733175,-0.0593241,-0.11981785,-0.0040336046,-2.2451732,-1.5730188,-0.044878665,-0.0045034327,-0.015833445,-0.07546231,-0.0017317607,-0.00082935096,-0.007597402,-0.018180571,-0.0053061605,0.0013437094,-0.011980594,0.010329253,-0.0017624478,0.0035693503,-0.00029526342,-0.00012283956,0.052979488
0.029021949,-0.0022430154,0.0011941979,-0.007901354,-0.0046496363,-0.08033287,0.090939544,0.07074678,-0.05245991,0.026616674,-0.0045054047,0.06414097,0.014584033,0.1721904,0.06026581,0.03621118,0.016144352,0.09622649,0.0028519137,0.004817043,0.0050374833,0.003339197,-0.09184546,-0.034910608,-0.06871836,-0.06839144,-0.32007682,-0.57638264,0.045738094,0.084443465,-0.47112638,-0.056416783,0.021351034,-0.096303925,0.023228994,-0.0024516576,-0.052836128,-0.030682046,-0.008370088,0.006404693,0.12755457,0.01614494,-0.0024458352,0.0074308594,0.009234186,-0.0002906788,-0.010238241
-0.07847264,-0.019589283,-0.16455166,-0.0036827442,0.042176228,-0.02675863,-0.094814315,-0.013177713,-0.013889518,0.03346233,-0.0016728485,-0.025012206,-0.06938534,-0.051833466,-0.020899197,-0.02033378,0.023109384,0.13112225,-0.10433856,0.032007307,0.007986964,0.0031352516,0.16862047,-0.09500979,0.011922621,0.09516491,0.02678209,-0.06662331,-2.3596373,-1.6911536,-0.036911283,-0.10796387,-0.0071311947,-0.10084732,0.021222558,-0.004157093,-0.016769605,-0.015502935,-0.0064940164,0.0064175483,-0.011861365,0.018094162,-0.0010610247,0.0071316445,0.0038616722,-0.035579726,-0.007982775
-0.02781397,-0.0057127248,-0.0051540094,0.03155259,-0.014670228,0.14716223,0.005625922,-0.009873475,-0.00775724,-0.192535,-0.005549858,0.049999684,0.010555642,0.014839574,0.020507108,0.025005791,0.04050664,-0.14326419,0.007107984,-0.16247123,0.0030115645,-0.041152958,-0.12920602,0.032790102,0.014154571,-0.0714378,-0.18175481,-0.45043176,-2.253813,-1.6074921,-0.38358057,-0.032695755,0.0003793742,0.018454542,-0.0013257887,-0.0012517589,0.028245935,-0.02039044,-0.005007917,0.0027897444,-0.022786519,0.007347179,-0.0019272509,0.005024916,0.005960526,-0.0001437566,-0.011156472
0.017334709,0.028130822,0.06990859,-0.010744034,0.050685834,-0.041332547,-0.076967984,-0.010964602,-0.01578753,-0.0028048444,-0.003289255,0.001730745,0.024619974,-0.041010015,-0.06546394,0.009330268,0.01181073,0.13271587,0.041052952,-0.0026109067,0.010369865,0.0022267152,-0.14172716,0.075403,-0.019303935,-0.10734184,-0.31219748,-0.07732702,-2.4562078,-1.760709,-0.040009588,-0.035855766,-0.015175825,-0.06611981,0.0034459122,-0.0012356674,-0.023276102,0.05309293,-0.005921463,0.0061861705,-0.014257295,0.009435529,0.0010405313,0.007919551,0.003300322,-0.00028773924,-0.01035272
0.022043556,-0.017779615,0.022543749,0.061118502,0.038757067,-0.053401165,0.01250578,-0.009156516,0.015928661,0.04143792,-0.0007202321,-0.019017152,-0.03611248,-0.053875837,-0.011186758,0.0065036463,0.07288713,0.17316054,0.021948718,0.022844015,0.0077400682,0.0036042612,0.21524227,0.048402987,0.017587474,0.11862313,0.06093824,-0.043139856,-2.4870067,-1.7612324,-0.014484394,0.00032144933,-0.0015293581,-0.08739427,-0.18821695,-0.0022296354,-0.012490935,-0.012562059,-0.0045510004,-0.15017806,-0.011668139,0.014946565,0.0037443012,0.008532711,0.0031937244,0.0010494197,-0.0073529864
0.002516172,0.05730104,-0.06160295,0.0641398,-0.034734014,-0.06877942,-0.02503062,0.007540025,0.0028900774,-0.00746,-0.002332572,-0.032783993,0.040186323,0.05953145,-0.016502647,0.05949299,-0.17507838,-0.5209715,-0.050405618,-0.011323267,-0.05997221,0.003149326,-0.080617964,0.009117924,0.039280083,-0.044877347,0.019797983,-0.2722316,2.1904316,1.6411667,-0.2136627,-0.031924326,0.0098503195,0.04352772,0.009863693,-0.0036318426,-0.007140303,0.12283273,-0.0046288157,0.008424159,-0.014256496,0.014139639,-0.0026312647,0.007540923,0.0045947623,0.00040704943,-0.0067705
0.033178393,0.03495057,0.043460958,0.030758567,0.039162718,-0.026025612,0.013764228,-0.016830029,0.0053292927,-0.027911168,-0.0043843016,0.029814022,0.024806516,-0.030178858,-0.006968261,0.031336535,0.062318273,0.06394967,0.031210788,-0.025237193,0.008676352,0.0021188112,-0.133261,0.076785825,-0.0037416501,-0.06074941,-0.1046372,-0.03872965,-2.6075366,-1.8961376,-0.0003883664,-0.027147474,0.0015070091,-0.005323439,-0.0007489723,-0.0014227493,-0.0130401235,-0.014578281,-0.005577345,0.0076861954,-0.014126919,0.0096435845,-0.0016766185,0.00650865,-0.16624352,-0.00033732632,-0.0106955515
-0.15928042,0.05779245,0.12878764,0.010847355,0.057979245,-0.018734336,0.038723443,-0.017633745,-0.008320842,0.061003167,-0.0018946374,0.014531417,0.0056413086,0.014696674,-0.008478316,0.04833121,0.0039328868,0.0869073,0.05733925,0.031899374,0.008058471,0.003905462,-0.027619615,0.004300415,-0.008943305,0.0051687416,0.10433889,-0.0999057,2.194571,1.7051029,-0.093580134,-0.034562312,-0.003607167,-0.09383037,-0.2166339,-0.002172954,-0.009066648,-0.014717903,0.09076171,0.010681014,-0.012724909,0.026156325,0.001856869,0.0103723,0.002537028,0.00077534583,-0.007038552
-0.040530745,-0.052032597,-0.20102243,0.0036786124,-0.070300944,-0.2058969,-0.009387957,-0.048402824,-0.0532014,-0.018272469,-0.002448077,-0.042247128,-0.0728505,-0.05196483,-0.0034451277,-0.08589932,-0.35508016,-0.5845053,-0.1003371,-0.010328224,-0.048210368,0.0016426581,-0.06918342,0.0058127097,0.0160467,-0.034969814,-0.04319984,0.22745204,-2.2258797,-1.6112319,0.1554373,-0.01948891,0.00014513977,-0.0648201,0.00014167187,-0.0005613222,-0.007353108,-0.014255223,-0.0052814763,0.0020113615,-0.010398783,0.0103159025,-0.0017442084,0.00338215,-0.05796195,-2.466483e-06,-0.00841203
-0.029600915,0.020966204,0.036844794,0.039161835,0.029917398,0.1485991,-0.006566499,-0.0021612688,0.024446921,-0.009931322,-0.001244754,-0.026604382,-0.093227126,-0.017689385,0.018585999,0.04385733,0.082997315,-0.41028985,0.011348551,-0.0019625768,0.001245532,0.0016075965,-0.12108778,0.031316806,-0.03367765,-0.11345031,-0.07237744,-0.032497182,-2.4140599,-1.7404532,-0.013895791,-0.0056669167,0.0066790422,-0.08395841,-0.09565862,-0.0020964118,-0.013197449,-0.017109793,-0.0060024997,0.00306721,-0.01882331,0.006720724,-0.0020328236,-0.12818338,0.0025091572,-0.0006683007,-0.0066975844
-0.008889853,-0.03518006,0.051287007,-0.016709022,0.005505319,-0.027051821,0.0770064,-0.017504059,0.039917193,-0.017357929,-0.0026799345,-0.008695018,-0.103036635,-0.038805075,0.01821902,-0.047148846,-0.008509804,0.033686783,0.025381975,0.0028990454,0.008204545,0.001721682,-0.13770573,-0.18688871,-0.02493004,-0.07119191,-0.08107416,0.007824696,-2.4164908,-1.7225733,0.0042141182,-0.007893454,0.0011347814,-0.07767643,-0.08581039,-0.0028947738,-0.013725685,-0.010334816,-0.0058160387,0.0048963223,0.059015676,0.0060088113,-0.0015297034,0.0071934965,0.0026253276,-0.000109708475,-0.0054002064
0.016744427,0.0018814447,0.077830456,0.030908283,0.05123299,-0.026178844,-0.0073574483,-0.025986033,-0.00038220067,0.032970924,-0.0040518334,0.034296643,0.023866192,-0.03422161,-0.02829183,0.045221753,0.036378667,0.09971304,0.04200677,0.023902003,0.011416664,0.0020447168,-0.11994119,-0.044931997,-0.017552894,-0.076942526,-0.37774298,-0.037682135,-2.5384967,-1.8075143,-0.03275449,-0.02952822,-0.0005626793,0.024351886,0.002599272,-0.0009892769,-0.016771281,-0.012155098,-0.0069468934,0.006008485,0.092919745,0.012775072,-0.0022559655,0.007969493,0.007986905,0.0002579881,-0.01369616
0.020648811,-0.032511074,-0.15776896,-0.0016019891,0.043725308,-0.18031673,-0.0067655244,0.004631424,-0.050764356,-0.008697055,-0.0037789075,-0.04583458,-0.05984168,-0.04111461,0.024298912,-0.025988264,-0.26871195,-0.5504452,-0.076872185,-0.011770109,-0.05116396,0.0016448988,-0.1387859,-0.1468301,0.010773711,-0.09116115,-0.17743407,-0.041595906,-2.12953,-1.4833918,-0.004215911,-0.048293907,0.0021731064,-0.083029844,-0.0018947441,-0.00022523626,-0.010913381,-0.01626093,0.10279196,0.0012872386,-0.015333954,0.009816149,-0.002661442,0.004386186,0.0011287242,-8.485442e-05,-0.008721816
-0.014884977,0.009504075,0.050935987,-0.066521764,0.045183167,-0.048243828,0.042067174,-0.0032701613,-0.009985158,-0.0038569625,-0.0018496144,-0.024871917,-0.01700725,-0.049656358,0.0070708958,0.06160306,-0.03240159,0.058812737,0.04120426,0.008483669,0.006705458,0.0023719023,0.040942106,-0.2641591,0.024629986,0.035227735,-0.21034695,-0.05310196,-2.3623638,-1.7184973,-0.07984365,-0.08424865,-0.035329353,-0.07728506,0.0014914919,-0.003919738,-0.024951454,-0.015353093,-0.0055546616,0.0052224845,-0.011775223,0.014107167,-0.048604593,0.006457546,0.0039269226,3.601208e-05,-0.007149801
0.014317732,0.030294029,0.054476105,0.08639014,0.04862953,0.13908683,0.071307115,-0.0010922215,-0.01755691,0.039270885,-0.0015126861,-0.0020369196,-0.00076744327,-0.015390427,0.0044447095,0.0076627242,0.1047066,0.07547077,0.036410704,0.016506128,0.0105981175,0.0050821993,0.102819026,0.086509384,0.018064803,0.038223322,0.42475834,0.08779568,2.093959,1.5678405,0.11138371,-0.0116485385,-0.045376062,-0.09679848,0.030993028,-0.0012099845,-0.0070225517,0.0459974,-0.0033227978,0.008038571,-0.0067220577,0.031640388,0.004079541,0.011748226,0.0069523565,0.0017684496,-0.007327376
-0.012408058,0.016717317,0.043304585,-0.064567834,0.042229608,-0.04696971,0.043232113,-0.023454431,-0.011087174,0.005463483,-0.0015216429,0.016683957,-0.006216851,-0.014185797,-0.062909506,0.030217446,0.058126952,0.11403862,0.033261456,0.008809644,0.0071943933,0.0035352698,0.048371088,0.058089476,-0.02127486,0.030933509,-0.10743089,-0.22759007,-2.3518867,-1.7038255,-0.26467985,-0.04347536,0.0062999884,0.014409968,0.007851515,-0.0015350331,-0.02203814,-0.022123434,-0.0053114896,0.00430497,-0.018754816,0.012829059,-0.079190984,0.007771866,0.009408675,0.00023889434,-0.008388112
0.044491597,0.009654164,0.03563002,0.03405369,-0.11239967,-0.028496074,-0.024961174,-0.012027975,0.023928858,0.05065253,-0.0001575573,0.04132235,0.043628763,0.047479924,0.029400269,0.014629451,0.042342618,0.12379475,0.007059142,0.03286567,0.008781656,0.0043177153,0.09778257,-0.046923663,-0.022240676,0.08574051,0.045760714,0.3538517,2.0805485,1.5620918,0.27077013,-0.042392343,-0.0007548115,0.03414031,0.037965775,-0.0018396864,-0.008715624,-0.010427508,-0.004247775,-0.1924298,-0.0072708847,0.021094546,0.00018829321,0.0085596545,0.012547987,0.00075869757,-0.0074083125
-0.0002445153,0.040484194,-0.041799568,-0.07860628,0.008392381,-0.08715379,-0.044310436,-0.001512746,-0.030181117,-0.18645638,0.012118396,-0.011047894,-0.002955363,-0.0063641225,0.04530473,0.07959524,-0.0066529005,-0.43139172,-0.017853085,-0.1556761,0.0013073365,-0.044611927,0.1457052,0.000114077426,0.02712374,0.096225835,-0.27685824,-0.013886975,-2.232541,-1.5574218,-0.03400829,-0.064846024,0.001828259,-0.015253298,-0.00770109,-0.0019048912,-0.011431237,-0.01346421,-0.0055695744,0.0033601609,-0.015521745,0.007916513,-0.0020389217,0.00478976,-0.10314102,0.00046699034,-0.005978954
0.018013053,-0.03760701,-0.2042628,0.011420192,-0.08948618,-0.15590686,0.03809777,-0.00957987,0.03137318,-0.017258262,-0.0049612187,-0.017918441,-0.058993697,-0.038099725,0.0040799226,-0.09190179,-0.25938916,-0.5401464,-0.09416947,-0.024048574,-0.05704904,0.0016979115,-0.0971807,0.020515893,-0.020957746,-0.06160378,-0.12295684,-0.0066834684,-2.2980077,-1.6288058,-0.052770916,-0.01012446,0.0016580541,0.073440544,0.0029610775,-0.00043656852,-0.008365764,-0.020294141,-0.0053185318,0.0026853175,-0.013629235,0.01144312,-0.002843379,0.0043430408,0.0019547709,-0.00017398907,-0.009158308
-0.0716532,0.021126661,0.02621078,-0.07702944,-0.05435155,0.11087417,0.007161636,-0.008414689,0.03427737,-0.057577163,-0.0025152164,0.030876888,0.031132478,-0.024551166,-0.009514871,0.02701249,-0.073740944,0.05224727,0.019063484,-0.031040905,-0.09694553,0.002111241,-0.12486432,0.061937127,-0.025644833,-0.08559628,-0.011665787,0.36273164,-2.5226731,-1.8273584,0.22395216,-0.07270896,-0.0014687701,0.03608103,0.002543981,-0.0032898688,-0.018140038,0.022613002,-0.005195363,0.006752239,-0.011204974,0.007892534,0.0026036776,0.0031579495,0.0036120932,-0.00027484188,-0.008810332
0.01143334,0.024582196,0.12103547,0.06294453,0.03620693,-0.1572781,-0.093802586,-0.023913572,0.02633003,0.009254585,-0.0010195827,-0.012589341,-0.013628518,-0.0066827633,-0.015641002,0.024053192,-0.1591809,-0.40909728,0.11678285,0.0100397235,0.0014627363,0.001755426,-0.06851814,-0.015609113,-0.019633174,-0.025354305,0.03805202,-0.25761786,-2.2387726,-1.5781431,-0.24046957,-0.028923338,0.0030515108,-0.06815989,-0.10177612,-0.0019691768,-0.015072194,-0.022503909,-0.004709422,0.0042051906,-0.018388959,0.010521126,0.0012305549,0.004558403,0.0022075253,-4.5349014e-05,0.044297867
0.02121631,-0.00890074,-0.015158252,0.061839137,0.04393173,-0.038095977,-0.014941571,-0.009393994,0.0054662945,0.03228079,-0.0013504549,-0.035140622,-0.017555185,-0.008295386,0.005146541,-0.017921437,0.07469872,0.17607622,0.018651105,0.00923551,0.0057220794,0.0026809513,0.059640452,0.021582691,-0.008360014,0.036672976,-0.06485005,0.011460845,-2.4901593,-1.7990209,0.03165617,-0.10127843,-0.0037090927,-0.094811894,-0.20953904,-0.0009604103,-0.014224957,-0.016362209,-0.005012872,-0.12772459,-0.013848655,0.015944162,0.00046081658,0.007921879,0.0030498533,0.0011528423,-0.007932021
0.015199219,-0.033439796,-0.17452687,0.0036829351,-0.06428613,-0.15768807,0.041296095,-0.0023794053,-0.05785987,-0.016442774,-0.0033487505,-0.029702092,-0.060867645,-0.047262236,-0.019594966,-0.08585881,-0.27624986,-0.56792814,-0.09449671,-0.018424118,-0.047012173,0.001616293,-0.1351849,-0.037545413,-0.02194185,-0.052622158,-0.12820305,-0.010894072,-2.2500494,-1.5814551,-0.048937265,-0.007504559,0.00075197866,-0.07666573,0.0018814392,-0.00076165446,-0.007608242,-0.020040268,-0.0056883926,0.0015120857,-0.012951861,0.009766587,-0.0026488756,0.004184946,0.00022988059,-9.19824e-05,-0.00948084
-0.07827768,-0.040330153,-0.18343084,0.039560676,-0.053196497,-0.1630722,0.048113577,-0.0076088384,0.016667655,-0.019914003,-0.0041136374,-0.021290015,-0.040318467,-0.006233149,-0.0183867,-0.08006502,-0.2403379,-0.5457926,-0.08895707,-0.027541665,-0.044307217,0.001583836,-0.10777453,-0.001189801,-0.021528715,-0.04389759,-0.11166743,-0.044413675,-2.199924,-1.5247895,-0.04175215,-0.008460547,-0.0034714257,0.068816066,0.0071303826,-0.000643987,-0.009614932,-0.020776615,-0.004991474,0.002581791,-0.013804531,0.010665005,-0.024570962,0.0043857996,0.0014490006,-0.00022098645,-0.0085020885
-0.01133878,-0.028652286,-0.17797476,0.044430997,-0.06501923,-0.16935055,0.04426016,-0.041767795,-0.063752346,0.020895729,-0.0027305589,-0.040940512,-0.06788136,-0.08006007,-0.0032147393,-0.07598711,-0.31488058,-0.6093387,-0.10388103,0.016500453,0.00316498,0.0018831121,-0.075222276,0.031173406,0.015617664,-0.055089418,-0.072972275,-0.0032694084,-2.2689354,-1.6106656,-0.043643344,-0.0048638647,-0.00018661225,-0.07134692,-0.0040297797,-0.0012494475,-0.007997436,-0.018142622,-0.0052788677,0.0035203325,-0.012905224,0.0132255675,-0.0036124252,0.0047189,0.0009692925,9.305985e-05,0.032601696
0.013000697,0.02301715,0.08986775,-0.055071753,0.0044065034,-0.05027224,0.048026733,0.11676265,-0.0016405015,0.014885605,-0.0034201113,0.030421708,0.021771476,0.1453286,-0.0073722284,0.03404929,0.054351225,0.096946426,0.0586306,0.005495569,0.0066511217,0.0015753643,-0.0882662,-0.009692094,0.0021493256,-0.061736904,-0.1419874,-0.038612965,-2.36492,-1.6884046,0.014487741,-0.027954796,-0.004365287,-0.074821524,-0.15150963,-0.00084085943,-0.017701676,-0.012040595,-0.00549866,0.0062024277,-0.020839904,0.011505506,-0.0019614373,-0.1483628,0.0045903614,-0.00044229795,-0.009282952
-0.07399663,0.021381024,0.016274504,0.05560997,0.055581953,0.14025691,0.05715234,-0.01837998,0.019703275,-0.010391842,-0.0018578119,0.030168816,0.0066632046,0.009422208,0.010837626,0.032367878,0.12107175,-0.45870873,0.041277964,0.0045470297,0.00047353577,0.0024926302,-0.14868185,0.041904412,-0.0447715,-0.07450162,-0.20197561,-0.023267198,-2.5253181,-1.7725738,-0.0018254856,-0.028511586,0.005081936,0.07080449,0.0119778095,-0.0009137759,-0.013544695,-0.017393127,-0.0057296,0.007550236,-0.023126995,0.014361109,-0.0010146217,0.00700467,0.0063411426,-0.00070856285,0.032927565
-0.084934585,0.004580727,-0.12689564,-0.051051848,-0.007882427,0.091370106,-0.007433583,0.13281184,-0.008195511,-0.027693026,-0.0012622579,0.0081082275,-0.013693121,0.11945941,-0.01279978,-0.016604763,-0.040970236,0.051879194,-0.046031155,-0.013916406,-0.06187786,0.0020791008,0.08956644,-0.11389281,0.017750373,0.038499597,-0.1969512,-0.4593379,-2.2492115,-1.6071874,-0.37504518,-0.043361574,-0.009844879,0.03319519,-0.0025300533,-0.003177833,-0.012043366,-0.024451938,-0.0056893285,0.00466275,-0.016750943,0.007423579,-0.0014031951,0.0049961293,-0.16571842,-0.00011577816,-0.007501573
0.025546797,-0.03442432,0.041928623,0.04549438,-0.12566844,-0.027311934,0.039824784,-0.0056452514,-0.009904304,-0.028101055,-0.005977737,-0.030115016,0.01780719,0.005229187,0.015186727,-0.08317605,0.06866076,0.14207931,0.03856165,-0.01604348,0.013563745,0.0021711306,-0.07735615,0.055921055,-0.030600704,-0.033190448,-0.32153893,-0.044061862,-2.5000637,-1.8012015,-0.03604139,-0.08128037,-0.014769588,-0.07015001,0.015420533,-2.0174328e-05,-0.014090797,-0.020270701,0.100235306,0.006601789,-0.012232739,0.015522952,0.0008890184,0.006717942,0.0029781377,-0.00023172423,-0.013081828
0.040853158,0.08214814,0.08727651,0.09151385,-0.050775446,-0.17108044,0.001187496,-0.0024037107,-0.06533698,0.03599524,-0.00043059743,0.094644986,0.060701795,0.056759145,-0.059298813,0.05364966,-0.28312218,-0.42882565,0.04409045,0.0053356164,-0.03295033,0.0049047424,-0.07911029,-0.025445595,-0.019806398,-0.03281222,0.1425764,0.36310786,2.19041,1.6715335,0.2558712,-0.000112573456,0.0031899894,0.049556147,0.017587824,-0.001012704,-0.007308805,-0.00874351,-0.004701009,0.010319692,-0.011168568,0.017172987,0.0049441694,0.008054129,0.0074203084,9.902734e-05,0.042431664
0.034859736,0.0035811344,-0.08772018,-0.0020418821,-0.046691637,0.2160629,0.018941635,0.08622246,0.0069797537,0.01916125,0.020115774,-0.04641394,0.024477089,-0.04895108,-0.01477338,-0.097156055,0.11622114,-0.6429617,-0.045849603,0.022576109,0.012192019,0.0035356602,0.050771616,0.04054994,-0.046910763,-0.007848574,-0.12079284,-0.003788987,1.4805641,1.075091,0.021114131,0.021704309,0.023882598,-0.13640054,-0.111955166,0.0003199884,-0.003949202,-0.019959431,-0.005990457,0.0023867649,-0.015459735,0.026870115,-0.0047928896,0.009350225,-0.08150892,0.00040382636,-0.008749569
0.0103115495,-0.005032869,0.016406449,0.007278787,0.026345015,0.11490572,0.03986084,0.040884674,-0.028530268,0.008726388,-0.0053252815,0.010813974,0.021052137,0.13527322,0.027144542,-0.011958593,0.04747332,-0.17281345,0.029417066,0.0064956523,0.0040002884,0.0022614114,-0.11667551,-0.054028016,-0.03224542,-0.07361159,-0.2879165,-0.46314317,-2.329645,-1.6653345,-0.42644724,-0.027755747,-0.0033374957,0.01875627,0.0048820707,-0.000898369,0.024193415,-0.020083822,-0.0054263393,0.0028679336,-0.02283664,0.012840534,-0.0024503304,0.004994136,0.008062595,-4.981726e-05,-0.012063562
0.024192853,-0.012745059,-0.109767474,-0.053045888,-0.059493966,-0.030534007,0.032980323,-0.01656349,0.00040642003,-0.01453951,-0.0016846918,-0.035688303,-0.04016757,-0.014769881,0.00044073214,-0.07473017,-0.033593472,0.0806847,-0.051030546,-0.003451368,0.004013761,0.0021149777,0.05118225,-0.0030947176,-0.029262777,0.010696368,-0.14908245,-0.49074435,-2.2664983,-1.6581105,-0.4152673,-0.010645434,-0.003493592,0.023352716,0.01803087,-0.0034106274,-0.013212413,-0.030833391,-0.008092797,0.0037508642,-0.015495004,0.013063874,-0.006033653,0.004812381,0.005136512,0.000112136564,-0.0099159395
0.051115837,-0.07102031,0.047740772,0.097256266,-0.0012825434,-0.062108457,-0.07455269,-0.02870459,0.011713715,0.0059659015,-0.0017134979,0.0341282,-0.05964021,-0.005793283,0.017470533,-0.0070227366,0.07952381,0.017248856,0.007532932,0.002287308,0.00067793584,0.004495394,-0.047641344,0.06764327,-0.02428776,-0.029083095,0.11535947,0.3771365,2.1481981,1.6362987,0.26218835,-0.04177673,0.0013293956,-0.061744757,-0.12815773,-0.0021902006,-0.0064001353,-0.008911371,-0.0042820317,0.0069292276,-0.0056139487,0.015762908,0.0083252285,0.009140062,0.004158903,0.00037942862,-0.010179399
0.010777508,0.019264972,0.05183292,0.04292581,0.04120726,0.16376796,-0.06470359,-0.019989695,0.020140782,0.040690307,-0.0057320627,0.023844345,-0.0088062985,-0.044295505,0.0093468465,0.013777488,0.032773726,-0.17266117,0.042965733,0.019545395,0.007354508,0.00218865,-0.11559717,0.065822124,-0.06833971,-0.08784771,-0.35046723,-0.042074606,-2.5436585,-1.8178862,-0.031486105,-0.034506064,0.0071225674,0.03702945,-0.0020075617,-0.0011476788,-0.019175623,-0.016542615,-0.0058042724,0.0056075025,-0.015787778,0.011953636,-0.08362958,0.0075324834,0.0061945063,0.0002502225,-0.0110567305
0.040297646,0.023407813,0.13545288,0.06598922,0.008935443,0.1434875,0.0282294,0.058348738,-0.0026632624,0.007930214,-0.0040139738,0.027604572,-0.021389179,0.06422496,-0.04437899,0.042434275,0.07655903,-0.20113134,0.059530776,0.028445644,0.010546977,0.003720761,-0.11398819,0.11790916,-0.08889914,-0.1151886,0.5949742,-0.0989344,1.4673884,1.0950675,-0.043657705,-0.030842135,0.013848286,0.06301437,0.019696446,-0.0022791463,-0.007413384,-0.0149171315,-0.0052471464,0.009231406,-0.015461914,0.025015458,0.00057029276,0.0077073616,0.010712992,-0.01366862,-0.012710737
0.02521259,0.050782766,0.036720533,0.08500732,-0.060861766,0.21510927,0.070483185,-0.007814664,0.0109595265,-0.23025939,-0.0016043198,-0.023732891,-0.012045389,-0.005468694,0.04496365,0.06356361,0.062310442,0.0653602,0.03264677,-0.1694681,0.0022882894,-0.07189036,0.3451638,-0.09210452,0.019470388,0.23761588,-0.05368743,-0.6601069,1.1859213,0.8585025,-0.6251467,0.012810673,0.0035973832,0.030366626,0.012175303,-0.0027626734,-0.013487639,-0.017765963,-0.003366021,0.004209644,-0.01408113,-0.39559835,-0.00028239941,0.0068067736,0.01020484,0.00034375946,-0.012282594
0.03371048,-0.01631962,-0.0018682701,-0.040865954,0.029090444,-0.04212629,-0.060359422,-0.036959838,-0.022323066,0.032194752,-0.0014559329,-0.010394847,-0.027466731,-0.04415818,-0.029720267,-0.036056932,-0.023776397,0.11956385,0.003918748,0.031136163,0.007428904,0.001551573,0.018686336,0.08117092,-0.02003265,-0.013224032,0.054165013,-0.37221357,-2.3093102,-1.6611022,-0.282542,-0.019550312,0.00041838503,-0.07135947,-0.16184847,-0.0047878423,-0.020260764,-0.024002628,-0.0054049753,-0.12513691,-0.015149252,0.0117240725,0.00092685485,0.006404168,0.0021767917,8.4622516e-05,-0.008739494
-0.015575745,0.012546821,-0.026630951,0.018156206,-0.028183484,0.15442377,0.034266427,-0.007873714,0.04044173,0.042757783,-0.0009154692,-0.015711509,0.023008246,-0.0043484,0.0013489452,0.029734643,0.066693574,-0.026941366,0.016309263,0.030611612,0.008101179,0.0046083448,0.12535523,-0.035449456,-0.016416267,0.091542356,0.055881947,0.36238712,2.1148167,1.5958018,0.30407035,-0.040070154,0.00934609,0.0638397,0.030371053,-0.00090428145,-0.009346624,-0.010122142,-0.0040497095,0.009623141,0.033276085,0.028016053,-0.0003762869,0.008028021,0.009805394,0.00086210686,-0.010614033
0.008636514,-0.008290513,-0.16531007,-0.076745726,0.03096311,0.15930383,-0.021275258,-0.03327504,0.012126258,0.011213386,-0.0770132,-0.023868399,-0.05281296,0.00072462205,-0.057824846,-0.023100577,-0.05077519,-0.112391636,-0.07400893,-0.013211883,0.004836952,0.0015167537,-0.1903412,0.036923878,-0.013954519,-0.12469859,-0.12283707,-0.11754161,-2.3851135,-1.7003703,-0.16123013,-0.011208079,0.0047258767,0.033623204,-0.002439752,-0.0034981929,-0.016993305,-0.021152003,-0.007968204,0.0041879206,-0.013599487,0.013340735,-0.0052742083,0.0041762553,0.0024804834,0.00013128416,-0.01049391
0.022365078,-0.024873422,-0.21430062,-0.014991691,0.03618281,0.1342608,-0.030278785,0.01507653,-0.0051563266,-0.0119827045,-0.09130925,0.018120723,-0.008239739,0.1442825,0.028259886,0.03367881,0.023863886,-0.17332105,-0.08322349,-0.022497846,0.007493124,0.0015154532,-0.13766532,-0.0057384027,-0.044045817,-0.06627772,-0.23883732,-0.038611263,-2.3838506,-1.7223703,0.009873283,-0.02661579,-0.018558023,-0.066218555,-6.1299455e-05,-0.0017559159,-0.017958565,-0.016850598,-0.00585603,0.007435823,-0.017384263,0.012570756,-0.004403822,0.006831528,0.0044348743,-0.00011518258,-0.010808308
-0.003105605,-0.021165213,-0.0064133853,-0.024437217,-0.07622335,-0.14258799,-0.00113066,-0.017589293,0.039240725,-0.020459471,-0.0033462245,-0.04046941,-0.0070057022,-0.04069951,0.07547208,-0.09698649,-0.20882255,-0.52147967,-0.027771374,-0.022052107,-0.043291133,0.0015700532,-0.0898965,-0.13474664,-0.00073672587,-0.039904233,-0.105920106,-0.06269253,-2.2206054,-1.5787748,-0.039136194,-0.056238733,0.0027830629,-0.086116455,-0.03979417,-0.0015178125,-0.0095947,-0.018954195,-0.0044527743,0.0009338812,-0.014799439,0.008834945,-0.035807513,0.003952202,0.0010943449,-0.00022963727,-0.008586758
0.00059780886,-0.04849294,-0.13197514,0.03762476,-0.08611948,0.17153446,0.040474974,0.0047002304,0.040189374,0.020304546,-0.0010559361,-0.03343122,-0.0018484817,-0.03760547,-0.03333201,-0.08453107,0.059073832,-0.53325236,-0.07530838,0.02132218,0.0028510615,0.0020796766,0.04982445,0.0038084444,-0.029299956,0.023187665,0.27960673,-0.099822596,-2.407344,-1.7165599,-0.10421052,0.017448524,0.0019671088,0.022890896,-0.00016719961,-0.0010994456,-0.0063434904,-0.02141021,-0.0048578633,0.0015831774,-0.012910228,-0.34440356,-0.0060067517,0.004436841,0.0026911218,0.00039302715,-0.005307784
0.016328974,-0.046560463,-0.19103822,-0.009021927,-0.06552904,-0.17108169,0.019102398,-0.031762075,0.00998844,-0.021373611,-0.0038594985,-0.039034747,-0.021774463,-0.038399227,-0.059830427,-0.110772684,-0.2649776,-0.5173293,-0.095306456,-0.024673551,-0.029657243,0.0018766911,-0.07901516,0.02298186,0.007458865,-0.047495946,-0.1200172,-0.010794667,-2.256809,-1.5701598,-0.056818057,-0.053068552,-0.00039181605,-0.077451535,-0.08729248,-0.00048384734,-0.00834185,-0.02013206,0.082015,0.004886372,-0.014931673,0.009339295,-0.0011100263,0.0041984185,0.00075182464,-0.00023099198,-0.0084803635
0.025131518,-0.062439755,-0.11719541,0.027746137,-0.07686791,0.17226842,0.07170759,-0.026223948,0.009533099,0.015869116,-0.005303418,-0.025137875,0.0073914193,-0.03593085,-0.0195957,-0.11124024,0.111138925,-0.55886453,-0.08649468,0.018842554,0.004877439,0.0039238026,0.13197014,-0.10751517,0.03780731,0.08526763,-0.22390617,-0.011299551,-2.3320565,-1.6774497,0.002015147,0.035670888,0.010631375,-0.08816372,0.011362942,0.0052143265,-0.009557968,-0.019729834,-0.005705616,0.0038619672,-0.013631736,0.018707464,-0.016358098,0.006621556,0.0045175725,0.0004461998,-0.009036467
-0.014585456,-0.0315994,-0.18317379,-0.0022646766,-0.07167433,-0.20214036,0.012071826,0.003229877,-0.052088212,-0.01725151,-0.0031786715,-0.044633027,-0.04501752,-0.064809255,0.0120496955,-0.08512181,-0.29842687,-0.6299676,-0.101120785,-0.018430658,0.002194211,0.0015679696,-0.122407615,0.029870315,-0.014582919,-0.08039726,-0.0008707827,-0.018131083,-2.2596068,-1.6184565,-0.0019033188,-0.046869982,0.0014721083,-0.073120214,-0.005657775,-0.0017280302,-0.005963475,-0.01676952,-0.0048792097,0.0007245159,-0.012090601,0.010497573,-0.0038780137,0.0043216306,0.0006653042,-0.00011135072,-0.008354059
0.07602701,0.037150037,0.086658336,0.11317025,0.114501834,-0.11076584,0.0830133,0.052496627,-0.025645517,0.042361062,-0.0014960532,0.091563225,0.027947126,0.042302012,0.084807284,0.056392577,0.09020982,0.14967597,0.06561347,0.049966563,0.0059532193,0.004770971,-0.048239242,0.06451805,-0.019714603,-0.037618548,-0.37778473,0.3243187,1.4084179,0.9694869,0.21828358,-0.0073295804,-0.0031984947,-0.09389171,-0.14719558,-0.0020728342,-0.00610107,-0.0125135835,-0.0043200618,0.010253112,0.02553967,0.027016375,0.00988864,0.008792644,0.002067105,-0.0007897493,-0.012489173
-0.08106389,0.043158893,0.008471303,-0.050665576,0.03212808,-0.040511545,0.03812698,-0.0015384761,-0.0053769,-0.050346784,-0.0036510048,0.018966764,-0.0084134955,-0.03410916,0.05133277,0.018292148,-0.044613965,0.07574786,0.018692566,-0.035770297,0.0052520796,0.0017112185,-0.115108825,0.060663,0.008034929,-0.07874659,-0.011249427,-0.20759255,-2.505102,-1.8196825,-0.1982565,-0.025612883,-0.0012453389,-0.09553498,-0.10073324,-0.0043614795,-0.02074352,-0.016950916,-0.005618988,0.0033835296,-0.013381034,0.0064337295,-0.0012331401,0.0038909167,0.000701838,-0.0012291713,-0.00810015
-0.013778579,-0.029427879,-0.18383722,0.008866759,-0.060809422,-0.20109417,0.01774347,-0.0065119034,0.03807179,-0.0044339863,0.021820454,-0.04676114,-0.03995835,-0.047952574,-0.041294318,-0.06990881,-0.28961974,-0.59574795,-0.09678682,-0.0024623077,0.00013087502,0.0015427949,-0.11628752,0.0006387318,-0.016542552,-0.07273174,-0.015771713,-0.02155803,-2.2982957,-1.646036,-0.0045500747,-0.0639011,-0.00055455876,0.07087085,0.0027454207,-0.0007648075,-0.006320798,-0.017268958,0.07922294,0.0013206749,-0.012819623,0.011313328,-0.0036683523,0.0045514745,0.0015208871,-4.718245e-05,-0.007352172
-0.062911816,0.013804617,0.027355094,0.010458844,-0.033788607,-0.038237162,0.05171235,-0.008680062,-0.0006815055,0.008490031,-0.0006232561,0.030062418,0.027980933,-0.056735266,-0.008738088,0.0394605,0.03494472,0.15992345,0.0083727855,0.0068604015,0.010426842,0.0022625378,0.12053697,-0.06836359,-0.040726304,0.13411282,0.33430287,0.07928618,-2.5492704,-1.8457996,0.08170789,-0.028671635,0.0020587058,0.034059986,0.03582106,-0.003164323,-0.016601954,-0.010265969,-0.0050456524,0.00811081,-0.011445037,0.01831146,-0.0051451186,0.009244931,0.011797334,0.00089949905,-0.005679965
-0.009392418,-0.041904543,-0.19643438,0.038226116,-0.06773775,-0.18828505,0.02587434,-0.05663195,-0.053946454,-0.005704307,-0.051368967,-0.03754581,-0.058160614,-0.06491828,0.0017121243,-0.086805716,-0.31174353,-0.60116553,-0.09876331,0.008525173,0.0015741797,0.0016156042,-0.116768114,0.01894804,0.012973438,-0.08417876,-0.07491597,-0.017578334,-2.271445,-1.5798284,0.0037853296,-0.009318557,0.0015913494,-0.07558335,0.0004456426,-0.0011416393,-0.00799642,-0.017588506,-0.005218896,0.002080349,-0.0134034455,0.0114271175,-0.0031790996,0.004633562,0.0011474438,-1.0907223e-05,-0.008475905
0.002205888,0.001450115,0.067480974,-0.009947271,0.011390521,-0.0416923,0.053593244,-0.015228171,-0.019803563,-0.03056486,-0.0037885876,0.03146449,0.008504894,-0.036285654,-0.015516167,0.0065090777,-0.004638553,0.13169917,0.042083286,-0.0049552564,0.009281328,0.0025157873,-0.14040028,0.0058464822,-0.013215628,-0.09245829,-0.27886114,-0.06396749,-2.5238962,-1.7832823,-0.032024503,-0.04501795,-0.0056871795,0.017265314,0.010077461,-0.0025769433,-0.018706433,-0.010999943,-0.00602127,0.0057765883,-0.015756072,0.011663785,-0.0020655072,0.007537231,0.0060006413,-3.5428966e-06,0.03129292
0.017722981,0.009025311,-0.13016699,0.0017097201,-0.07079402,0.12060581,-0.03681286,-0.0035807667,0.0384438,0.007929295,-0.001724574,-0.028581522,0.023169946,0.011078382,-0.0069932262,-0.04821215,0.0868552,-0.14039122,-0.026669964,0.006120667,0.0060678776,0.0023268606,0.029218273,-0.0076079145,0.025367254,0.027340183,0.06836359,-0.3361077,-2.2886105,-1.6665586,-0.2521809,-0.008048507,0.011167583,-0.07078283,-0.00052800233,0.018946214,-0.01170877,-0.025265701,-0.0053011673,0.005698266,0.08876911,0.015884975,-0.0015176997,0.006115451,0.005683914,0.00024469857,-0.0088169165
0.025284268,0.0058707343,0.057127148,0.06636995,0.0394473,-0.014529699,-0.01795836,-0.0054477835,0.0015371285,0.009311132,-0.004871362,-0.02118514,0.005034694,-0.025931662,-0.011329386,-0.0028941587,0.08422467,0.17716429,0.027166398,-0.0060132197,0.0064584655,0.0023666795,-0.11103758,-0.22343957,-0.0100959875,-0.048096683,0.4075452,-0.01625105,-2.4698834,-1.7837931,0.020670258,-0.019433053,-0.023830203,-0.07388271,0.009564383,-0.00129038,-0.012881922,-0.01696228,-0.005432498,0.005588937,-0.013016251,0.012277901,0.0020092626,-0.1470937,0.0057782074,-0.0006666068,-0.011965846
0.013015859,0.05434567,-0.020993015,0.010848837,0.046011038,-0.122164324,-0.036162406,0.017087137,-0.006421454,0.022594444,-0.0033061074,0.0025275326,0.02898173,-0.010005545,0.045206472,0.027408624,-0.15198497,-0.5188606,-0.018356565,0.018207991,0.0036871317,0.0016722459,-0.0674612,0.014779635,-0.017891623,-0.041764576,-0.035152476,-0.03231278,-2.4726853,-1.7463295,-0.0021793053,-0.008132481,0.01008156,0.042667072,-0.001101189,-0.0017098633,-0.008809481,-0.014915937,-0.0047328155,0.0049135596,-0.01635296,0.011868692,-0.03975553,0.005093226,0.004100823,6.883576e-05,-0.009060398
-0.007581349,0.031371653,0.07397253,-0.05546379,0.039387032,0.13265356,-0.054805126,-0.007952018,-0.050678916,0.0016607343,-0.00044927283,0.012547025,-0.010361971,-0.017573696,0.02069548,-0.008461616,0.063871205,-0.5119211,0.05777286,0.013312922,0.00095762464,0.0038951214,0.008033133,-0.0081513785,-0.040017854,-0.018506086,-0.23203805,-0.19851401,-2.2849555,-1.6240457,-0.21994308,-0.041998386,-0.03633383,-0.08255288,0.012687685,-0.0010894024,-0.019961841,0.117044695,-0.006294936,0.0052791163,-0.019707281,0.014505673,-0.0026477266,0.0069041424,0.003356178,0.000100954334,-0.008996034
0.012661208,0.01761931,-0.22038849,0.016272658,-0.04072778,0.1729488,-0.17314766,0.013988508,0.000970828,0.052635886,-0.001327173,-0.057238642,0.08587758,0.11027668,0.009991958,0.07168984,0.067061484,-0.22197536,-0.04509171,0.040030383,0.01027376,0.007047816,0.28536832,0.039475787,0.036810424,0.22645512,-0.050621517,0.0384164,0.33282423,0.2569303,-0.039736114,-0.1457822,0.0014743316,0.01961829,0.029029353,-0.00192143,-0.04354129,-0.028419456,-0.0050661494,0.0094150435,-0.014057875,0.019457225,-0.00957135,0.008887151,0.012569167,0.00018490298,0.021990333
-0.017177291,-0.029132072,-0.17063823,0.0076202885,-0.0577128,-0.15691175,0.003930464,-0.040327266,-0.030757455,-0.019815857,-0.003181074,-0.054516215,-0.05217681,-0.055312485,-0.01605516,-0.08227229,-0.25953454,-0.5263917,-0.09918661,-0.01939327,-0.041743368,0.0015002707,-0.13931616,0.0396506,-0.02473515,-0.08597895,-0.120590635,-0.011828544,-2.2289238,-1.5818579,-0.04573883,-0.05068329,0.0018109601,0.06669827,-0.0010627195,-0.0006068202,-0.007961633,-0.018180842,-0.005616928,-0.05058563,-0.013653587,0.01015918,-0.002517033,0.0036678147,0.001142913,-0.00021563422,-0.008758344
-0.026056023,0.015522091,-0.0011109584,-0.030676676,0.04578884,0.07542971,-0.06307515,0.0063299,0.014010946,-0.07246672,-0.004936408,0.0034751142,0.0031714493,0.0043506934,0.02029334,-0.00022836197,-0.009710387,0.049738776,0.009100426,-0.046602346,-0.11262784,0.0020230273,-0.16692205,0.05240534,-0.030081447,-0.08193271,-0.14740495,-0.18053626,-2.5351684,-1.7844269,-0.16439435,-0.039005466,-0.00068989926,0.013871908,-0.0068787453,-0.002209567,-0.015688874,-0.014383464,-0.0058938162,0.002737201,-0.014073235,0.006523529,0.0016708516,0.0042704525,-0.12187248,-0.0010832481,-0.0095896125
0.003959569,-0.048266683,-0.19632316,0.033159144,-0.06831067,-0.18071026,0.0036661073,-0.01519643,0.025312264,-0.020425288,-0.003990218,-0.0320889,-0.044244323,-0.016751213,-0.0028188382,-0.10155192,-0.26799807,-0.57272,-0.08785527,-0.018815005,-0.04387279,0.0015493796,-0.09646769,0.04998496,-0.013884112,-0.040761944,-0.12238324,-0.04599573,-2.1853664,-1.5776932,-0.04509878,-0.04767095,-0.00087357353,-0.07579522,-0.0872144,-0.00091185333,-0.00854443,-0.021701444,-0.0053356024,0.0022985793,-0.01450935,0.010781716,-0.003407724,0.004184874,-9.77125e-06,-0.00021573175,-0.008514038
-0.008474894,-0.024173766,-0.025028398,-0.0010544297,-0.099248156,-0.13547428,0.0639233,0.0042867446,-0.027981713,0.0143317925,-0.0030825078,-0.034035902,0.023627236,-0.06220387,-0.0012505809,-0.08610233,-0.24019726,-0.58759916,-0.031270184,0.014209285,0.008219612,0.002068558,-0.05716967,0.044309814,-0.026916089,-0.050745558,-0.16934939,-0.14537065,-2.2449622,-1.6028818,-0.12798579,-0.0047603836,-0.025906928,-0.07689834,-0.0043403544,-0.00053783954,0.021044737,-0.022939386,-0.006556091,0.0022161112,-0.015225245,0.013451337,-0.0042702192,0.00539458,0.0025951741,3.4830122e-05,-0.0085658645
0.01690531,-0.0046584075,0.07318411,0.07493873,0.02255562,0.13999234,0.03622726,0.012074015,0.009727314,0.037020467,-0.00072532863,0.053167917,-0.026048608,0.056106035,-0.0001660178,0.01944172,0.06537748,-0.051250022,0.051338635,0.014999014,0.0072597614,0.0055425256,0.24605678,-0.014342707,0.029870862,0.14428051,0.41488257,0.08330104,2.0380836,1.5301523,0.089120045,-0.10633483,0.011056392,-0.090791546,0.038045827,0.009288725,-0.0075675813,-0.011441507,-0.003799174,0.012941005,-0.011971517,0.028071102,0.0013371544,-0.27247,0.008929253,0.0011367806,-0.005957193
0.011232734,0.05584225,0.036117293,-6.520372e-05,-0.024957376,-0.05549685,-0.036237586,0.1060947,0.065052696,0.01951577,-0.07278206,-0.008534636,0.04223743,0.14643593,-0.017865071,0.08406026,-0.13032717,-0.4845725,0.096234314,0.0064374083,0.0043329075,0.0014543586,-0.11860091,0.016897125,0.014994698,-0.05178828,-0.08634779,-0.0057045077,-2.2892027,-1.6597023,0.049156263,-0.037458543,0.005619178,-0.06048803,0.0037719256,0.0019265903,-0.012536875,0.07307546,-0.004508278,0.007131076,-0.019974675,0.011814318,-0.00046481253,0.005053325,0.0031625426,1.4795865e-05,-0.007974593
-0.029095257,0.035467893,0.054252837,-0.078502715,0.013728674,-0.04233783,0.03155795,-0.02260293,-0.0023139669,0.03441872,-0.0027566168,0.024221962,-0.010127553,-0.028823182,-0.026031086,-0.006554922,-0.036163375,0.116323166,0.028786592,0.016952727,0.01124808,0.0015188719,-0.029181387,-0.0060114996,-0.0035212853,-0.024016602,0.09513987,0.0007307358,-2.4988248,-1.784045,-0.012810489,-0.033757754,-0.0029038067,-0.067757085,-0.16317947,-0.00323173,-0.020901281,0.059803747,-0.005486172,0.006053618,-0.013885715,0.012428474,-0.0015265023,0.0076741376,0.0025407702,0.00055329484,-0.006450605
0.036915705,0.02432557,0.0007852689,-0.057853308,0.03670518,0.19976066,-0.036130376,-0.030162854,0.005171874,0.053433206,-0.0009649209,-0.024668617,0.005742785,0.013425616,-0.017885478,0.052333027,-0.014982475,-0.12542865,0.03127622,0.036458608,0.007840436,0.005693693,0.3606379,-0.018414838,-0.06282895,0.24908942,-0.023304963,0.050229035,1.2062116,0.76995105,0.003529829,0.02747867,0.011553896,-0.12831827,-0.2340866,-0.002312355,-0.0472366,-0.014326749,-0.0035819807,0.010282129,-0.010534728,0.021002198,0.0027626597,0.011184876,0.00399048,0.0011071891,-0.009133154
-0.07636257,0.020578748,0.028788753,0.011251065,-0.022047048,-0.03965109,-0.027145736,0.026300384,-0.038574874,-0.024456125,-0.0040849512,0.028511329,0.01577001,0.10030128,-0.0011199156,0.056015838,0.014540595,0.08715792,0.03269372,-0.019736715,0.008451548,0.002066443,-0.15340185,-0.25803363,-0.012029186,-0.10777205,-0.36177644,0.21818225,-2.3393977,-1.6812485,0.18334322,-0.000589894,-0.0039055017,0.0360529,-0.0008425306,-0.0007553724,-0.015858697,-0.011755717,-0.006315574,0.0093599465,-0.012821577,0.0127491485,0.0010593313,0.003470924,0.002919334,-0.004682029,-0.010781375
0.012897748,-0.05820052,0.033548575,-0.061357833,-0.065442175,0.15864196,0.024495415,-0.016241247,-0.008024163,0.039468028,-0.0052782507,0.004071938,0.014903583,-0.04470745,0.035891775,-0.030067416,-0.06451592,0.053939313,0.037245832,0.00061676145,0.008203404,0.0022897548,-0.11934504,0.025037948,-0.031762283,-0.077328235,-0.27835122,-0.037225448,-2.5107346,-1.8011638,0.00066992023,-0.018075554,-0.0015765595,-0.084785454,-0.1286404,-0.002333173,-0.024280498,-0.016403956,-0.0063119275,0.0044237324,-0.014744615,0.009594501,-0.0004490118,0.0062172553,0.0034024026,-0.0112497695,-0.009785767
-0.015834548,0.0016062827,-0.074512236,-0.016712692,0.041498642,-0.04071874,0.03937331,-0.035524584,-0.0069795353,-0.08024275,-0.0045783264,-1.5803758e-05,-0.0014975929,-0.04952156,0.017937105,0.009412389,-0.011616684,0.11664423,-0.012492756,-0.066573955,-0.12592523,0.0017293551,-0.15799409,0.035267588,0.008790742,-0.10135381,0.05801636,-0.16425951,-2.5567808,-1.811707,-0.16054785,-0.047613073,-0.008200421,0.032105554,0.005718687,-0.0031527376,-0.011735746,-0.01704505,-0.0067883707,0.006376608,-0.013684101,0.008834781,-0.002411303,0.0056937058,0.002459163,-0.0011127832,-0.009625431
0.036140393,-0.025656143,-0.011969597,0.07275847,0.039104342,-0.020754728,0.014736157,-0.0006249307,0.0051149074,0.043847237,-0.003757369,0.03348049,0.026539942,0.034196947,-0.045786876,0.022160187,0.07065932,0.17054777,-0.004586776,0.032886535,0.0092478525,0.0037754073,-0.08742406,-0.060175855,-0.0043136794,-0.049411945,0.48767748,0.063330054,2.141837,1.6049287,0.084411666,-0.047322743,-0.01247925,-0.08951208,0.040136058,-0.0012861469,-0.0076022795,-0.01491456,-0.0060886927,0.01174027,-0.011781169,0.022950964,0.00041760612,-0.23768668,0.006005175,0.00063504634,-0.007770122
0.01330126,-0.005881533,-0.16049056,0.02793383,-0.03549436,0.0004283602,0.033707157,-0.022835026,-0.028410038,-0.03990983,-0.006430404,-0.011632138,-0.015489822,-0.06779817,-0.013036972,-0.045409646,0.10382242,0.1625,-0.056677874,-0.06248375,0.0070099127,0.0016044475,-0.08697815,0.029664705,-0.019752877,-0.05908323,0.008870545,-0.1751012,-2.4152489,-1.794647,-0.19327733,-0.0028127874,-0.011426185,-0.063412145,0.0020064372,-0.0012889671,-0.01089805,-0.021156965,-0.006393255,0.0016228912,-0.010785439,0.010613945,-0.0027693864,0.0047045564,0.0007148125,-0.0009033604,-0.012348453
0.01872881,0.00843482,0.100459255,-0.005679242,0.030841118,-0.05236401,-0.033439074,0.120996766,-0.0196703,0.02554226,-0.002561742,0.0246104,0.022363348,0.12714723,0.01054059,-0.0046349317,0.03816983,0.113620564,0.06260053,0.02518712,0.008793719,0.0035331005,0.034991123,0.08959574,-0.033022083,-0.036710504,-0.34858286,-0.02774414,-2.4824865,-1.8554105,-0.0062671374,-0.04015814,-0.008738503,0.01697524,0.010676644,-0.0011077774,-0.017493812,-0.0148347,-0.005399116,0.006307076,-0.0155054545,0.014277561,-0.00082549587,0.008504663,-0.17770548,0.000605184,-0.010337643
0.018174306,0.016110798,-0.14448245,0.010366513,-0.06864383,0.022300195,0.03342674,-0.007721237,-0.040293112,0.052614197,-0.010073557,-0.008096122,0.033956945,-0.023837438,0.0041677663,-0.057810478,0.038346134,0.21017551,-0.023662265,0.026925083,0.010061213,0.0039344775,-0.032906134,0.054143533,0.0072560846,-0.02689082,0.41479674,0.09073008,2.2139294,1.6277238,0.14008231,0.00653684,-0.024987422,-0.06857114,0.03113523,-0.002113016,-0.035660513,-0.01742638,-0.0041799233,0.008943049,-0.006748814,0.026402777,-0.00046404442,0.009644525,0.0055041253,0.00092355,-0.012134072
-0.0033057812,0.046284683,-0.032496512,0.006481904,0.015579467,-0.10912606,-0.02030281,-0.010822343,0.012322859,0.015167829,-0.0005945075,-0.034121417,0.0016714258,-0.058911443,-0.041185632,-0.03542193,-0.17968257,-0.48876348,-0.017751103,0.0139164785,0.0034849006,0.0025021513,0.15919775,0.009661966,-0.03431235,0.0964757,-0.212823,-0.20730276,-2.2483115,-1.5756106,-0.16417179,-0.056981422,0.001295214,-0.07349218,-0.09293258,-0.0016429387,-0.012925748,-0.021679368,-0.0049977866,-0.09663359,-0.017347662,0.01192127,-0.0026226633,0.0049776146,0.002561755,0.00015835301,-0.0083770165
-0.007157013,-0.027670436,-0.082169846,0.01494622,0.042658217,0.0042911246,0.13237585,0.02325092,0.027253967,-0.028140604,-0.0066243527,-0.008316807,0.075122625,-0.016218737,-0.009086697,-0.026623098,0.044502877,0.18353172,-0.0757969,-0.032443,0.006620061,0.0044361767,-0.07340326,0.060712993,-0.043825157,-0.032083664,-0.38265705,0.019075492,1.4114568,0.9983676,0.0031082379,-0.0010595531,-0.00034995537,0.06942335,-0.0034932767,-0.00022926008,-0.0109263025,-0.021643892,-0.0067326776,0.004642126,-0.013592724,0.027780099,-0.002161294,0.009860536,-0.19004926,0.00031462283,-0.015838007
0.018565137,0.02071158,0.086204745,0.05356022,-0.020183085,-0.040190965,0.020993553,-0.018698769,-0.031142898,0.033520266,-0.0034375745,0.009591014,0.011829097,-0.027554635,-0.03113347,0.05138518,0.0444355,0.10966933,0.054750334,0.018644882,0.0061289268,0.0019383118,-0.09077349,0.0227688,-0.04786005,-0.06448565,-0.37555456,-0.046070393,-2.417623,-1.724088,-0.037238516,-0.01990567,-0.009792226,-0.055383354,-0.0023766612,-0.0013164979,-0.020703621,-0.015467141,-0.006284129,0.0052244877,-0.017494306,-0.3028511,-0.0030819776,0.0062098727,0.0022223487,0.0002085674,-0.010933096
0.001641887,0.030896323,-0.041835573,-0.03964771,0.06432102,0.17528717,0.06625659,-0.01715205,-0.015219141,-0.0199414,-0.001338946,0.017409245,0.025143934,-0.0009250313,-0.027434468,0.032361705,0.10206404,-0.16798349,0.0008465641,-0.014626913,0.010712631,-0.050114464,0.3362061,0.08465566,0.023165878,0.25883815,-0.05359151,0.014778171,-2.5097184,-1.8290696,-0.029815314,-0.000897234,0.008257755,-0.0033239722,0.014837567,-0.0016412562,-0.012366676,-0.016603244,-0.0046013882,0.008443009,-0.014440827,0.015406659,-0.0017912426,0.007718413,0.0119444905,0.00040920757,-0.0066594984
0.04633186,-0.009648685,0.03569229,0.08654981,0.015190227,-0.029126678,0.06265642,0.0011467465,0.032700956,0.066288896,-0.00086782285,0.043618158,0.032987766,-0.013249963,-0.005346997,0.011587326,0.06818685,0.155851,0.0064442405,0.03932958,0.008754079,0.0045628883,0.08825684,-0.08719828,-0.02903767,0.050217852,0.46159598,0.09525932,2.122408,1.6083921,0.09799721,-0.04569752,0.0050498825,0.07848252,0.04432126,-0.0022090757,-0.0059712804,-0.012733326,-0.004662798,0.01154481,-0.008737719,0.025161231,-0.08236612,0.012552319,0.013112939,0.0010270647,-0.0046101892
0.008842229,0.043125346,0.067214616,0.04469426,-0.054265764,-0.03986886,-0.020514706,-0.017965902,0.014943519,0.02021336,-0.0035912355,-0.0061397743,0.015405648,-0.00084213156,0.05245413,0.046429314,0.052980483,0.11305122,0.0330344,0.011291711,0.005813477,0.0020881488,-0.1368169,0.016611801,-0.027625479,-0.074920066,0.2443353,-0.16025467,-2.5341396,-1.8599342,-0.25454357,-0.026027698,-0.0026698038,-0.051171884,0.0021571787,0.003855071,-0.010819903,-0.018489495,-0.0059957965,0.008755753,-0.014229756,0.00999204,-0.002808606,-0.14782178,0.0040761484,0.0003882378,-0.010778255
0.0067439573,0.046815064,-0.16272603,0.015201317,0.032314792,-0.058185205,0.02852813,0.11482069,-0.017669069,-0.203246,-0.00046668403,0.06263393,0.03466663,0.1419296,-0.021339353,0.060589287,-0.11557603,-0.3804778,-0.07833228,-0.15442352,-0.0012102787,-0.030283596,0.027088678,0.04258032,0.02354395,0.006664755,-0.20852889,-0.33485788,-2.0701096,-1.4979364,-0.29736564,-0.020305222,-0.0032761798,0.030031418,0.0031872324,-0.0016522548,-0.009836797,-0.022230575,-0.0052581304,0.0046730447,-0.022012755,0.00950843,-0.003070271,0.0044289306,0.0062814127,-0.007850552,-0.007959025
-0.001734154,-0.02344024,-0.115446165,-0.05684201,-0.09379014,0.13462944,-0.14084515,-0.028935296,-0.015384387,0.03983167,-0.00409896,-0.018680256,0.0032063937,-0.04610185,-0.009706943,-0.106099784,0.103157505,-0.008686083,-0.038308248,0.03536927,0.008101302,0.0018195875,0.07237723,-0.09436607,0.0022045192,0.06092914,-0.04625458,-0.13797851,-2.4008157,-1.7475965,-0.12725991,-0.09245563,-0.05639977,-0.098789826,-0.0002768837,-0.0020092465,-0.012316616,-0.017185306,-0.00560266,0.0007065886,0.057348255,0.0146356225,-0.0017293283,0.0048058666,0.002977296,0.00070474943,-0.009158716
-0.11357853,0.0046944567,0.010564291,0.014436741,0.078000024,-0.021852532,0.069647126,0.015203374,-0.042280518,0.0037232619,-0.08746999,-0.028920785,0.0073219985,0.023686128,-0.04957613,0.024637884,0.02204363,0.15650335,-0.008781001,-0.006445097,0.008670355,0.0039041943,-0.1874975,0.061042268,-0.024468798,-0.13302651,0.009020889,0.30613294,2.1609464,1.615486,0.18193118,-0.036573306,0.0021676056,-0.033677693,0.018428551,-0.0008492223,-0.015066819,-0.0095561845,-0.004618119,0.0071625537,-0.0070964866,0.025007091,0.0050975587,0.007418776,0.0040416126,0.0003925588,-0.0107956575
0.017006984,0.050530802,0.10607819,-0.03607017,0.051793348,0.13744405,-0.055659518,-0.01371189,0.016910201,-0.027664753,-0.0027867402,-0.0006550213,0.002767486,-0.017065255,0.020725287,0.025882253,0.09018792,-0.3488556,0.05649937,-0.021042213,-0.098722756,0.0020790717,-0.12456152,0.0358386,-0.015758127,-0.04989943,-0.10928071,-0.05005449,-2.527468,-1.7892424,-0.006946935,-0.049805675,0.010009434,0.041711535,-0.0021754277,-0.0019488868,-0.009515198,-0.015402124,-0.006032082,0.004271484,-0.014098931,0.012519354,-0.072404616,0.005110252,0.0048399605,-5.602029e-05,-0.009362489
-0.1678026,0.025012374,0.00086894707,-0.08546272,0.055033818,0.012534994,-0.04679252,-0.014451837,-0.011715535,-0.057689536,-0.0021366014,0.027198132,0.0023939558,-0.033582844,0.00967969,0.037107013,-0.08501107,0.12806936,0.0025269599,-0.040792465,0.007651246,0.0033043718,-0.04156349,0.045933682,-0.0184575,-0.055010065,0.022794517,-0.020358292,2.2747595,1.74913,-0.089801334,-0.048568495,-0.022900013,-0.09947314,0.02260287,-0.0026195683,-0.016277265,-0.010405717,-0.0055707432,0.005335302,0.01521122,0.020678263,0.0049896655,0.010197049,0.003928828,-0.0005849309,-0.00984196
-0.030894984,-0.022045806,-0.10658228,-0.011505126,-0.057280954,-0.084909916,0.004788104,-0.035348706,-0.07218058,-0.011684253,0.012659986,-0.05321467,-0.010746312,-0.052275203,-0.016625939,-0.06466449,-0.24291804,-0.44801053,-0.08412188,-0.006112758,-0.034793686,0.0014630853,0.021639295,0.019449757,-0.025664305,0.008991274,0.045939613,-0.26402652,-2.117805,-1.5189611,-0.22592139,-0.045629997,-0.013657354,-0.06127027,-0.004710218,-0.00070591754,-0.0083174445,-0.023722548,-0.0053962353,0.00020249619,-0.012743023,-0.2195481,-0.0048361486,0.003289064,0.0009027563,0.00010497522,-0.0071405093
-0.011359615,-0.048412018,-0.18452041,0.008239961,-0.05788037,-0.14533187,0.016404323,-0.052371006,0.012834934,-0.025252808,-0.057399694,-0.040374544,-0.058487568,-0.05953694,-0.025180543,-0.08600194,-0.27337587,-0.534635,-0.10233005,-0.023543634,-0.0001405373,0.0016253801,-0.12355831,0.03462428,0.015490238,-0.08573051,-0.07927961,-0.015765533,-2.2326658,-1.5824018,-0.05584558,-0.00032682988,0.0012385683,-0.081901744,-0.06380203,-0.00016976657,-0.006852245,-0.01823367,0.0879062,0.0007999924,-0.013940665,0.010371297,-0.0020460405,0.0041368073,0.00033043112,-0.00014336237,-0.0085852565
-0.018116837,-0.005331732,0.06000646,-0.046008065,-0.03561241,-0.048275854,0.0049078935,-0.00088021916,0.016884297,0.013135675,-0.0004764011,-0.017914189,0.0091710705,-0.033099566,-0.0023547076,0.0005069007,0.057519123,0.111930504,0.038057886,0.0112494,0.005566516,0.0056900745,0.19554642,0.05552076,0.038635436,0.14510909,-0.002555349,0.35643214,-2.4867504,-1.7675921,0.26759413,-0.04379924,-0.0043759765,0.0018763242,0.033494204,-0.0010841221,-0.0062619257,-0.00925475,-0.004890673,0.006917478,-0.012230135,0.01942782,0.0008642772,0.005508293,0.011141382,0.00056538085,-0.010564891
0.03795544,0.010958736,-0.02287989,-0.031596094,0.03209798,-0.020193156,0.013779024,-0.028790573,-0.03936641,-0.02727394,-0.0034563441,0.031999134,0.0036590332,-0.0056345514,0.0065916353,-0.014458665,-0.03532843,0.09292341,-0.008888113,-0.024586324,0.0076191686,0.0020364446,-0.17281488,0.00025846207,0.017267246,-0.12162452,-0.40622938,0.2282811,-2.5266063,-1.8065212,0.16659623,-0.04711597,-0.005646144,-0.018355742,0.001944586,-0.00096332224,0.011889128,-0.019110799,-0.005480567,0.0072813593,-0.011584689,0.010150226,0.0012233941,0.004884195,0.0051940163,-0.00010283649,-0.011895679
0.0059372853,-0.045370616,-0.18944982,-0.011879491,0.05098417,-0.17055072,0.030687207,-0.013806309,-0.05864106,-0.018426592,-0.0036835226,-0.043477047,-0.00797755,-0.038409237,0.017646186,-0.039299663,-0.28032604,-0.58389455,-0.0866746,-0.02556851,-0.05243469,0.0018900475,-0.08152246,0.025970358,-0.019935638,-0.05625856,-0.11778694,-0.0029065788,-2.287877,-1.5854543,-0.03404101,-0.04666078,-0.024201222,-0.07427162,0.0025863745,0.0003353466,-0.008296348,-0.017668935,0.09692231,0.002708767,-0.014816048,0.011129447,-0.0020059673,0.0048486353,0.0004340781,-0.00013233782,-0.008284933
0.007186337,-0.005648298,0.0059435023,0.013152517,-0.036922466,-0.008925477,0.023622373,-0.0081565315,-0.003293699,0.016815819,-0.006413484,-0.019498577,0.017711386,-0.0555535,-0.0038608757,-0.06030083,0.069713205,0.13420536,0.015983427,0.017198557,0.004781595,0.0031741343,-0.08636143,-0.040032897,0.006272373,-0.048525628,-0.19024803,-0.47316647,-2.2784176,-1.6172727,-0.46693414,-0.012229159,0.002294675,-0.055877715,0.019886017,-0.000923033,-0.016200988,-0.026967943,-0.0061752163,0.002929487,-0.01737618,0.014362511,-0.0013527373,0.0052174376,0.0044316407,5.9595946e-05,-0.014680447
-0.011819892,-0.010477577,0.08651621,0.020034552,0.05040092,-0.060120247,0.12797327,-0.07241187,0.0054234546,0.022812208,-0.0012254264,0.0040558646,-0.09978127,-0.04402972,-0.071881056,0.00048065538,0.016577564,0.18358459,0.045873467,0.015032211,0.008217567,0.004583655,0.22812888,0.058207057,0.067036755,0.10983306,-0.015138544,-0.04274291,-0.051785145,0.05558323,-0.035394784,0.035834637,-0.003205006,-0.12527247,0.020839278,-0.0031644022,-0.062258974,-0.02955077,-0.005383232,0.0071539464,-0.009011531,-0.531089,-0.0018770511,0.009455336,0.0057990323,0.0007558286,-0.007518702
0.017851535,-0.05750951,-0.00047180196,-0.042070735,-0.007835162,-0.042169258,-0.048653357,-0.046315104,0.028642014,-0.028664578,-0.0018006971,0.025291389,-0.031096777,-0.025767928,0.0033180357,-0.049571898,-0.037375834,0.097415395,-0.017520923,-0.035657983,0.006000384,0.0014918924,-0.086424135,0.042022392,-0.009733481,-0.09880473,-0.07599785,-0.014872498,-2.4421906,-1.7670877,-0.0026485422,-0.02704307,0.0023832598,-0.071120024,-0.1146948,-0.0032398556,-0.019071477,-0.010285138,-0.0056241825,0.004230556,0.057836134,0.0057589863,0.00041022358,0.0065645985,0.0025144457,-0.00018169198,-0.0066411914
0.0028611396,0.05486457,0.07666893,-0.0018718136,-0.02599672,0.13973448,0.0067745135,-0.006746549,0.020109281,-0.0101006245,-0.002382692,0.06648665,-0.014468184,-0.013310184,0.00395563,0.03867886,0.09285743,-0.50198895,0.04837888,-0.014526115,-0.1064131,0.0031167145,-0.097751364,0.082052454,0.009043774,-0.06071842,0.38205925,0.021910416,2.157374,1.6534194,0.066169314,-0.019502591,0.012733401,-0.1042282,-0.14358771,-0.0014869368,-0.009006125,-0.011344959,-0.0045578866,0.00810232,-0.0134289805,0.019448077,-0.11450372,0.008791836,0.0048970724,1.0133445e-05,-0.0076009245
0.039834976,0.06645646,0.104969814,0.05839899,-0.097465,-0.09593675,-0.0011578491,-0.10266633,0.06552977,0.028671423,-0.0016579722,0.07039722,0.03164413,-0.062414404,0.0127777895,-0.0010060872,0.021881374,-0.40315172,0.071903735,0.013336953,4.25284e-06,0.004303786,-0.07174573,-0.33275202,-0.011924562,-0.042491082,0.08658465,0.37811753,2.1578355,1.6488036,0.29096818,0.0035324926,0.010485311,0.07160946,-0.010192769,-0.0010607181,-0.005928772,-0.011920814,-0.00445073,0.00809582,-0.008486662,0.021955859,0.0043074386,0.007957884,0.005520233,-0.010719296,-0.01082155
0.04809583,-0.050103273,0.012085365,-0.11109148,-0.10547917,-0.101908736,0.038691394,0.0025627078,-0.0007901649,0.021669347,-0.00073756586,0.05980061,0.025291068,0.023456505,-0.025660753,0.018030193,-0.08972655,0.10240091,0.013802643,0.011337055,0.0093293,0.0038654222,0.23959137,-0.41002023,0.07030961,0.19349532,-0.03077013,0.34348494,1.250826,0.89295644,0.23254247,-0.04135514,-0.019643664,-0.11703714,0.05060545,-0.0057514417,-0.010941643,-0.012926936,-0.0049646916,0.014556099,-0.006194147,0.025189873,0.0058164336,0.0091882385,0.004729315,-0.0007133833,0.038001128
0.014195757,-0.023473103,0.07703431,-0.0029661634,-0.074116975,0.14242719,0.06830152,0.030822953,0.016131159,-0.024792027,-0.0010555618,-0.030982753,-0.01898075,-0.03201632,-0.014227985,-0.09528632,0.035519876,0.089774534,0.040616468,0.0062771877,-0.041290026,0.0027216948,0.06344578,-0.0112582175,-0.012828643,0.019171946,-0.29384857,-0.10412537,-2.42083,-1.7620944,-0.082930215,-0.06516151,0.0021735616,-0.07957912,-0.19001345,-0.0018861137,-0.015630659,-0.017215645,-0.005138434,0.00696762,-0.014887762,0.012268884,-0.0018732755,0.0051468504,0.0037073838,-0.0004676525,-0.0081602195
0.046514515,-0.014124055,0.0963628,0.04934636,-0.013601153,-0.0352042,-0.062453456,0.0233257,0.047814358,0.009664861,-0.002495897,0.044828158,0.03693829,0.051470805,0.028683515,0.032768194,0.06321289,0.13447982,0.039579388,0.008073809,0.005650788,0.006004437,-0.113999635,0.03224075,-0.012052512,-0.03637412,0.114549324,0.4103467,2.154752,1.6463895,0.26862746,-0.055901576,-0.0017785691,0.0032507884,0.03263886,-0.0015581731,-0.010733529,-0.009088805,-0.003881134,0.011112643,-0.007920147,0.02131462,0.006296564,0.009169822,0.009608514,0.0003607574,-0.010100433
0.009310698,0.06328303,-0.031173646,0.05849823,0.027379554,-0.08955007,-0.051581245,-0.03685776,-0.04871093,-0.004433533,-0.0021806853,0.011603244,-0.0013700229,0.004937155,-0.03400349,-0.016292412,-0.12737279,-0.5240863,-0.036559053,-0.014639009,-0.034793746,0.0016380495,-0.0754985,0.015713712,-0.016565723,-0.04876846,-0.12729383,-0.08155638,-2.3043282,-1.5844842,-0.085571446,-0.032817814,-0.01599617,-0.08322649,0.0022334715,-0.00085156265,-0.009696019,-0.021076929,-0.005857961,0.0038932255,-0.01782208,-0.2495682,-0.00047901014,0.004585813,0.0007221805,-0.00011109389,-0.008484318
-0.017427966,-0.018699173,-0.03467059,-0.14923589,-0.022814676,0.19918501,0.07583419,-0.015752193,-0.026394792,0.038424686,-0.0020634562,-0.010706694,-0.036054935,-0.009571464,0.011979504,0.030758707,0.08832328,0.02396857,-0.029123314,0.03100707,0.009140871,0.007134777,0.16249514,-0.008128756,0.00010272657,0.18099584,-0.023552842,-0.0074310005,2.146407,1.6399739,0.025305608,-0.007909903,-0.05153782,-0.059845284,0.026602337,-0.0033278926,-0.017295593,-0.008681652,-0.0052216356,0.0059628845,-0.011408997,0.02467251,-0.0009381831,0.014607914,0.0090735,0.0015380799,-0.0075346245
-0.07448925,0.017842073,0.007456816,-0.09605231,-0.062031955,-0.03288106,0.003695441,0.11910801,0.013046611,-0.015100818,-0.0040679816,0.03465946,0.021250516,0.104745075,-0.013089053,-0.02575238,-0.077024154,0.06847282,-0.017433517,-0.0064763105,0.0038128595,0.0016186379,-0.08927321,-0.17146407,0.031082006,-0.058369253,-0.008727766,0.32269496,-2.3616867,-1.7114449,0.22486024,-0.012655818,-0.0019097199,-0.079097845,-0.16942883,-0.0022612212,-0.010861326,-0.014530808,-0.0050737658,0.009558819,-0.010391853,0.01169329,0.0009987969,0.0036180215,0.002151984,-0.0002584787,0.047727067
-0.030271785,-0.023707254,-0.1147225,0.006804402,-0.059003368,-0.12598465,0.045457214,-0.009453629,-0.033405583,-0.010914795,0.012047019,-0.036438584,-0.0073903194,-0.04732996,-0.023717308,-0.07087607,-0.23925331,-0.43156204,-0.06542671,-0.0077645676,-0.044421904,0.0016560666,0.028473634,-0.047300298,-0.019290248,0.0088824835,-0.10592888,-0.2999249,-2.114941,-1.5147411,-0.26639533,-0.049567133,-0.015545512,-0.06444992,-0.00079509453,-0.0006691448,-0.008836896,-0.024339868,-0.007366744,-3.506013e-05,-0.013655553,0.009431662,-0.004976501,0.0044253753,-0.07219663,4.6355766e-05,-0.0068653487
-0.016412368,0.01004038,0.032874804,0.04269948,0.01754614,-0.0578833,-0.036096424,-0.020117158,0.018924888,0.044883624,-0.0015770516,-0.008591496,-0.022673212,0.11787258,-0.0055698208,0.039659582,0.042685278,0.11338617,0.047667164,0.02583314,0.002985395,0.002065219,0.06869001,-0.0019239116,-0.038381748,0.03299267,-0.024174199,-0.15568058,-2.5278041,-1.8827738,-0.16294277,-0.082588166,-0.002453402,-0.08244969,-0.13815026,-0.0029564973,-0.011944158,0.09138469,-0.0052584074,0.00629548,-0.013890936,0.009312808,-0.0026130327,0.0054108202,0.0006625842,0.00058936747,-0.0050744177
0.026394136,0.022982474,0.0150439255,0.04086924,0.053312864,-0.024646217,-0.019100655,-0.016634595,-0.0058320123,-0.028700884,-0.0049308785,0.04088355,0.0017175024,0.022873579,0.010099,0.00035020447,0.047023565,0.037196163,0.02634999,-0.019455438,0.0046719485,0.0020139164,-0.16561429,-0.27404025,-0.018139854,-0.099400096,-0.010226001,-0.17651166,-2.5946975,-1.866637,-0.22159165,-0.027667224,0.0007920962,0.0355809,-0.004395886,-0.0014447044,-0.0010381254,-0.017581765,-0.0055131866,0.0066904044,-0.013849911,0.008379248,-0.0013385168,0.0045003467,0.005401034,-0.0010433502,-0.011907156
0.020719005,0.014974946,0.07087355,-0.046702616,0.0022508889,-0.0056851013,-0.16688359,-0.0008171766,-0.029740416,-0.030527022,-0.004225777,-0.0017011862,0.009443663,-0.030967373,-0.0372421,0.0214365,0.022822745,0.014338568,0.04956273,-0.03286495,0.0061778156,0.0034835453,-0.18141489,0.09464455,-0.03004438,-0.11766029,-0.47148627,-0.05385204,1.3035375,0.9528452,-0.01113434,-0.07279633,-0.010638841,-0.1118991,-0.0029995565,-0.0015977129,-0.016935116,-0.019801416,-0.006516311,0.0057979636,-0.013435978,0.021413632,-0.18759453,0.009976709,0.0040723826,-0.0013885472,-0.017922418
0.03726986,0.026740441,-0.12679303,0.09643119,-0.03657851,-0.03194752,0.045654476,0.017105479,-0.002297211,0.04503161,-0.007456012,-0.0009561023,-0.08003094,-0.008066165,0.051335942,-0.05105357,0.11109286,0.22569019,-0.054001004,0.04365788,0.012262078,0.0038254037,-0.10783822,0.08061525,-0.043487087,-0.04341222,-0.14294924,0.04653948,1.4148182,1.0239432,0.06286721,0.0010473945,-0.0054413425,0.07451998,0.040928226,0.00073928444,-0.008498723,0.12455928,-0.0070107915,0.006400808,-0.011054582,0.029967738,-0.0048731454,0.00887459,0.00790228,9.895382e-05,-0.015090459
0.01644793,-0.0029076373,-0.16392478,-0.07043904,0.034249634,0.139674,-0.0205843,-0.0012710177,-0.01228656,0.07200042,-0.005919558,-0.014737506,0.0123730805,-0.04311025,-0.008854606,-0.00880024,-0.050387602,0.06432842,-0.059997983,0.03186722,0.0056800777,0.0016967347,-0.18796803,0.040220283,-0.0125498595,-0.13521118,-0.13057844,-0.15318045,-2.4770505,-1.7604183,-0.15928511,-0.07206178,-0.0017940261,0.049015824,-0.014215005,-0.0027284015,-0.017036233,-0.019830544,-0.008164296,-0.11430196,-0.013805782,0.012483104,-0.00030893396,0.004722517,0.004317158,7.037761e-05,-0.010644011
0.009174761,-0.035897214,-0.11387928,-0.016538637,-0.084867746,0.17585194,-0.074907854,0.0018826299,-0.07854237,0.07026763,-0.0063815657,-0.034182984,-0.0099490555,-0.025184976,0.030175937,-0.059746522,0.024930399,-0.15394375,-0.07465372,0.036217555,0.0068467665,0.0014829595,-0.10280776,-0.1652961,0.009618432,-0.07455576,-0.018842934,-0.043651115,-2.3223066,-1.6773548,-0.110760346,-0.05438306,-0.022135627,-0.09165617,-0.0040858043,-0.00079509837,-0.01030695,-0.024477815,-0.0071114236,-0.09689269,-0.009740803,0.013369709,-0.0014288545,0.0047259247,0.0026072597,-6.0677867e-06,-0.011622385
0.0040623615,-0.06480486,-0.1454864,0.012523097,-0.07068548,-0.14807345,0.050602037,0.0011136025,0.018382844,-0.015211159,-0.0029693635,-0.02173773,-0.015079928,-0.03074039,-0.031510655,-0.08858153,-0.2688082,-0.5143085,-0.093173385,-0.019870248,-0.041496336,0.001677582,-0.13877685,-0.112664886,-0.023640715,-0.08827629,-0.11108204,-0.013913798,-2.2378294,-1.5768175,-0.056082364,0.0048682215,0.0057680896,-0.079439335,-0.053675108,-0.0007486087,0.005255485,-0.017446289,-0.0045805695,0.0015851292,-0.013524488,0.009456039,-0.0023173664,0.0039025825,-7.5962785e-06,-0.00018750314,-0.009141184
0.015971141,0.063725755,0.08259921,0.01912171,0.06033501,-0.027669413,0.02836558,-0.016098114,-0.03136248,0.006377616,-0.0018310929,0.021383528,0.028925402,-0.025010666,0.004618211,0.03283652,0.06794581,-0.41721392,0.101574495,0.008430281,0.0032115818,0.0021837996,-0.11205599,0.053623527,-0.0001674538,-0.08442519,-0.3237113,0.22464962,-2.4484985,-1.6813304,0.17182532,-0.040704645,0.0059592277,0.054676734,0.0029490604,-0.00046291927,0.008877992,-0.014587223,-0.00509694,0.0075314837,-0.015444593,0.013344876,0.0019156064,0.003544588,0.0050246585,-0.00015859121,-0.010193537
-0.13777141,-0.043847166,0.0520757,0.051215302,0.040636193,-0.047662783,0.004226922,-0.02628923,-0.004830431,0.025499215,-0.0041742246,0.004075304,-0.078395955,-0.045513514,0.005466602,0.015720634,0.05798675,0.1217537,0.06472588,0.01634411,0.006320892,0.0020932653,-0.15679455,0.05836902,-0.043284368,-0.17291014,-0.18485592,0.21636738,-2.5111852,-1.803907,0.15042174,-0.045699358,-0.0077577597,-0.06977413,-0.0031359664,-0.0013210105,-0.016000101,-0.011150834,-0.0063214907,0.0040095034,-0.011491988,0.008293675,0.00048584558,0.0035450913,0.0025725435,-0.01082363,-0.010263671
-0.0062242746,0.073699534,0.12852697,0.07348252,-0.0053740046,0.0002545047,0.019825852,0.010013584,-0.06134585,-0.022881377,-0.0014288442,0.0233976,-0.0023198063,0.14227173,0.031811774,0.06237006,0.047727115,-0.42117798,0.10762364,-0.01881993,-0.050459977,0.0016756445,-0.108256415,-0.0026074385,-0.0043219766,-0.05430536,0.00537187,-0.08448673,-2.305019,-1.6004227,-0.086541355,-0.022871384,-0.028564302,-0.09371693,0.008193134,-0.00084893295,-0.009772664,-0.019157065,-0.006586464,0.0069880243,-0.018225957,0.0102117425,-0.0003542762,-0.10793313,0.0030497743,-0.000419472,-0.009497874
0.022539582,0.050769553,0.01946946,-0.010187224,0.048438776,-0.02925422,0.028265502,-0.028094448,-0.000107691674,0.046750404,-0.0033128976,-0.006903329,0.030838583,-0.044515397,-0.034567513,0.026703743,-0.017545814,0.113252625,-0.0055875005,0.02506405,0.008192645,0.0016080044,-0.11841021,0.016888628,-0.01198481,-0.067526385,0.07528124,-0.1302672,-2.4582877,-1.7547013,-0.1510922,-0.05911268,-0.008628303,-0.06802171,0.020022715,-0.0029263278,-0.013483241,-0.018682757,-0.0074667283,0.007900532,0.02736348,0.012969204,-0.0032670028,0.006748407,0.00016865491,0.0005691508,-0.009679385
-0.002176877,0.010616853,-0.21434164,0.00025082473,0.048946023,-0.09265422,0.034751266,0.008759672,0.017383136,0.032220885,-0.0035228187,-0.019626927,0.014330758,-0.009002959,0.017016256,0.017863253,-0.009341238,-0.49760956,-0.112811066,0.013116972,-0.0004780123,0.0017657636,-0.14935315,0.046884812,-0.018299472,-0.1060685,-0.05008815,-0.051836625,-2.414658,-1.6939691,-0.034222946,-0.06795894,0.009400308,0.04113844,-0.009312141,-0.002623267,-0.008174145,-0.01690582,-0.005968658,0.0015951525,-0.014768887,0.010324998,-0.0061775837,-0.096560664,0.004188837,1.3785098e-05,-0.0077227904
-0.016108241,-0.018065954,-0.1574212,-0.0056742346,-0.052243967,-0.23015805,-0.032044075,-0.042658877,-0.055086203,0.0196142,-0.0017124603,-0.050488617,-0.035187546,-0.0523575,-0.008649936,-0.059159163,-0.34494027,-0.6432371,-0.09257087,0.019289915,0.003700595,0.0016483599,-0.02720792,0.023045562,-0.019313684,-0.005584654,0.025359763,-0.006327587,-2.2661357,-1.6308782,0.0039497847,-0.010178972,0.0011649058,-0.06257838,-0.0017674174,-0.0013630355,-0.0067715193,-0.017395806,-0.0047030235,0.00020342924,-0.011801854,0.011877667,-0.005317554,0.004453522,0.0007476677,0.00013435219,0.018380927
0.0029626538,0.0068805288,0.10017929,0.016432822,0.010189504,0.15273075,-0.035306394,-0.012649621,-0.023070838,-0.0375822,-0.002929121,0.046669632,-0.0013663329,-0.021957682,-0.0005202176,0.02910637,0.13986628,-0.18595664,0.08176017,-0.025544584,0.0090243155,0.0019609355,-0.13112487,0.009978391,0.020041145,-0.08012886,-0.12887335,-0.03537675,-2.5595489,-1.8592908,-0.01728615,-0.061266307,0.010617863,0.035444263,-0.001503778,-0.0016576012,-0.009962024,-0.011711854,-0.0059782,0.004167282,0.07275612,0.010577807,-0.0017388044,0.005742976,0.0056625344,-2.0119818e-05,-0.007989365
0.0055369604,0.033946577,-0.13261525,0.018082911,-0.069229044,-0.1609312,-0.0071436684,-0.024013314,0.027975058,0.016118543,-0.0029433474,-0.03313763,0.031016173,-0.031206783,-0.073340476,-0.09159026,-0.19457738,-0.42955443,-0.08581266,0.016470594,0.001242939,0.0014333127,-0.07487642,-0.035091862,0.03612581,-0.030508026,-0.1603352,-0.23719628,-2.177607,-1.5432079,-0.16319665,-0.010114086,0.001295829,-0.063352056,-0.076784015,-0.0018745406,-0.011897165,-0.023146635,-0.004991709,0.002101306,0.1150899,0.009981719,-0.0037182206,0.0044903303,0.0018709652,-3.597766e-05,-0.0075340546
0.016972415,0.047303904,0.057547662,0.022692798,0.031223042,0.14630212,0.018299721,0.03991489,-0.0052837334,0.0437038,-0.00019425838,0.041575,0.021102734,0.048090965,-0.068236545,0.020062435,0.066875935,-0.648546,0.048382524,0.0263019,0.0052260947,0.0060947184,0.20002821,0.030882295,-0.03410075,0.15646547,0.38744393,0.06749516,2.0507605,1.5792792,0.06564756,-0.00688809,0.015183195,0.0972534,0.037768416,-0.002075847,-0.0036801132,-0.012707809,-0.004235177,0.010626884,-0.009786329,0.028266527,0.002159824,0.0099488115,0.009832496,0.0012091411,-0.00645447
0.029557755,-0.0067204554,-0.017251594,0.05345842,0.037102435,-0.017491713,-0.120058596,0.00538736,-0.042199925,0.027471907,-0.0021284875,-0.018698335,-0.029275998,-0.04757753,-0.0036836248,-0.029892942,0.073972605,0.14990745,-0.022636462,0.02127844,0.005528859,0.0021199856,0.12458879,-0.10195732,-0.02189911,0.07655717,0.07917278,-0.38628137,-2.3183265,-1.682902,-0.3565234,-0.07644353,-0.008817669,-0.07704266,0.023024097,-0.0024668628,-0.0147816,-0.023171801,-0.0047000973,0.006304757,-0.013015267,0.015506213,-0.0005547497,0.0062386016,0.0049570664,0.00026060693,0.025231212
0.024353307,-0.035693962,0.03598351,-0.026535043,0.04898548,-0.04190177,-0.02548682,0.0026403451,0.00070694234,0.03325599,-0.004332825,0.027293501,-0.00940125,0.13978796,-0.032429088,0.05034928,-0.035102356,0.05917565,0.0019188939,0.016447388,0.00368595,0.0016720487,-0.07025195,-0.19656299,-0.050887443,-0.034626897,-0.24815392,-0.38867202,-2.1956723,-1.577791,-0.35115993,-0.027583469,-0.003709426,-0.06865808,-0.10883067,-0.0015756866,-0.019590475,-0.016760333,-0.0070924694,0.0060422784,0.12145082,0.009117314,-0.00030077292,0.0054895207,0.0025677348,-0.00015954184,-0.008044467
0.021009654,0.0135191195,0.039895676,0.043052524,0.015718488,-0.03970301,0.04223978,0.04201694,0.0020634504,0.044908743,-0.0018663253,0.03824266,-0.0051765027,0.013851314,-0.022745688,0.03826895,0.054581568,0.120596245,0.038360585,0.026876464,0.007965293,0.0037862842,-0.09421096,-0.00291793,-0.0027446942,-0.060741052,-0.300101,-0.035010014,-2.5612957,-1.8514934,-0.010800377,-0.040839415,-0.0034679866,0.048994415,0.0248759,-0.0012178031,-0.017313106,-0.015171963,-0.0059145777,0.010248457,-0.016283935,0.017063232,-0.00080250116,0.008085268,0.008014403,6.928573e-05,0.038905688
-0.023431003,-0.033192366,-0.045754004,-0.047542706,-0.011817491,-0.05754279,0.030852675,-0.060367957,0.042888556,-0.0014484284,-0.0027539334,-0.051094398,0.0014950446,-0.07493303,0.024794884,0.016086228,0.023370098,-0.48503134,-0.04171044,0.002397539,0.002215729,0.0014760444,-0.12239355,0.031117499,-0.022237599,-0.083252005,0.005526789,-0.18074656,-2.2559466,-1.5930139,-0.18167841,-0.05248867,0.0077171517,-0.056614175,-0.017014105,0.004499867,-0.014215488,-0.02007019,-0.005636462,0.0023975393,-0.017451344,-0.2896134,-0.002668849,0.0041003446,0.0012130401,-9.439437e-05,-0.007836513
0.016138794,-0.017932605,0.089081675,-0.1077977,-0.027945783,-0.02922205,-0.050061572,0.016546782,0.016498577,0.036904022,-0.0028266234,0.040829718,-0.00840642,0.052046675,-0.013530208,0.022480967,0.086173415,0.16505079,0.046909012,0.025036568,0.011480621,0.004453996,-0.07963386,0.0086717745,-0.0028299508,-0.071742825,0.5262692,0.08047074,2.135345,1.5840485,0.13783194,-0.018475939,0.005413316,0.034667153,0.019475901,-0.0028990507,-0.00719281,-0.010013414,-0.0046516387,0.009169714,-0.013814043,0.020936647,-0.12406163,0.010339482,0.0101570655,0.00066254445,-0.0080893235
-0.011040644,0.023827879,0.015117463,0.025725767,-0.054062437,-0.16670026,-0.024309339,-0.016002018,0.042149268,-0.0025818585,-0.0027739578,-0.0068807676,-0.028696254,-0.0030378837,0.009297366,0.029485956,-0.15180257,-0.4381049,0.047073264,-0.0062591424,2.8920032e-05,0.0016297462,-0.105353035,-0.15711603,-0.025431618,-0.083995596,-0.021205563,-0.19601774,-2.2068868,-1.5458494,-0.16343252,-0.023726769,0.005843105,0.04129235,-0.0068696565,-0.002597035,-0.011577119,-0.021315547,-0.005289699,0.0033952543,-0.016439334,0.00829105,-0.0001851357,0.00493525,0.0031243556,-0.0033591676,-0.0075235125
0.0056977686,0.017496934,-0.06591989,0.057174902,0.003446471,0.13880935,-0.099195905,-0.01221023,-0.020061811,-0.029062124,-0.0044830125,0.014268013,0.01516205,0.039930116,-0.026498016,-0.0054437933,0.10117433,-0.22523192,-0.033043742,-0.04382979,0.0039032546,0.0016830589,-0.09225799,0.033417914,0.017088553,-0.07328925,-0.053539913,-0.023982633,-2.499829,-1.7895737,0.0109508755,-0.0086731175,0.005586847,0.03339922,-0.0016959775,-0.0008037514,-0.012181684,-0.023120642,-0.0051591108,0.0037939162,-0.017067045,-0.29634207,-0.0012645804,0.0050832527,0.005505148,-7.515527e-05,-0.010298007
0.003333314,0.069977224,0.07691757,0.082415245,0.069274604,-0.050172586,-0.02914394,0.008051613,-0.015310852,0.0124751,-0.00041517123,-0.0079274215,0.037110593,-0.021546204,0.044518817,0.04880077,0.07916604,0.14063708,0.052465506,0.013546929,0.0053148675,0.0050952667,0.0742055,0.024031367,0.03411429,0.059669733,-0.11007779,0.4546454,2.145329,1.5825251,0.36326155,-0.019876832,0.0010269505,-0.032721672,-0.2381923,-0.0006948215,-0.012629395,-0.0077841496,-0.0037814602,0.009011297,-0.0073641734,0.027537495,0.006055135,0.010443,0.005438253,0.0012376334,-0.0076461704
-0.067385435,-0.010815558,-0.17896491,-0.046337694,0.045185465,-0.02935503,0.02373434,-0.005370355,-0.010242913,-0.04639678,-0.005016974,-0.0398828,-0.010527911,-0.022855839,0.03958516,-0.0075421548,-0.002896228,0.11534435,-0.1151156,-0.039255135,-0.1143431,0.001959311,-0.17157854,0.034228638,-0.017600277,-0.11152076,-0.16542599,-0.0027041736,-2.3798747,-1.6813815,-0.012674192,-0.061892334,-0.0042200857,0.02682524,0.0041586813,-0.0015284712,-0.016825642,-0.016048789,-0.0077369306,0.003980293,-0.014299988,0.011783306,-0.0021190604,0.0052955044,0.0042911503,-0.004051095,-0.0106507465
0.01232173,0.017934127,0.077037305,-0.06449843,-0.033487003,-0.028145334,0.036544822,0.076638214,-0.0183674,0.055998992,-0.004156203,0.018673657,0.04024657,0.059759673,3.2720174e-05,0.025122408,0.06528825,0.0038991997,0.053253904,0.027893165,0.012491079,0.004656211,-0.13637963,0.0913131,-0.00430892,-0.08190786,0.44521356,0.09424211,2.0864573,1.5766838,0.15612175,-0.048611723,0.0028061275,0.040786058,0.015097982,-0.0028590455,-0.05921104,-0.011075896,-0.0046160417,0.009727925,-0.010897673,0.0265868,-0.00061807403,0.009024796,0.009079246,0.000518269,-0.012380511
0.012260927,-0.016770614,-0.15469058,0.0022827308,0.031576954,-0.096833825,0.030124918,0.00932889,0.026803132,-0.0105685545,-0.0008074568,-0.016149726,-0.0131248385,-0.044815384,-0.03913403,-0.020386469,-0.213884,-0.5181583,-0.086639635,-0.020398976,-0.000648515,0.0027947316,0.083721586,-0.046395138,-0.03553759,0.059221953,-0.18373145,-0.1964782,-2.239865,-1.5580823,-0.16194783,-0.055685494,0.0032065911,0.061517388,0.008744701,-0.0022246742,-0.011906737,-0.02138882,-0.0062290747,0.0045239213,0.12211996,0.012745347,-0.0043728524,0.005855843,0.0066269715,5.2816846e-05,-0.007909151
0.023026973,-0.064233534,-0.12978408,-0.0014077236,-0.048195086,-0.14808276,-0.010371055,-0.056076545,0.028838074,-0.01322498,-0.0031142365,-0.03871456,-0.06365153,-0.05421626,-0.02946759,-0.07260741,-0.26383448,-0.4873011,-0.09765077,-0.017831428,-0.041913185,0.001475774,-0.11652505,-0.12449156,-0.030791406,-0.08330274,-0.118858755,-0.012608736,-2.1428998,-1.5224154,-0.05125744,-0.0095695825,0.002823695,-0.08038136,-0.049538516,-0.000897086,-0.008124353,-0.017039152,-0.005188804,0.0007460145,-0.01344962,0.008762806,-0.0027925377,0.0036621224,-0.00039640866,-0.004282733,-0.009080352
-0.0091017755,-0.029482134,0.016631473,-0.03693036,-0.027282748,-0.05037593,0.05022694,-0.0020226128,0.0003027217,0.016202064,-0.009742291,-0.00026548002,0.021186769,-0.002068861,0.030086482,-0.037957814,0.080300994,0.17813712,0.007627431,0.03617642,0.010382618,0.0017719097,-0.09569931,-0.18821785,-0.020178176,-0.06325,-0.089714885,0.019602412,-2.4116063,-1.7272174,0.046223577,-0.0043443935,0.00036736683,0.01248864,0.0035448463,-0.0008979415,-0.013249181,-0.016569138,-0.0056423973,0.003564716,-0.016962305,0.019295366,-0.0029996852,0.0067906864,0.0074198456,0.00012624274,-0.013552182
0.0029190874,0.0001664006,0.07550654,-0.009979455,0.04629472,-0.053414427,0.048076324,-0.0032461267,0.018503563,0.03981864,-0.0041858116,0.03256572,-0.017108688,-0.043247424,0.008657159,0.044568405,0.03949574,0.113835685,0.03789201,0.022821432,0.010749034,0.002226283,-0.14762372,-0.21090785,-0.04082972,-0.0951706,-0.36550513,-0.053412747,-2.4918478,-1.7751763,-0.04429769,-0.06822735,-0.0026576498,0.022879204,-0.0010517574,-0.00055160845,-0.016051434,-0.0155451745,0.10662282,0.0068636327,-0.016849022,0.012801943,-0.0009162076,0.007496644,0.005489466,4.990761e-05,-0.00988498
0.012138657,-0.0076748114,0.057337433,0.013807352,-0.102335975,-0.036467005,0.020588974,-0.018765466,-0.023397302,0.011982597,-0.0017502115,0.016297262,-0.02797898,-0.015454479,-0.003657192,0.0015334443,0.016261676,0.11663522,0.054166235,0.001492204,0.008901074,0.0024247183,0.022390252,-0.039183296,-0.036891013,0.0153370835,-0.3521084,-0.026043443,-2.5007927,-1.8237355,-0.014893593,-0.034058042,-0.027276507,-0.07710582,0.010330518,-0.0009520731,-0.023057537,-0.0148728145,0.10884762,0.006379928,-0.013189191,0.010889092,-0.0043290006,0.008011435,0.0021244453,0.0005485048,-0.0079630315
0.042291444,0.068073265,0.057490345,-0.11482772,0.018233659,0.24826966,0.02878748,-0.04400918,0.018068057,0.059423603,-0.0018682679,-0.0062894826,0.048384186,-0.021863634,-0.032259796,0.0071932054,-0.1399219,0.06953754,0.0040818187,0.039016385,0.009092177,0.0040846337,-0.15782104,0.0022139999,-0.05587174,-0.06610569,-0.046568412,-0.107295744,1.0463,0.80946743,-0.09050893,-0.052199826,0.0020919058,0.12789212,0.012070358,-0.0024766098,-0.009488895,-0.019106299,-0.005884659,0.00915971,-0.010457174,0.018443266,-0.0019572056,-0.18475421,0.0070558717,-0.00015349075,-0.0143661825
0.008267393,0.028227042,0.14049901,0.0050678425,-0.0115043735,-0.08413853,-0.032746002,-0.016903512,0.06157471,0.018906092,-0.00048633368,-0.012456543,0.015809244,-0.036745526,0.037031304,0.05267773,-0.18638115,-0.36314768,0.13016838,0.01600811,0.0031720607,0.0018195705,0.06677836,0.056068048,0.035177328,0.03619025,-0.16540767,-0.262106,-2.284676,-1.630093,-0.23754682,-0.03895172,0.0022023376,-0.06893289,-0.005903931,0.015817909,-0.015476143,0.11319719,-0.0047982982,0.0037408173,-0.01610234,0.010950251,0.0014554474,0.005614913,0.0028509316,3.1669406e-05,-0.0068885447
0.009203441,0.028106606,-0.1394589,-0.028128155,0.04719873,0.19420604,-0.09307327,-0.009111925,-0.004796282,-0.17931382,-0.00082725805,-0.019417182,-0.01112876,-0.03661592,-0.014557588,0.009901695,0.11987702,-0.5110507,-0.06039085,-0.12747143,0.0053797932,-0.046779785,0.2961359,-0.07519392,0.025281992,0.20447628,0.33396605,0.035339214,-2.379134,-1.6770167,0.04616206,0.01612911,0.00214676,0.03327638,0.022985294,-0.002871723,-0.0044335416,-0.017536009,-0.004878269,0.004561856,0.07824587,0.01324095,-0.0076989904,0.005687927,0.0072792624,0.0005308392,-0.0069000134
-0.08520269,0.03611747,0.10011116,-0.025484731,0.05516998,-0.020433411,0.039375164,0.001466301,-0.035876267,-0.0674084,-0.0012153811,0.04572382,0.03931384,-0.0107624335,0.027690336,0.034481,-0.023501521,0.08982513,0.05455843,-0.03960078,-0.12894934,0.0039795795,-0.10727222,0.09578447,-0.015048125,-0.07632388,-0.022456853,0.36579743,2.1517494,1.6519259,0.24180925,0.0020025952,-0.0049020485,0.047178574,0.009425091,-0.0018502305,-0.0135862855,-0.0074492376,-0.0049529346,0.00787664,-0.0073308265,0.022296848,0.0070024203,0.008345887,0.0036441234,-4.3526557e-05,0.026861828
-0.04002449,-0.06995524,-0.19131088,0.000987501,-0.068963185,-0.20705351,0.026991218,-0.043686926,0.017778622,-0.13281818,-0.058841683,-0.064399265,-0.07748961,-0.05398427,-0.034460854,-0.11114636,-0.31810868,-0.5383292,-0.10327331,-0.105811305,0.0019963013,-0.030859943,0.108779974,-0.002356103,-0.007934472,0.09920196,-0.06348745,0.2195034,-2.0274875,-1.4896971,0.16164845,-0.06288227,-0.0022502015,-0.06774951,-0.092039935,-0.000815847,-0.0071555814,-0.016782178,-0.00396178,0.0011376906,-0.011572414,-0.23550382,-0.0028509009,0.003142587,0.0014431822,0.00017078985,-0.007093837
-0.03175618,-0.065175906,-0.014199401,-0.17492984,0.052049488,0.21903923,0.011863295,-0.13393411,-0.017697025,-0.018568553,-0.0010415498,-0.00798964,-0.020678947,0.0020679296,-0.05293267,-0.05433498,0.116383865,-0.17948097,0.026890794,0.004790203,0.008477921,-0.07464825,0.27191693,0.051199015,0.040117975,0.1535904,-0.2650191,-0.036771465,-0.5028816,-0.25734183,-0.037440147,-0.106369756,-4.5773635e-05,0.052174095,0.019623188,-0.0018053284,-0.04144459,-0.02964326,-0.0061259633,0.005174839,-0.013231553,0.024464475,-0.0069327173,0.007665384,0.010398967,0.00033453378,0.0008183327
0.021778101,-0.03582336,-0.2063558,0.04288597,-0.07935908,-0.22834876,0.017638749,0.008011547,-0.02151626,-0.010098547,-0.0042857514,-0.026672238,-0.058339205,-0.021853551,-0.00028808013,-0.091466606,-0.33388004,-0.64568925,-0.11397277,-0.027420107,0.0060176677,0.0016883449,-0.123112075,0.013300097,-0.016704138,-0.055656087,-0.20045061,0.2049257,-2.2910893,-1.6166245,0.15562712,-0.03690542,-0.0045571793,-0.076659046,0.007818764,-0.0007029598,-0.007310868,-0.016627127,-0.005081903,0.003908692,-0.010751019,0.0114176655,-0.0015805541,0.004085102,-0.0011193225,3.0028522e-07,-0.009006981
0.014669989,-0.055541076,-0.038793016,-0.051399685,-0.099562526,-0.10081551,-0.0012768166,-0.012902549,0.03690047,-0.0416299,-0.003942428,-0.034124866,-0.04514949,-0.016242314,0.0060520377,-0.1112897,0.08221596,-0.46704972,-0.041608933,-0.03665951,-0.061770815,0.0014691178,-0.1694708,0.002448578,-0.026348725,-0.08186022,-0.14020912,-0.0030957935,-2.3454056,-1.6430082,-0.081916876,-0.05673715,-0.00046316246,-0.086409904,0.00488434,0.0045788297,-0.008895735,-0.019665344,-0.0065706316,0.0050985655,-0.015460035,0.011715255,-0.0024006316,0.004268138,-0.0002620138,-0.0037336324,-0.010344829
0.0056255274,-0.017997546,-0.17031693,-0.046264246,-0.07408554,-0.08952803,0.023082078,-0.0035619207,-0.04116007,0.030064773,-0.0068223653,-0.040597387,-0.03815917,-0.026871018,-0.025436178,-0.1002499,0.081421725,-0.4919211,-0.105558604,0.01592555,0.0061692134,0.0016773088,-0.12318753,0.03974066,-0.021928312,-0.051575426,-0.22224383,-0.06908479,-2.2079237,-1.5117433,-0.081639014,-0.05017789,-0.017436245,-0.081875466,0.005181652,-0.0023394153,-0.011641993,-0.020114264,-0.007656318,0.0036279277,-0.014198786,0.013421864,-0.005646158,-0.0915639,0.0017296758,0.00021105752,-0.012108745
-0.087453105,-0.07201396,0.012220139,-0.01865257,0.049829945,-0.18319955,-0.017070172,-0.011012454,0.025019504,0.026295276,-0.0025044987,-0.04509166,-0.058557633,-0.009814878,-0.036308747,0.0009650812,0.03449206,-0.5239983,-0.023886861,0.015813606,0.003915663,0.001421738,-0.10970529,-0.14567865,-0.029789547,-0.08186487,-0.0019286162,0.25730065,-2.2989268,-1.6376455,0.20676765,-0.020647895,0.0033502183,-0.08492208,-0.069249466,-0.0011804894,-0.0009372198,-0.011401872,-0.004900069,0.0037541527,-0.01430725,0.012007933,-0.0018292387,0.0035751788,0.0010982754,7.833394e-05,-0.00958398
-0.09458542,0.018674742,0.12015506,0.06707259,-0.07948504,-0.0070033777,0.01607393,0.020155039,-0.02365572,-0.050417274,-0.0025461123,0.05828072,0.00335769,0.0828386,0.037406497,0.035659727,0.06769751,0.14092909,0.041995566,-0.025610724,-0.14700004,0.004398421,-0.08647914,0.075069785,0.0144123975,-0.09210448,0.37835383,0.05666705,2.114475,1.5791899,0.1012867,-0.04457149,-0.0040723216,0.042301044,0.020894876,-0.0017795182,-0.0073960107,-0.010820452,-0.0052019106,0.010121829,-0.011540259,0.023762597,0.0015021039,0.007388369,0.008542799,-0.011256122,-0.00726722
0.008031366,-0.018489541,0.06358057,0.05362524,0.03520088,-0.041966237,-0.06538254,0.00040334344,-0.044131767,0.03475056,-0.004208051,0.026839457,-0.023465345,0.12515898,-0.014178351,0.031232363,0.05169631,0.13925835,0.030518875,0.02640491,0.007720729,0.0015174393,-0.09534055,-0.2928898,-0.053058375,-0.08545313,-0.38198593,-0.044499055,-2.427843,-1.7727835,-0.04781747,-0.022294816,-0.008010054,-0.07618029,0.00085982756,-0.0013298529,-0.020280384,0.060406238,-0.0064320643,0.0077101626,-0.01588697,0.009215451,-0.0028081753,0.0075348914,0.0022689141,-1.0314628e-05,-0.009951659
-0.05035362,-0.050012358,0.02339407,0.03821355,0.033806566,0.10648251,0.0136032,-0.021084389,-0.01829625,0.029525328,-0.0037051989,0.019718094,0.04260622,0.0006784089,-0.027870849,0.031330112,0.051408466,-0.057967383,0.011302729,0.019419752,0.0052995156,0.0018724616,-0.14935674,-0.0034785592,-0.0029687162,-0.10467126,0.033718634,-0.123013884,-2.4108293,-1.7515429,-0.12160323,-0.047202934,-0.018726507,-0.10412782,0.019026533,-0.0021837028,-0.013538371,-0.01564913,-0.0067054695,0.009122967,-0.013010238,0.011670315,-0.0015327373,0.0064700143,0.0030610703,0.0003540251,0.021850633
-0.012515953,0.011129304,-0.078332834,-0.026174996,0.04298798,0.10633505,-0.06479414,-0.024585098,-0.00951938,-0.04412833,-0.003828953,0.029974537,-0.0046400214,0.033880156,0.03182677,-0.009966905,0.009829028,0.0025861417,-0.02482255,-0.037091095,-0.10178773,0.0018861754,-0.10255461,0.049991995,-0.010740337,-0.08351909,-0.321503,-0.015035622,-2.5008972,-1.7766356,-0.010421962,-0.039899547,-0.0020319351,0.0022944293,-0.012695184,-0.0013322729,-0.018238198,-0.015966846,-0.0057185055,0.0074202185,-0.016777558,0.0062190373,0.0021331431,0.0056579807,-0.14367633,-0.00088544306,-0.012610072
-0.101437934,0.0056470837,0.060374953,0.029686296,-0.07059875,0.12127689,0.058461998,0.0017081449,0.029477347,0.046707947,-0.0018150103,-0.004707156,0.013386252,-0.027407259,-0.033316053,-0.08065114,0.08707827,0.08897359,0.040388796,0.018755652,0.010056153,0.005454509,0.0795267,-0.048359282,-0.03377872,0.028379127,0.47882712,0.09853459,2.108059,1.5809848,0.117110595,-0.0013069864,0.010242568,0.08832412,0.042446326,-0.0025589874,-0.0028912749,-0.014059012,-0.004133263,0.007740477,-0.0111299595,0.030063529,0.00029300372,0.010916228,0.012094223,0.00128719,-0.009239179
0.009621346,-0.0067531597,0.047965743,-0.093304746,-0.0016125776,-0.08005157,0.009192511,0.008915122,0.0007699187,-0.020645177,-0.0017325691,-0.02548052,-0.031803094,-0.011422382,-0.0077503263,0.03638244,0.065037385,0.122097574,0.041615564,-0.007410418,0.0075935693,0.0035273896,0.085026495,-0.058328804,-0.06927998,0.10396629,-0.2607172,-0.07166655,-2.3246338,-1.636021,-0.027374124,-0.009967294,-0.035628088,-0.083329506,0.018953228,-0.002168281,-0.020948479,-0.010294564,-0.005741091,0.002255307,-0.015522612,0.015291932,-0.0025079194,0.010649683,0.006018527,0.0011673607,-0.008873124
-0.0828637,0.022073416,0.10217227,0.05401711,0.03572464,-0.03556338,-0.09274425,0.1233313,-0.003991056,-0.0051271776,-0.0012444498,0.01859437,-0.033296514,0.1646011,-0.00045561706,0.01208357,0.04853294,0.117167674,0.027939336,0.012771453,0.004926031,0.0019116082,0.018090412,-0.12320847,-0.02130795,0.011329131,0.057089515,-0.41553685,-2.2487352,-1.6235335,-0.32016104,-0.027922187,-0.0076704132,0.035470687,0.008499667,-0.0031369324,-0.013311076,-0.021186356,-0.0049140104,0.005441406,-0.01776902,0.011907759,-0.0016760826,0.0065687867,-0.19711879,0.00012484209,-0.00906774
0.010169405,-0.036278266,-0.058578916,-0.00020792888,0.044725057,-0.13876209,0.05523396,-0.0067509892,-0.051815484,-0.01620675,-0.0032983255,-0.04004172,-0.0046406076,-0.010889625,-0.0024166796,-0.005635784,-0.24397926,-0.57369876,-0.045543972,-0.028540447,-0.06782782,0.0016629235,-0.10516904,-0.15290204,-0.015197038,-0.050098125,-0.11314594,-0.058565382,-2.2905934,-1.5701183,-0.031888727,-0.053125024,-0.016976304,-0.088029414,0.005935938,-0.001018738,-0.010729858,-0.019295236,-0.0055865943,0.00371174,-0.01673536,0.009294063,-0.002261898,0.0051848427,0.00187284,-0.0043443637,-0.008285283
0.030607734,0.025039766,0.117569536,-0.06488069,0.051824898,-0.04036321,0.033395696,-0.021633629,-0.009938395,-0.073227,-0.079975925,0.035309788,0.035118785,0.027384646,-0.002774635,0.0120255845,-0.07524577,0.0265509,0.0750657,-0.03291691,0.0028210322,0.0014315,-0.070104875,0.066255815,0.01173991,-0.05134989,0.08939631,-0.15477806,-2.521209,-1.8164351,-0.17896138,-0.042622253,-0.005908026,-0.079759195,-0.18757829,-0.003107749,0.012702429,-0.01592803,-0.006615523,0.0074176067,-0.013473429,0.008931322,0.00034712386,0.006211321,0.00056003354,-0.0010537321,-0.006123596
0.027378391,-0.008365698,-0.020977505,-0.06592109,0.041231573,0.07945998,-0.08320054,-0.011766786,-0.017730327,0.012288893,-0.004614045,-0.021005245,-0.001765283,-0.039319772,-0.013201599,0.0033843475,-0.060215738,0.0591235,-0.03468924,0.0006579706,0.0073734513,0.0019858647,-0.15712532,0.041003577,-0.005511172,-0.1341897,-0.076292954,-0.1744888,-2.5576718,-1.8553642,-0.1784795,-0.039383154,-0.01392555,-0.074125215,-0.012003118,-0.0028512583,-0.024629036,0.08038237,-0.006432388,0.0033827946,-0.011564709,0.007862527,0.00093266595,0.0041747135,-9.154642e-05,0.0004773792,-0.010556023
0.035699483,-0.028864129,-0.16176125,-0.0093673365,-0.052758437,0.19633015,0.04695031,0.0279061,0.001694099,-0.0011299021,0.029591946,-0.06729255,-0.072203174,-0.046529695,0.0065297745,-0.07350031,0.09322194,-0.5397216,-0.09548781,-0.0138365505,0.007898793,0.003944551,-0.01535322,0.020648036,-0.008589867,-0.015521846,-0.06964945,0.042530388,2.2547126,1.6768392,0.06535272,-0.12879048,0.010630762,-0.10902521,-0.13939863,5.62732e-05,-0.0076631326,-0.01794312,-0.008505415,0.0051916293,0.061421417,0.02744332,-0.005458112,0.010348088,6.438537e-05,0.00027468702,-0.00798073
0.005162371,-0.007149627,0.060845427,-0.049688935,-0.08685185,-0.010272507,0.038420867,-0.027035078,-0.00804279,0.0008367589,-0.0032435146,0.041409045,0.028415648,0.12850884,-0.017401064,-0.025212863,-0.03752069,0.06988793,0.04715672,0.015467219,0.0045615872,0.0015230825,-0.06396922,0.043305762,0.0022422958,-0.052256376,-0.00765437,-0.15587078,-2.4396565,-1.7931011,-0.18152183,-0.042949185,-0.005969615,-0.0901695,-0.13694957,-0.0023638643,-0.015820308,-0.01612419,-0.006330063,0.0070649795,-0.011913244,0.008439859,-0.06200925,0.0049814517,0.0012092887,8.75519e-05,-0.0069435923
-0.004504916,0.0038210084,-0.028190926,0.057357885,-0.034386635,-0.041918874,0.02327326,-0.008363573,-0.015209843,-0.037123993,-0.0058153435,-0.014674223,0.035482366,-0.04721855,-0.008926719,-0.018470354,0.072781436,0.16976324,-0.011168843,-0.041665297,0.006643357,0.0016217821,-0.16428317,0.04986122,0.00095733034,-0.12457451,-0.24175975,-0.022352964,-2.4148326,-1.6844447,-0.0028544303,-0.016293254,-0.0022870158,0.034599356,0.0050944835,-0.0013662636,-0.015005512,-0.016117146,-0.0057893535,0.0038144004,-0.016368546,0.012596228,0.0013039301,0.0067664287,0.0066894633,-0.000498783,-0.010527366
-0.024476498,0.029433865,0.08178695,0.047521234,-0.070350885,0.21312007,0.08033149,-0.069318525,0.0022426075,-0.23219614,-0.0009061789,-0.019051539,-0.072259456,-0.042089164,0.034424447,-0.013562329,0.02672651,-0.14254898,0.05590907,-0.16885056,0.008786882,-0.072061874,0.09410023,-0.0890826,0.08417629,0.033926234,-0.08711613,-0.015731974,1.2174575,0.84814477,-0.0023661975,0.007532652,0.020273589,0.13043123,0.0040658517,-0.0012184486,-0.04787228,-0.019901354,-0.004388621,0.0022969982,-0.011911566,0.023859804,-0.003018189,0.008876345,0.013581863,0.0003754764,-0.012166849
0.020472717,-0.002235697,0.048552107,0.06162752,0.02160451,-0.032647394,-0.16255613,-0.018334325,-0.020937234,0.022295268,-0.0019805406,0.040544566,0.018921709,-0.054876905,0.011524227,-0.004222442,0.065564506,0.11524416,0.038715143,0.012256231,0.0041972417,0.0029391001,0.023028636,0.061893538,-0.045365054,0.014571752,-0.37265843,-0.2176686,-2.394105,-1.7181674,-0.19925725,-0.05424543,-0.023643052,-0.08447889,-0.0019785739,-0.0014236314,0.07103478,-0.021100499,-0.0057472275,0.0052122893,-0.013101294,0.013035663,0.0019782872,0.0077915853,0.002563037,0.00049138145,-0.007255153
0.013351455,0.043590233,-0.2271654,0.014975498,0.010937177,-0.09660654,0.011756686,-0.05427495,0.04020696,0.0008271097,-0.004055532,0.06253432,0.036405448,-0.048994422,0.022227934,0.052839432,-0.18782775,-0.47836858,-0.09156941,-0.014531468,-0.0013204432,0.0015781295,-0.1451821,0.032688726,-0.017363798,-0.08878127,-0.039648592,-0.04885685,-2.3333397,-1.644817,-0.023496652,-0.03662017,0.0048676915,0.0525174,-0.010022035,-0.0021030286,-0.008323663,-0.015072355,-0.004931368,0.0028708654,-0.014305137,0.007827701,-0.003595785,-0.09324596,0.0046263123,-0.00022007973,-0.008070148
-0.011992391,0.011723803,0.04205084,0.0019739196,0.04105902,-0.04184407,0.06678641,0.0056624627,-0.04910476,0.024756271,-0.0045944536,-0.042436123,-0.00049841125,-0.0473276,0.011430151,-0.0024611757,0.05759276,0.13599476,0.045071363,0.020262908,0.006584613,0.0021565368,-0.07774112,0.051363926,-0.07834939,-0.042921748,-0.3481144,-0.045326114,-2.5037012,-1.8227208,-0.03522588,-0.10629157,-0.017625174,-0.09196897,-0.0031419774,-0.00086422364,-0.019198706,-0.014486378,-0.0068501458,0.0037988005,-0.015160078,0.015120572,-0.0006084936,0.0072410023,0.0020460177,0.0005086077,-0.012599266
0.0134540135,0.021709451,0.03977125,0.058323484,0.029750412,0.06220283,-0.056599233,-0.017678607,-0.00040816946,0.018675737,-0.0053451965,0.005509845,0.025360597,-0.042712055,-0.030389791,0.0018653501,0.049150296,0.017950494,0.028129142,-0.0012196047,0.008812325,0.0018378722,-0.14093487,0.00811243,-0.0363323,-0.08927223,-0.36687118,-0.03460737,-2.518219,-1.7671406,-0.041171324,-0.038202405,0.0045061847,0.013908676,-0.0005742266,-0.0015631042,-0.016722994,0.07087629,-0.006556587,0.0057598474,-0.015475252,0.012105623,-0.00033480185,0.006428185,0.0049536843,0.00030718537,-0.0140696615
0.023827318,0.03374229,0.02351795,-0.06324108,-0.11913431,0.19396055,0.104546666,0.09677598,-0.04365418,-0.00087070395,-0.0010211,0.025914516,0.07506482,0.121002324,0.014036934,-0.01719452,0.06936012,0.0219779,0.013943891,0.011184615,0.010458348,0.0041701263,0.0844537,-0.0011493793,0.04117874,0.050594535,-0.075358875,-0.33480757,-0.1672708,-0.08351321,-0.3340975,-0.068017125,-0.0004495432,0.054776672,0.0132283075,-0.0027068718,-0.050751105,-0.03576416,-0.0061520557,0.008219802,0.09567197,0.022332015,-0.004184954,0.008559938,0.0132203335,-0.00015833629,-0.009078523
-0.01542801,-0.021224221,-0.15655248,0.0030060157,-0.061403524,-0.15013868,-0.022807315,-0.04849753,-0.047641087,0.0031586015,-0.0028007957,-0.04606361,-0.0074029174,-0.05507074,-0.013606348,-0.05490682,-0.2960222,-0.6384778,-0.09090723,0.012034908,0.005711594,0.0015093695,-0.049852096,-0.017015293,-0.025407061,-0.039225787,-0.00017507396,-0.0025382836,-2.2749984,-1.6294321,0.009259751,-0.0070791407,-0.023748819,-0.058343828,-0.0056067742,-0.0019508665,-0.0067778197,-0.015463066,-0.004843042,0.0019126149,0.066163614,0.01195863,-0.004996641,0.004935332,0.00076544966,0.00013425545,-0.0078150565
0.0028313824,0.00044396566,0.045132328,0.024765803,0.02629651,-0.043562766,-0.012481012,-0.017791923,0.029526982,0.03217405,-0.0008522691,-0.02453595,0.038830567,-0.02368978,0.029423036,-0.022615943,0.030980958,0.103562646,0.040703576,0.011401186,0.005265288,0.0046939556,0.19733371,0.034297105,-0.04749518,0.09007472,-0.3430155,-0.02605665,-2.476767,-1.7818396,-0.018852381,-0.09523653,-0.0021895317,-0.09417189,0.018484976,-0.00019554849,-0.020861415,-0.0148769785,-0.0052153287,0.0070342436,-0.014752247,-0.4174163,-0.001542151,0.0070204074,0.0042246003,0.00079455855,-0.008888103
0.034244526,0.0047814026,-0.004677939,0.097288266,0.06067368,-0.023373283,-0.009954899,0.0020798447,0.011435968,-0.06118916,-0.0051858444,-0.025808452,0.010151924,-0.03175543,0.054603197,0.017565034,0.08678711,0.17458414,0.003053429,-0.045534912,0.0023159706,0.003897168,-0.14930797,-0.28956684,-0.010916434,-0.08545579,0.025918316,-0.027414428,2.1977315,1.7032647,-0.11936283,-0.07753243,-0.011673359,-0.07015363,0.033082094,-0.00048453422,-0.007162279,-0.019264093,-0.005366429,0.009869731,-0.008712288,0.024649331,0.003805491,0.010270305,0.003330394,-0.00061782124,0.04842129
-0.008877743,0.018505644,0.0120474035,-0.044119526,0.025714884,-0.042807486,0.03557016,-0.01846055,-0.008595229,-0.08390977,-0.0049101342,0.036478434,0.012086406,-0.039384514,-0.013626578,0.009910639,-0.02243486,0.10913312,0.019566502,-0.038382594,0.007312733,0.0017567513,-0.14094739,0.0519492,0.0033146464,-0.09317507,-0.1823078,-0.18781155,-2.5007443,-1.7512317,-0.18714051,-0.047655508,-0.0025699458,0.028877547,0.0030234691,-0.0021628963,-0.015803179,0.102908,-0.007756648,0.009301502,-0.014969351,0.012943789,-0.00020434427,0.006351236,0.0026886284,-0.0011124273,-0.008690016
-0.010566715,0.030459603,0.12323121,-0.06908995,0.036440313,0.1331598,0.035179023,-0.016658414,0.04337562,-0.058431223,-0.0021351324,0.0426204,-0.010796386,-0.0052510262,0.016967185,0.044473488,-0.07667916,0.07210516,0.05413481,-0.01883622,0.0060769105,0.0015216483,-0.13229346,0.016125623,-0.035030864,-0.041796375,0.113687105,-0.1323277,-2.5192854,-1.8473058,-0.11732797,-0.035024837,-0.00370078,-0.0737444,0.016821545,0.016484156,-0.015118734,-0.015487617,-0.0060295966,0.009365112,-0.014313894,0.013356665,0.00045863114,0.0057779113,0.0030224938,-0.0041431114,-0.010053704
-0.14345293,0.031017192,0.039455194,-0.029335482,0.039154876,-0.015602504,0.023586549,-0.019610593,-0.010990235,-0.06898007,-0.0027457671,0.036602385,-0.014189487,-0.0052873106,-0.04366627,0.020020459,-0.0066967215,0.08106124,0.03360936,-0.031613085,0.003855955,0.0015221094,-0.12607034,0.042754736,-0.0029138408,-0.051259942,0.02279123,-0.051561177,-2.4523435,-1.7559466,-0.1295127,-0.036122777,-0.005780035,-0.09548499,-0.17641403,-0.001685025,-0.014255897,-0.01709797,-0.006218735,0.0071270973,-0.013394274,0.011508186,-0.09100478,0.0046249456,0.0029714704,-0.0010326739,-0.012026914
-0.0055331215,-0.04991761,-0.16182968,0.03573134,-0.04947649,-0.16742054,0.026990283,-0.064951696,0.01662958,-0.016182834,0.020068666,-0.047006495,-0.06623046,-0.057474293,0.0029931809,-0.08117371,-0.28356513,-0.55410093,-0.094074875,-0.0032501076,-0.03885549,0.0016403685,-0.052867282,-0.119864665,0.011869242,-0.045044668,-0.07065904,-0.022977073,-2.2136738,-1.5337939,-0.0065259864,-0.0020939966,0.001600454,-0.08119398,-0.057269633,-0.0002734978,-0.008272329,-0.018288959,-0.004811222,0.0011087415,-0.0140668815,0.009582729,-0.0026236703,-0.08501223,0.00093436637,-0.00021404328,-0.008670791
0.047524743,0.008920404,-0.006622763,-0.107517205,0.05761256,-0.049187686,-0.00711536,-0.010371825,0.025726628,0.0020696735,-0.0017382848,0.036485087,0.023145076,0.03310342,0.0355449,0.037156403,0.08330146,0.085346244,-0.0035463804,-0.004219743,-0.06808105,0.0046364823,-0.031975437,-0.30015996,-0.033134192,-0.019501846,0.08645525,0.42755002,2.1295478,1.6378835,0.26751724,-0.025784032,-0.002069449,-0.039675936,-0.1002069,-0.00078108255,-0.009338486,-0.008897687,-0.0041344436,0.007452363,-0.010178573,0.018905085,0.006586377,0.0069407076,-0.10463928,0.0002607216,-0.009653731
0.028343944,0.00056838396,0.07870348,0.06811826,0.080963455,-0.025102444,-0.12719344,-0.0005808388,0.007891591,0.034294635,-0.00088237587,-0.0094296485,0.013914397,0.005331662,-0.0026408518,0.004070368,0.086681806,0.16591015,0.045065936,0.02564286,0.010649521,0.0040322067,0.043984827,0.01762679,-0.0037385463,0.0016329938,0.4867295,0.09052679,2.1288416,1.5842634,0.11534106,-0.002839806,0.0066975257,0.041469146,0.03806199,-0.0020287104,-0.005432321,-0.0118503,-0.0032438678,0.00695711,-0.008162084,0.030587431,0.0022945486,0.01123053,0.011803693,-0.056855135,-0.006265292
0.004450681,-0.004270528,0.0051897755,-0.060337752,-0.04026362,-0.037962027,0.047739774,-0.011881196,-0.012551705,0.033930354,-0.0018596753,-0.028147873,0.031683475,-0.032297637,0.007506599,0.035705686,0.05865101,0.083555326,0.016129179,0.02279854,0.008633961,0.0051818965,0.15409926,-0.14644274,0.03063509,0.13827044,-0.31066635,-0.0115259765,-2.4755273,-1.7881575,0.008925553,-0.0049207257,0.005268855,0.04908061,0.0087224655,-0.0016215139,-0.015329175,-0.013777079,-0.0052456036,0.0075728875,-0.01757318,0.015456292,-0.03125868,0.009179813,0.009853645,0.00082676,-0.008491962
-0.084575705,0.018105682,-0.019865971,-0.07574167,0.050966542,-0.035147265,0.008966451,-0.009730709,0.014929786,-0.057325527,-0.0029840297,0.0019027053,0.005833281,-0.016884604,0.001646185,0.00918601,-0.07925279,0.08980203,-0.02280257,-0.051422454,-0.12906855,0.0016031063,-0.09426063,-0.2146673,-0.02268433,-0.0520635,0.014883974,0.005132252,-2.5023603,-1.7352511,0.015364622,-0.020337991,-0.000110341825,0.04526491,0.014600521,-0.0031989608,-0.017135546,-0.015748223,-0.0052718413,0.0046811993,0.06523706,0.008045127,-0.00028168983,0.0067847664,0.00668319,-0.0010281256,-0.008182615
0.018489406,-0.018130638,-0.0076502566,-0.026564617,0.054250237,0.16583295,-0.029418768,0.0037188581,-0.05504973,0.02925765,-0.004347143,-0.038812432,-0.040681545,-0.022324143,0.0062421467,-0.027670523,0.094889954,-0.50813264,-0.009988978,0.03493843,0.01112774,0.0019311291,-0.08529256,0.030849827,-0.016080089,-0.0410837,0.33513042,-0.04394705,-2.439316,-1.7581546,-0.0028454456,-0.021370104,-0.046621107,-0.05103544,0.0026976333,-0.0008676722,-0.008171025,-0.016761463,-0.0062457356,0.004392586,-0.016155217,0.014159033,-0.0030926599,0.0061606476,-0.1079817,0.00049272267,-0.010645886
0.0049729603,0.016844813,-0.010719113,-0.09270506,0.03608107,-0.036201883,0.049237892,-0.02872354,0.023807544,-0.0781613,-0.0053548873,-0.026819762,-0.0074885185,-0.032845203,0.018675013,-0.00227902,-0.08679299,0.10956851,0.014365723,-0.05057087,0.003230557,0.0019517028,-0.15145397,0.0356318,-0.017029306,-0.086710624,-0.17151758,-0.1789273,-2.5365596,-1.7887889,-0.1999787,-0.02393463,-0.0015413064,-0.07332881,0.0032752114,0.012647483,-0.020025287,-0.01790627,-0.006239548,-0.15314628,-0.015584433,0.0077616246,-0.0017266851,0.0039264285,0.0037729866,-0.0009812309,-0.01139676
0.048237823,0.044591416,0.057113457,0.06309152,0.053780474,-0.08536528,0.09904839,-0.061320465,0.029557167,0.04919121,-0.0045253234,0.03067627,0.082705945,-0.11906401,-0.104617015,0.051798474,-0.00031935345,0.06489207,0.0391391,0.0061384877,0.0076926197,0.00395651,-0.18090567,-0.43627423,-0.0751655,-0.20246926,-0.38507944,-0.108481385,-0.29427922,-0.054148614,-0.108265504,-0.018737622,0.011930637,-0.11113935,-0.010247076,-0.0036964172,-0.057004023,-0.02619328,-0.009221211,0.0057659405,-0.012755629,0.008572197,-0.0069881817,0.0059965337,0.0043331212,-8.65983e-06,-0.009962183
-0.046653405,-0.06436228,-0.20703976,-0.035506245,-0.066863015,-0.21854196,0.009655592,0.02533494,0.010197814,-0.00921055,0.014218399,-0.05817864,-0.079542644,-0.053014383,-0.0060698222,-0.08746791,-0.3705232,-0.5784844,-0.115829125,-0.009750932,-0.039097026,0.0016826325,-0.013629119,0.038380686,-0.013976013,-0.0010204797,-0.035593208,0.2491743,-2.1643462,-1.5800678,0.16897821,-0.033544973,0.0020430572,-0.08136087,-0.08292972,-0.00056673714,-0.007788678,-0.01599288,-0.0050824396,0.0011317681,-0.010411821,0.010652419,-0.0016682599,0.003239406,0.0013079826,-0.004535783,-0.00785971
0.013259097,0.0031625323,-0.05878345,0.056590322,-0.056330506,0.17056675,0.025768297,-0.006002012,0.030221278,0.053768072,-0.0067668837,-0.009434211,0.020178601,-0.047242165,-0.03445241,-0.002312157,0.03516351,-0.10833666,-0.0041630063,0.02702821,0.0035400381,0.0018369707,-0.1815372,0.030467663,0.0011936411,-0.11635352,-0.3174569,-0.056918353,-2.496872,-1.7909948,-0.11148637,-0.06055512,0.002508587,0.029692678,0.0070062024,-0.0011687226,-0.015548424,-0.019074494,-0.006511963,0.0041781254,-0.014741451,0.010673696,-0.04747168,0.0056210128,0.004282247,0.00022283262,-0.009431991
-0.025286559,0.017600667,0.06032856,-0.109719366,-0.035985656,0.13592042,-0.081218876,0.009854987,-0.025230072,-0.071590066,-0.0042456766,-0.006686011,-0.007319688,-0.019613577,-0.025235582,-0.010718747,-0.1014352,0.059415594,0.045462284,-0.043854825,-0.10256781,0.0015943426,-0.12019018,0.02792819,0.0012088554,-0.08681847,-0.16101807,-0.14387675,-2.4407876,-1.7458421,-0.16409257,-0.035227753,-0.0050282343,0.058984753,-0.0021256472,-0.00401762,-0.017746,-0.01881998,-0.0065068034,0.004996919,-0.014180321,0.008441411,0.00029646704,0.003931104,0.00506495,-0.0012387543,-0.010535859
-0.015490049,-0.02065845,-0.19718063,0.03367468,-0.07252259,-0.21758662,0.017485045,-0.06566873,-0.021232624,0.010388059,0.023469253,-0.043305933,-0.048404675,-0.04587772,-0.004258421,-0.07900051,-0.34389213,-0.61061627,-0.109035015,0.01076789,-0.00020451989,0.0021077276,-0.0600221,0.03616871,-0.031028403,-0.045565397,-0.08550154,-0.010972749,-2.3001764,-1.591406,0.0008316729,-0.0141023565,0.0004922506,0.0596603,0.0037281064,-0.0012073069,0.0048772315,-0.018283658,-0.005216331,0.0026395014,-0.013508009,0.013375324,-0.0044930205,0.004985158,0.0030952448,5.467723e-05,-0.0086507695
0.016238172,0.01745109,0.050678566,0.01789752,-0.0053359987,-0.0069928276,0.06761338,-0.03359153,-0.010539141,0.059941467,-0.0035556746,0.009866189,0.030930584,-0.032650825,0.020778764,0.032300428,0.05552201,0.011119078,-0.012945708,0.009534436,0.008367295,0.0015519541,-0.13678402,0.04037841,-0.0057852846,-0.08805942,0.08590065,-0.109325975,-2.384894,-1.7216231,-0.085671335,-0.030093383,-0.0006523447,-0.07522824,-0.15116657,-0.00077739713,-0.015548362,-0.018847078,-0.0059368326,0.005323853,-0.012907023,0.010571474,-0.07792871,0.0070774094,0.002975247,0.0003895762,-0.008398714
0.015923379,0.031774204,0.15418747,0.00834332,-0.009603876,-0.02539204,-0.035725478,-0.017096031,0.016104875,-0.008549669,-0.0012785514,0.05397605,0.025597416,0.023905475,-0.019047905,0.045394443,0.04977029,-0.43818873,0.13989507,-0.017326739,0.0051817237,-0.03029528,-0.09169302,0.041410536,0.0330021,-0.0379445,0.1048682,-0.06975789,-2.407659,-1.7141848,-0.06285284,-0.020258734,0.007366574,0.026174879,0.0055911634,-0.0010214071,-0.0068253605,-0.020102475,-0.0065447995,0.0068150186,-0.017543534,0.013478117,-0.0011963226,0.0057320166,0.004641349,-0.00015151581,-0.0063815876
0.011979461,-0.047933117,-0.19255342,-0.08343594,-0.04097273,0.14990081,-0.017520562,-0.027034115,0.032572635,-0.016074164,0.028536998,-0.025942046,-0.05126133,-0.0028605156,-0.04102928,-0.087833256,0.09842692,-0.38421753,-0.11877243,-0.01655969,-0.06769681,0.0017918603,-0.1167064,0.009228789,-0.01899115,-0.063216716,-0.2142865,0.2735717,-2.3214426,-1.6699306,0.19704613,-0.06478243,0.0029357076,-0.07499297,-0.10282917,-0.0012901151,-0.00928119,0.095176764,-0.0062337527,0.0065583405,-0.012142282,0.010513949,-0.0025395565,0.0035336264,-0.0012384676,-8.084709e-05,-0.007976431
0.010180887,-0.005252682,-0.15919325,0.020749208,-0.09100064,0.1122756,0.035459645,-0.010996455,0.0041093742,-0.04015924,-0.0059580016,-0.028072283,-0.03511501,-0.02045667,0.020597748,-0.074924365,0.07285735,0.050689247,-0.09948803,-0.03856016,-0.09766771,0.0021191759,-0.17988887,0.0030787797,-0.022548653,-0.109444134,-0.17825946,-0.066130504,-2.409056,-1.7026063,-0.004823536,-0.017965803,-0.012464089,-0.057920337,0.0015433149,-0.00051317515,-0.011884983,-0.016862288,0.09688111,0.0040967776,-0.011390432,0.0119922375,-0.0027156267,0.0056808153,0.0017520541,7.295076e-05,-0.0117541645
0.034931954,-0.013239863,-0.13793923,-0.103350155,-0.015660333,0.22354566,0.016290488,0.024146073,0.016957933,-0.027940001,-0.00011701666,-0.042726822,0.035431605,0.020694448,0.043985568,0.029432232,0.10975099,-0.07583046,-0.06800153,-0.026979793,0.0066021564,-0.10118792,0.37319016,0.09940287,0.07448355,0.24880186,-0.2597472,0.045809,1.5443437,1.0821494,-0.0010600506,-0.13625501,-0.0027479252,0.087925725,0.03682593,-0.0005634435,-0.0023455506,-0.014982895,-0.0048249406,0.0074395416,-0.012486216,0.032407578,-0.00015953265,0.010564623,0.009901952,2.5007304e-07,0.05472794
0.04308833,0.020639334,0.08549406,0.086504586,0.071811475,-0.011618784,0.0015860861,-0.016085649,-0.01691678,0.046870854,-0.003826295,0.0023265227,0.033510007,-0.013556895,0.007432107,0.0219289,0.097376846,0.2119008,0.050025247,0.031140232,0.008009806,0.003738119,-0.12468884,0.088834636,-0.013960745,-0.032784,0.6222201,0.11917227,1.6003067,1.1423475,0.15890856,-0.0057158503,-0.04034958,-0.10146311,0.01827932,9.161304e-05,-0.0017984501,-0.013534028,-0.0047146287,-0.19413058,-0.010895352,0.025062919,0.0031407494,0.009707814,0.0058788187,0.0007071091,-0.012766245
0.0052544693,-0.009078776,0.008283791,-0.0552915,-0.050799005,-0.027007874,0.0466064,-0.0068683247,-0.0071550137,0.026844772,-0.007284849,-0.013736358,0.01751699,-0.0038731822,0.039342377,-0.059470776,0.08512735,0.124901585,0.02303203,0.009991576,0.0029535226,0.0033157878,-0.06936838,0.03346038,-0.024475845,-0.030411482,-0.19024801,-0.45276818,-2.2491605,-1.6063832,-0.43676347,-0.059912656,0.006159988,-0.062353767,0.009946135,-0.0004659673,-0.015084627,-0.026587471,-0.0064660017,0.0011306232,-0.018019138,0.015242922,-0.07750052,0.0050629256,0.0029912277,0.0001585878,-0.013118695
-0.16875592,0.05403701,0.09633853,0.014416116,0.09478238,-0.10667143,-0.08917012,0.044317123,0.05370067,-0.043239474,-0.0011721929,0.08385888,0.042744864,0.026441257,0.09369546,0.037743367,0.028033623,0.11534701,0.06790021,-0.02363972,-0.047527693,0.004271323,-0.037477404,0.055510968,-0.011373784,-0.004387746,0.08110579,0.51819843,1.272227,0.85977465,0.3918518,0.010090269,-0.00070928765,-0.124221005,-0.15945359,-0.0006094143,-0.060901336,-0.009784254,-0.0036696114,0.010528217,-0.006179075,0.026998566,0.010893596,0.0076659913,0.0011644306,-0.00068284484,-0.010913532
-0.008917926,-0.0045479066,0.036403757,-0.053035527,0.052478053,-0.05511395,0.05474838,0.014678741,0.0014211674,0.05647506,-0.080954224,0.008653899,-0.016147368,-0.014891471,0.015030539,0.016420566,-0.059808362,0.076710425,0.0522369,0.022681927,0.008896753,0.0018361012,-0.14938122,-0.22957197,0.025622718,-0.12448218,-0.1508787,-0.10491132,-2.4122036,-1.7694918,-0.14024937,-0.02692143,0.00059043546,0.028733816,0.0027145736,-0.0033319287,-0.018525831,-0.013408175,-0.006393055,0.003187715,-0.014670892,0.0118098,-0.002226745,0.0057078297,0.0054208715,-0.00012595327,-0.0075680898
0.0051912367,-0.018644584,-0.15226966,0.057335462,0.042030174,0.13939142,-0.036396373,-0.0054027345,-0.0671119,-0.021351587,-0.0051620156,-0.037237246,-0.06277673,-0.06717539,-0.012276933,-0.08506251,0.08755044,-0.50492907,-0.09455223,-0.017956045,-0.07096013,0.0016869694,-0.11585923,-0.16227382,-0.037535336,-0.07680137,-0.12501891,-0.011450838,-2.3070478,-1.6417062,-0.06267232,-0.015670288,-0.02287433,-0.07681918,-0.0051363287,-0.00039640933,-0.008393295,-0.020141244,-0.0063973614,0.0015449976,-0.015048979,0.010952121,-0.003328581,0.0037020296,-0.059047613,-0.00070242624,-0.011638738
-0.0078983735,-0.00769312,-0.16907203,0.035340704,-0.050166667,-0.014486974,0.039805815,-0.013086573,-0.03138124,0.031067496,-0.009595741,-0.02260817,-0.031818423,-0.07363254,0.014024993,-0.06367697,0.09577101,0.12732813,-0.08497878,0.015504426,0.0069743884,0.0029326724,-0.17506942,0.0056319586,0.0027905738,-0.08720767,-0.20362118,-0.04488842,-2.4062777,-1.6999309,0.0014278395,-0.024181107,-0.012902455,-0.081608556,0.009485427,-0.0018250498,0.0003412016,-0.01697406,-0.0061183367,0.002268907,-0.01232567,0.014126313,-0.0036164457,0.0060622203,0.0040963856,0.0006875639,-0.013729453
0.0019216276,-0.009181922,0.019885927,-0.23832013,0.01047051,-0.09297575,-0.19573352,-0.06913741,0.05247641,-0.025226727,0.021828186,-0.015935993,0.04214153,0.00899275,-0.056662533,-0.038800627,0.061712053,0.15726481,-0.0098347515,-0.012794832,0.009217071,-0.06254531,0.25087988,0.04967525,0.0047838497,0.17567545,-0.30816245,-0.030838875,-0.45739308,-0.20209685,-0.0424199,-0.19487832,-0.0046407753,-0.10303332,0.031188494,0.007107191,0.1454552,-0.033170406,-0.0047869026,0.0049669235,-0.012433281,0.023310954,-0.0021973464,0.009271987,0.005031376,0.000562227,-0.008058169
-0.04028221,-0.04590302,-0.20708977,0.003922794,-0.08174409,-0.24377775,-0.017662905,-0.06828571,-0.053168986,-0.1492944,-0.07142403,-0.05120181,-0.056651596,-0.06757639,-0.016175829,-0.10254779,-0.38819206,-0.62759155,-0.11082171,-0.15174259,0.0038256126,-0.03363578,0.10382646,0.029983087,0.025204621,0.079502136,-0.057737082,0.22190394,-2.1519365,-1.5525614,0.17058991,-0.016493957,-0.01522125,-0.06797951,0.0024307834,-0.00046012696,-0.006226129,-0.016461346,0.078926146,-9.4271934e-05,-0.01007604,0.011422975,-0.002156528,0.003679467,0.0015701413,0.00014183107,-0.007285398
0.017683672,0.026362376,-0.009063117,-0.07249298,0.058820028,0.15069951,0.027315062,0.0034121317,0.04846978,0.042715322,-0.0001266752,0.058858182,-0.07840999,-0.010875878,0.02712324,0.044096686,0.07046632,-0.44455928,0.025186146,0.017687043,0.003714503,0.004930246,0.057151977,-0.0026168479,-0.018954169,0.044837512,0.039931756,0.32168576,2.079248,1.6155322,0.25571695,-0.03285376,0.010953913,0.0154023245,0.019359548,-0.0014719464,-0.00467641,-0.011920112,-0.00448091,0.0103723435,-0.00998348,0.018988708,0.0013091326,0.008444402,-0.17577788,0.0007757348,-0.007357573
-0.0003411918,-0.007082645,0.06255449,-0.07118336,0.033305388,-0.08668365,0.03246661,0.0101868175,0.012711413,-0.0020773138,-0.0014103762,0.035279002,0.004189107,0.15136437,0.0069306665,0.044572707,0.05627867,0.08542824,0.029119771,0.006569587,0.0072577656,0.0038072104,0.20144956,-0.012712243,0.023344995,0.17980483,-0.09539824,-0.008254487,-2.4453108,-1.7624032,-0.008592832,-0.06100663,-0.011654998,-0.014952764,0.014972777,-0.0014485916,-0.013818576,-0.0137993,-0.0047125393,0.008390197,-0.017019222,0.016389905,-0.0005293663,0.008202387,-0.26001528,0.0008106042,-0.007866162
-0.007841528,-0.035224635,-0.17714806,0.032049403,-0.074689254,-0.21207313,0.036690634,-0.061487496,-0.054035846,-0.019572597,0.024133315,-0.034353387,-0.0058419015,-0.05775202,-0.016018119,-0.08478794,-0.32032403,-0.61846143,-0.093238756,-0.015026475,0.0025616772,0.0017109797,-0.05928772,-0.021889653,0.0130587015,-0.022501068,-0.06547176,-0.033350598,-2.2682536,-1.5815072,0.0017247534,-0.0032224064,-0.014558754,-0.07925344,0.0038959119,-0.00014115777,-0.008169059,-0.01872261,0.083030224,0.0022770134,-0.012847335,0.011716486,-0.003391256,0.005072652,0.001207002,-2.3109524e-05,-0.007514076
0.04318269,0.017906373,0.004162901,-0.08403531,0.03490775,-0.023690226,0.030506432,-0.017133802,-0.03485968,-0.06343504,-0.004299623,-0.009987568,-0.00738656,-0.050537564,-0.011948862,0.0061323154,-0.05540854,0.095721036,0.0016643152,-0.052259956,0.0040525794,0.0012758353,-0.088819765,0.041222807,-0.02421669,-0.04148132,0.09026795,-0.1539963,-2.499947,-1.7882869,-0.19483885,-0.051439222,-0.0057996153,-0.07104819,0.01472683,-0.002992905,-0.01467316,-0.019939538,-0.0067587355,0.006432498,-0.01184382,0.009588775,-0.0012260135,0.0055653765,0.0021165332,-7.174821e-05,-0.009425642
-0.0075933407,0.023544608,0.11957749,0.019907294,-0.07820607,0.15521821,0.033639733,0.14378333,0.026390674,-0.028800348,-0.0020830897,0.04136518,0.0069421777,0.14497633,0.016404223,0.024027297,0.12733729,-0.33014134,0.0840655,0.013786243,0.0031424654,0.0018068068,-0.10615258,-0.0016842019,0.0026715908,-0.08182162,0.20044504,-0.16596946,-2.4322903,-1.7515798,-0.14531071,-0.03509204,0.009863871,0.047677483,0.0131772095,-0.0023804468,-0.006036287,-0.014450081,-0.0060359454,0.00795562,0.09949498,0.01252076,-0.0040677865,0.005187055,0.0062251403,-0.00064575596,-0.007855951
-0.110402025,-0.03758848,-0.16366436,-0.05548575,-0.06268279,-0.028365906,-0.0012786756,-0.03343507,-0.006926817,-0.062209014,-0.009345161,-0.032386824,-0.038679916,-0.047102988,-0.035101857,-0.07120862,-0.029326469,0.08771337,-0.0877325,-0.03260262,0.0043348493,0.0013670963,-0.07653899,-0.06324476,-0.015865814,-0.02773698,-0.21452655,-0.02996617,-2.2428436,-1.6212006,0.0037711044,-0.06993697,-0.0053894846,-0.06491788,-0.13917726,-0.0017556933,-0.015859013,-0.02130179,-0.007144348,0.004239209,-0.013889595,0.010812256,-0.0031690723,0.0053839223,-0.06615582,-0.00055084017,-0.010432622
0.004783412,0.00022138207,-0.13848501,0.008713271,0.002869028,0.13956605,-0.013065787,-0.013282659,-0.004030013,-0.176863,-0.0046526473,0.04354689,0.00038287192,-0.052232876,-0.050929014,0.03313811,0.009776966,-0.12705292,-0.057938635,-0.12840067,0.003291178,-0.035873678,-0.14305131,-0.15507488,0.028439092,-0.09234816,-0.18051156,-0.43838558,-2.1446624,-1.5583733,-0.37156436,-0.032285117,-0.0017026946,0.016643152,-0.007212183,-0.0026982902,-0.016264727,-0.023062643,-0.007175234,0.0019309896,-0.022004033,0.0089565655,-0.0033736392,0.0043902243,0.006296083,-0.0029825624,-0.009380776
-0.09160035,0.01992832,0.0398995,-0.072786324,0.070288494,-0.053973485,0.09229925,-0.008713233,-0.0015001808,-0.025442008,-0.0030476847,0.03354694,-0.111186855,-0.033083674,0.004653448,0.05432665,-0.11205738,0.16048951,0.034999955,-0.017740637,0.010042592,0.0027022976,-0.16506964,-0.010518173,-0.09295007,-0.13659912,-0.028388597,-0.07274323,-0.25694254,-0.058135595,-0.02296493,-0.033094283,0.00019074432,-0.07447168,0.023006173,-0.0048174807,-0.064070664,-0.031524036,-0.007624282,0.006989353,-0.012511006,0.014597472,-0.004237601,0.008263979,-0.14866829,-0.00034252636,-0.0101282215
-0.012621637,-0.0007083176,0.06354837,-0.06275708,0.04123943,-0.057023264,-0.046574105,-0.0022479647,-0.06006207,-0.029096909,-0.0007283782,-0.014947212,-0.06396489,-0.011364992,-0.044420637,0.026073609,-0.03700437,0.12227998,0.03130229,-0.007477035,0.009391833,-0.08877273,0.11735627,0.0028985303,0.046112385,0.040548865,0.07731824,0.11213877,2.1121914,1.615683,0.051670276,-0.044748403,0.0030071212,-0.034400832,0.028144874,-0.0031195155,-0.017380048,0.09203198,-0.004407964,0.007840517,-0.008577209,0.024420576,0.001823278,0.011738642,0.0032432768,0.00088054826,-0.006530505
0.026448317,0.030994149,0.06669465,0.026264805,-0.02129932,0.14573024,0.065265164,-0.01162882,0.02683255,-0.019098714,-0.00299245,-0.019672254,-0.017999398,-0.036956426,-0.009007655,0.028332777,0.071722284,-0.1599561,0.05316808,0.006050838,-0.09096997,0.0040631294,-0.05641993,-0.29432666,-0.018810412,-0.050598644,0.44172806,-0.026747296,2.1345367,1.5833961,0.02414412,0.016582234,0.015354178,-0.061774854,-0.029690653,-0.0016699428,-0.008547013,-0.009212944,-0.0046338956,0.0064253374,-0.011717256,-0.46830362,0.0011460279,0.0078587765,0.0049264515,0.00049715367,-0.00743174
0.027952146,0.009027071,0.040496454,0.053598333,0.054558273,-0.03160306,0.023679843,-0.013991829,-0.045135275,-0.00020345196,-0.0051810793,-0.017189398,0.021660542,-0.0010223731,-0.010849078,0.0021132005,0.07404628,0.17683508,0.03964535,-0.024113514,0.013487704,0.0017338527,-0.11560349,0.035744295,-0.017354349,-0.055265624,-0.35930896,-0.036434434,-2.5285428,-1.8174423,-0.024788085,-0.019845247,-0.020159336,-0.059355088,0.016287478,-0.00064264814,-0.017267788,-0.0153732,-0.00616156,0.0057958947,-0.015929678,0.013229205,-0.0017000254,0.0067812386,0.0030304035,-0.011611789,-0.013586234
0.017122475,-0.0017843846,-0.010684482,0.0002274067,0.03205516,-0.028925633,-0.0018123395,-0.0012003311,-0.016314961,-0.021025995,-0.004230028,-0.025453186,-0.038693693,-0.05710001,0.020320173,-0.0028795009,0.050123256,0.11818927,-0.050553806,-0.008024942,0.0068273707,0.0015457433,-0.12469478,0.083564736,-0.019377539,-0.07929435,0.04410395,-0.22248366,-2.40534,-1.7372944,-0.22887251,-0.05392246,0.0001660401,0.024685573,-0.009772027,-0.0010571984,-0.017799215,-0.02142945,-0.005886808,0.0029649436,-0.015389489,-0.3083441,-0.000740655,0.0049533653,0.004828329,-9.673473e-05,-0.009303792
0.033783797,0.005061709,-0.009576827,0.022423556,0.037389345,-0.038485374,0.06128097,-0.011784391,0.0012365165,0.055172738,-0.004786248,-0.034505777,0.031117612,-0.015236722,-0.007267602,-0.02239519,0.055140227,0.13723846,0.02192864,0.03650305,0.0071389033,0.003736509,-0.16232121,-0.16385761,-0.010342596,-0.14354876,-0.25280756,-0.046524446,-2.4160304,-1.7057319,-0.026779503,-0.063258305,-0.0020852187,0.051344343,0.007049327,-0.0020819977,-0.015374308,-0.01362802,-0.006374053,0.0053252326,-0.015504166,0.015749892,-0.000301384,0.00663065,0.005520761,4.0758023e-05,0.041130476
-0.010976426,-0.037241105,-0.20326574,0.037086383,-0.0783328,-0.19174016,0.024826424,-0.05641927,-0.055224486,-0.009402978,0.024403866,-0.035673395,-0.059331287,-0.056650426,0.002006562,-0.0897438,-0.30729368,-0.61945003,-0.09552482,-0.013321197,0.0014415052,0.0016839325,-0.10845109,0.021775134,-0.021865536,-0.04869268,-0.06934223,-0.015862668,-2.2715416,-1.5431069,0.0023398153,-0.0107477065,0.0024451565,-0.07310691,0.0012637086,-0.00065565994,-0.0081095565,-0.017446555,-0.0049569313,0.002167278,0.08881754,0.0116391545,-0.0033333441,0.0046002623,0.0010447544,-1.9029232e-05,-0.008027356
-0.05510238,-0.03152746,-0.19874895,0.039329927,-0.04190794,-0.17062731,0.011982202,-0.0042644134,0.038803227,-0.012395633,0.03180821,0.017557267,-0.010109377,-0.035950042,-0.047545247,-0.020945704,-0.21835452,-0.54154164,-0.090940796,-0.017515505,-0.044394713,0.0017911155,-0.11148646,0.0035092465,-0.024847344,-0.05410183,-0.10427687,-0.043727294,-2.2466269,-1.5514224,-0.034452036,-0.012182952,-0.00049251755,0.07421249,0.008437539,-0.0014034543,-0.009381339,-0.018803675,-0.005468477,0.003795917,0.1154696,0.008692761,-0.002658808,0.0047551305,0.003166214,-0.00024022443,-0.00800509
-0.007983614,-0.03823055,0.0097614685,0.012297441,-0.06416152,-0.014914959,0.03411334,-0.009672639,-0.02252788,0.034730773,-0.009212052,-0.028239671,0.021095313,-0.04004185,-0.0014222274,-0.08006568,0.083946794,0.17637362,0.00052260765,0.0075324723,0.0102089355,0.0019240929,-0.099809155,0.04627523,0.009666234,-0.06628516,-0.13964422,-0.13234119,-2.3985016,-1.7109352,-0.17284942,-0.082849815,-0.0026052056,-0.072028354,0.007693092,-0.0001515803,-0.012036986,-0.019896988,0.1143468,0.0062119807,-0.013556816,0.014053561,-0.000104550934,0.0055061085,0.0023150048,0.00038707748,-0.0119284745
0.0017595009,0.016016593,0.054350283,-0.06867327,-0.050622072,-0.046823468,-0.07110887,-0.011782599,-0.0060799485,0.031485457,-0.0011929967,-0.033881284,-0.06619306,-0.024904167,-0.04038803,0.06999539,0.076239794,0.064020246,0.048521396,0.015223238,0.008698814,0.003570178,0.045405608,0.09030966,-0.03211861,0.024806844,-0.29358897,-0.01592145,-2.4080799,-1.7351393,0.0118569145,-0.036336735,0.0058179228,0.02311543,0.003368967,-0.0020435762,-0.019438462,-0.014107275,-0.0055198455,0.005453491,-0.017606461,0.013900144,-0.00016956188,0.008333461,0.0075222966,0.00088282063,-0.007827019
-0.0065172333,0.014920729,0.040098578,0.01523994,-0.0254633,-0.0129858395,-0.0036839119,-0.02111553,0.014978123,0.0155933155,-0.0053294646,-0.009017424,-0.01623092,-0.03586525,0.013513573,0.03915445,0.02198673,0.07900597,0.023575565,0.004086569,0.005384196,0.0020072265,-0.17449813,0.034069758,-0.019743474,-0.103996366,0.23339531,-0.17784394,-2.576383,-1.847296,-0.26665393,-0.05953373,-4.238076e-05,-0.06812274,0.00012350468,0.003512409,-0.012995748,-0.016293366,-0.0073441532,-0.16628616,-0.013240095,0.010463257,-0.0012369778,0.0047511337,0.0024051152,0.00039871625,-0.009455668
-0.0017795743,-0.013052092,0.03737251,-0.07498909,-0.10878083,-0.06925411,0.022229377,-0.0104280915,-0.025146903,0.0047566337,-0.002433038,-0.02450994,-0.035612345,-0.06170346,-0.06370858,-0.1422771,0.0669431,0.101444945,0.039880093,0.007316696,0.0034202451,0.0022370738,-0.005796697,-0.09695789,-0.027769329,0.009053761,-0.40445146,-0.21634221,-2.248198,-1.5890757,-0.19386746,-0.070531644,0.00433706,-0.0850484,-0.16765915,-0.0016533363,-0.023257902,-0.023258146,-0.0057686074,0.0028872467,0.12297127,0.0130050685,-0.001364349,0.006566222,0.0022312785,0.00033497773,-0.007751778
-0.009593969,-0.0072645377,-0.006315195,-0.045334734,-0.10369398,0.09919692,0.035872623,-0.0033492378,-0.042781126,-0.043834012,0.07260734,-0.013548697,-0.002385529,-0.015428479,0.021141559,-0.055234756,-0.047058348,0.090623856,-0.0011949879,-0.016137816,0.009511986,0.0017834501,-0.18741259,0.043694876,0.0066320966,-0.11804169,-0.12914969,-0.20092063,-2.431536,-1.6884172,-0.16690403,-0.06522626,-0.018402664,-0.07567401,-0.00397211,-0.0028779786,-0.01436497,-0.017184734,-0.0071848133,0.0039056588,0.052970618,0.013166892,-0.0011718087,0.0050007463,0.0011540559,-0.0009400041,-0.0091006765
0.013681125,-0.038931105,0.07518507,-0.023057522,-0.064671025,0.116506875,-0.060919188,-0.0261521,-0.00058287673,0.005170084,0.017334376,-0.01525588,0.032883357,-0.04492859,-0.01629147,-0.094121076,0.09883524,-0.30989927,0.06258139,0.008231357,0.0030875963,0.0021147311,0.016457347,-0.09846736,0.010831979,0.016976608,-0.21534224,-0.39782637,-2.217953,-1.571302,-0.36312902,-0.07400059,0.006119777,-0.06741083,-0.109379925,-0.002234075,-0.01355689,-0.026624903,-0.006328103,0.0019442857,-0.021206826,0.0111573925,0.00058739824,0.004536648,-0.072340764,0.00012592245,-0.008613767
0.039101686,-0.017986199,0.07255257,-0.018149082,0.009851855,0.14092284,0.05321931,-0.014596821,-0.0076085627,-0.02307991,-0.0022354594,-0.024239568,0.009575651,-0.05706293,-0.0007194712,-0.018155541,0.087909415,-0.45372128,0.06456159,-0.0192009,0.008908852,0.001824467,-0.10256999,-0.06903994,-0.0113393,-0.05227137,0.3122325,-0.036537867,-2.482332,-1.7525839,0.025565326,-0.094842605,0.0039011228,0.06278299,0.012554607,-0.00042925432,-0.01022562,-0.019568926,-0.0065948856,0.0046877186,-0.017431617,0.014679235,-0.053127244,0.00686162,0.0061523514,0.00024346959,-0.009216874
0.014893858,0.0065422542,-0.007897562,-0.03284828,0.026269723,-0.04318016,-0.022792324,-0.016473815,-0.007081634,0.042864177,-0.005774253,-0.015272509,-0.0067547592,-0.040873785,-0.02185017,-0.021829968,-0.043169174,0.09479127,-0.019484267,0.026065659,0.005805623,0.0018816252,-0.07938084,0.068652935,-0.011059873,-0.036452286,0.033959456,-0.3616597,-2.378509,-1.673274,-0.26155448,-0.021208217,-0.0023849686,0.016578788,0.016682236,-0.0025084296,-0.021699183,-0.02733888,-0.0057411124,0.0032710624,-0.015104004,0.012489637,0.00027553143,-0.13011262,0.006828757,-5.7931058e-05,-0.011551422
-0.0044960515,-0.002761953,0.062504806,0.027850628,-0.09027965,-0.011347485,-0.061128777,-0.0085428115,0.01821728,0.023784757,-0.0011176179,0.03418786,0.037201308,0.036919177,0.010020412,0.0595795,0.07894433,0.09162253,0.04368769,0.0015713884,0.003982821,0.006838665,0.31822807,0.12410405,0.07456477,0.24765642,-0.049744055,0.061213333,1.2134061,0.8314536,-0.03448641,-0.08667164,0.0005030386,-0.1054357,-0.2829814,-0.0022310948,-0.0833153,-0.015511718,-0.0045881015,0.010918718,-0.012488156,0.027410388,0.0055454974,0.0103534255,0.0060036145,0.00030858122,-0.012693737
0.04402282,-0.014178713,-0.011678899,0.0365507,-0.17312135,-0.1059583,-0.009425216,-0.014808191,-0.022950735,0.012451329,-0.0005171186,0.023259565,0.044842668,0.04540533,0.0091737285,-0.0006254654,0.08148904,0.13584532,-0.057635136,0.0149134025,0.0076955287,0.0035416484,0.06839749,0.038601488,0.079576075,0.00462308,0.6469308,0.062228892,1.0543311,0.82432055,0.09126876,-0.015529208,0.003064935,-0.1797051,-0.34959257,-0.0023224938,-0.0038903225,-0.017638108,-0.0040361546,0.010236908,-0.012119719,0.0227498,-0.15117589,0.011938732,0.006679992,-0.00010123541,-0.009508998
-0.02970899,-0.030200712,-0.19957967,-0.055577558,-0.07401848,-0.20944142,0.02169504,-0.054286037,-0.03062415,-0.010697781,-0.0008889548,-0.0492757,-0.0011182663,-0.050469454,-0.03297317,-0.09985857,-0.34926692,-0.5289977,-0.0950013,-0.0084370775,-0.046927046,0.0020206624,0.07768526,0.038936287,-0.01742918,0.06128853,-0.23265216,0.21856184,-2.252904,-1.59987,0.16183291,-0.041699328,0.00298247,0.06290298,-0.0001706216,-0.0007774278,-0.0069982256,-0.017900907,-0.0050700735,0.00061837735,-0.010518468,0.009711108,-0.002421067,0.0035070896,-0.084028944,0.000100160134,-0.0073938975
0.007213083,-0.038789686,-0.14943026,-0.00695265,-0.074702784,-0.09222364,0.03638267,-0.028528333,-0.021697223,0.02074345,-0.0026861003,-0.03228158,-0.010353193,-0.05252657,-0.017027041,-0.07425887,-0.1774785,-0.4439309,-0.07737852,0.014095302,-0.0011334446,0.0019397303,-0.07693186,0.024438277,-0.016219301,-0.030759463,-0.19854523,-0.30071712,-2.1715958,-1.5589377,-0.2541714,-0.039191306,-0.00016506271,0.05837963,0.0002962857,-0.0015371076,-0.00980604,-0.026313508,-0.007036806,0.0027109433,-0.018658645,0.011017565,-0.02486559,0.004273345,0.0032983108,-9.9839526e-05,-0.009991846
0.0022940068,0.009265736,0.039117016,-0.009181248,0.05552979,-0.056588627,0.027566042,-0.011096973,0.0097524645,0.040993918,-0.0056335567,-0.018003387,0.003511343,-0.0469913,-0.04358998,0.0186312,0.041368607,0.11613399,0.033311658,0.029397724,0.009231469,0.0017368709,-0.16069633,0.03424862,-0.09764278,-0.11061935,-0.3579474,-0.043684978,-2.5197244,-1.7902858,-0.037252694,-0.06280983,-0.0033944896,-0.0010250917,0.0079129385,-0.00086743216,0.014846731,-0.016945614,-0.0060744444,0.006563386,-0.01608442,0.015487106,-0.0014651597,0.0065489244,0.0051726718,0.00028190325,-0.0138846915
-0.023876881,-0.037308116,-0.1557278,-0.0067501836,0.021977877,-0.09980295,0.051460296,-0.06879711,-0.031031296,-0.00879643,-0.0008994061,-0.047371924,0.0073289745,-0.07025105,0.03151081,-0.022793898,-0.21464834,-0.5182467,-0.08100247,-0.013880786,-0.067242235,0.0017204802,0.043269143,0.034815602,0.03034081,0.029015532,-0.09427569,-0.21920814,-2.2360766,-1.568259,-0.20344932,-0.0018735763,-0.028395576,-0.07328509,-0.008419005,-0.0022216383,0.026919954,-0.021593533,-0.0057900203,-0.00048448818,-0.016125467,0.009136831,-0.0034714409,0.005200367,0.0025132808,5.938719e-05,-0.006758412
0.022289002,-0.049672462,0.046761945,-0.037819136,0.05170441,-0.043960314,0.015940083,-0.012480537,-0.048157174,-0.0027619773,-0.003993784,0.036312222,-0.0128051825,-0.003944496,-0.030756027,0.04996433,-0.053006444,0.10376794,0.03906219,0.00029528068,0.010710718,0.0017680959,-0.16881792,-0.03320558,0.011013598,-0.064360596,-0.3741157,0.27574643,-2.5365725,-1.8433487,0.2033301,-0.054409485,-0.005521484,-0.017185785,0.00975803,-0.003716418,-0.018626157,-0.01628537,-0.005863386,0.007380339,-0.012223925,0.009410884,0.0018498376,0.003714565,0.005471344,-9.212209e-05,-0.011707479
-0.06303818,-0.044177007,-0.005717945,-0.0038485085,-0.09488874,-0.045831606,-0.024919504,0.006090915,0.005395413,0.015104797,-0.008614648,-0.054981053,0.014695536,-0.013885206,-0.0011476419,-0.09459248,0.050113607,0.13776422,0.0037977356,0.014411264,0.0036066072,0.0015703664,-0.123010054,0.014329366,-0.02023023,-0.078100756,-0.30604872,0.3194417,-2.4106655,-1.6933386,0.22178532,-0.024153173,-0.0005660007,-0.06836058,-0.14401692,-0.0014750989,-0.01245111,-0.0151848,-0.005383338,-0.07145255,-0.009370467,0.012507165,0.0013405408,0.0033884365,0.0029671178,0.0003495104,-0.010985213
-0.15945889,0.010662291,0.06690413,-0.016036086,0.034445036,-0.040713273,-0.092781045,0.041076228,-0.019637536,-0.10026712,-0.001163997,0.04331546,-0.017015329,0.024328116,-0.055944715,0.024954898,0.0048983833,0.10458371,0.03333386,-0.037092354,-0.10369108,0.0044586468,-0.122411184,-0.1375328,0.012344522,-0.048753086,-0.011900923,-0.0018967674,2.2062943,1.6957246,-0.08674285,-0.024606891,-0.0026165256,-0.09310106,-0.27209073,-0.002008773,-0.012337507,-0.014610468,-0.0051289876,0.0072946516,-0.010607445,0.020474223,0.0041224826,0.009904776,0.0039109765,-0.00030846213,0.028516894
0.0034200686,0.02127476,0.09481189,0.07711034,-0.022638297,-0.07670676,0.06357249,0.055673648,-0.065220326,-0.002719723,-0.0011257351,0.04858588,0.019907443,0.17467852,0.009881089,0.017890837,0.07642657,0.27140984,0.047492377,-0.00821681,0.009300562,0.005919288,0.31357756,0.028142761,-0.047891825,0.25934264,-0.09308688,-0.015429271,0.44728336,0.27972195,0.039427683,0.029170904,-0.015524856,-0.013493637,0.040069353,-0.002574156,-0.03823828,-0.024454547,-0.0042502703,0.010250113,-0.011669384,0.020909324,-0.0062936917,0.011573982,0.018163376,0.0004760862,-0.00868941
-0.013732998,0.012705333,-0.041949052,0.09248991,-0.0060134763,-0.10586006,-0.19695157,-0.062322177,-0.021898128,0.014043233,-0.0016649648,-0.053505458,-0.028064122,-0.17147796,-0.027648835,0.037607774,0.057546664,0.15395321,-0.025004175,0.025647167,0.007819356,0.004439931,0.22113407,0.04951693,0.0746676,0.17334518,-0.2659004,-0.06557033,-0.20517313,-0.061745785,-0.038662124,-0.16977876,-0.012013599,-0.15381967,0.039848443,-0.003849422,-0.06529135,-0.026645573,-0.007005498,-0.13514934,-0.011053011,0.01818929,-0.0019392327,0.010519387,0.0061674584,0.0009171672,-0.005695223
-0.12503617,0.016989425,0.06075366,-0.060384214,-0.007945605,0.021155933,0.004560455,-0.021388164,-0.0039289123,-0.011079976,-0.0021924889,0.037879422,-0.024611598,-0.04347236,-0.03312946,0.025271285,-0.09887654,0.083568856,0.04144249,-0.010306597,0.0057078656,0.0013484408,-0.09621637,-0.1865507,0.020120122,-0.053609002,-0.020993903,-0.2852247,-2.238764,-1.6030403,-0.19922483,-0.034497093,-0.0035219297,-0.0822737,-0.14122708,-0.0037061807,0.068908684,-0.019124465,-0.0058981446,0.004815013,-0.020840213,0.008711406,-0.00013905272,0.006452074,0.0023893279,-0.00025557386,-0.0084765265
0.03567692,0.004746079,0.0062709996,0.00966811,-0.09932725,-0.062489185,0.019434787,0.017756669,0.0055541354,-0.0001704114,0.016590605,0.034906223,0.028687162,0.12111617,0.032906167,-0.013666245,-0.00718033,0.12112279,0.026698267,-0.0020244552,0.006497271,-0.0438713,0.055804037,-0.19545944,-0.04553998,0.03581767,0.07743938,-0.08058495,-2.3995023,-1.7555704,-0.06850207,-0.08045048,-0.00040841228,-0.0936071,-0.17950319,-0.004396864,-0.010924213,0.111799955,-0.004885583,0.00797913,-0.013798324,0.01253045,-0.0013907643,0.0062156194,0.0025468855,0.00018535298,-0.0051853745
-0.00011948756,0.009912819,-0.041716427,-0.018084995,0.0207516,-0.050656177,0.045075268,-0.019694185,0.018153261,-0.041212052,-0.0042392532,-0.03740736,0.010398827,-0.053443857,-0.0182854,-0.012966954,0.017632497,0.11282126,-0.03521297,-0.027625859,-0.093233086,0.0016817531,-0.14955096,0.032067146,-0.017102238,-0.080270715,-0.28145704,-0.08110237,-2.4875517,-1.7195534,-0.036316436,-0.07895584,-0.0012390121,-0.07241012,-0.11615152,-0.0013102293,-0.02106823,-0.01609085,-0.0066604814,-0.12468367,-0.014116677,0.0060003875,-0.0025745535,0.005547862,0.0024206077,-5.4538887e-05,-0.009004227
-0.007889187,0.0374992,0.08451756,-0.06189325,0.03769223,-0.043094028,0.0465416,-0.013447002,-0.021532904,-0.003011773,-0.0034633826,-0.0027479932,0.0026700688,0.010554368,0.024954157,0.038292445,0.0743271,0.12883276,0.04929512,0.0069306926,0.008561772,0.002091796,-0.12884851,0.014503413,-0.028265638,-0.0849833,0.27506146,-0.1744513,-2.5675938,-1.8426291,-0.2631354,-0.021712586,-0.017736016,-0.057312448,0.006296588,-0.0008686303,-0.008314539,-0.018046582,-0.0063473214,0.009564333,-0.0149468025,0.01071014,-0.0012284005,0.006695353,0.0046449965,-0.016353263,-0.011078095
0.06427281,0.00092986383,0.037988443,0.043605547,-0.080154285,-0.05891454,0.027136229,-0.04641187,-0.053938676,0.011531976,-0.00602107,-0.012720855,-0.044878043,0.0091239745,-0.024391472,-0.12792523,0.05481247,0.16869313,0.0026433538,0.0058435355,0.0039592246,0.003357272,-0.0612157,-0.02431287,-0.039965063,-0.019144855,-0.30888674,-0.638156,0.33083495,0.27131164,-0.49425873,0.010138025,0.00021394354,-0.09303882,-0.17727871,-0.00043801498,-0.043290377,-0.042592015,-0.006513671,0.002159998,-0.016086314,0.017020121,-0.005104236,-0.16663328,0.0033203133,7.5066426e-05,-0.010131698
0.0063218754,0.057316206,0.11813861,0.04446764,-0.056239996,-0.06837536,-0.056907948,-0.014993748,-0.0191177,0.0029027855,-0.0013560551,0.04216464,0.0001837328,0.036691155,0.026063671,0.01861029,-0.2122104,-0.45822203,0.10784686,0.021661002,-0.00038943105,0.0021092847,-0.1146164,0.034525108,-0.023164913,-0.10681919,-0.07876153,-0.077873595,-2.3362877,-1.6417044,-0.038824618,-0.03470094,0.0066021928,0.051157843,0.006358584,-0.0014445288,-0.012572979,-0.017334577,-0.004993093,0.004782662,-0.021541592,0.0077023664,-0.076684006,0.005726181,0.0049115806,-8.9573e-05,-0.008151655
-0.0007594722,0.007604146,0.035498496,0.08341078,0.07109506,-0.02516893,0.0069374987,0.0035761483,-0.012152863,0.039523724,-0.0026624585,0.042995106,-0.003666268,0.027490206,-0.057601675,0.034525096,0.08549542,0.17721665,0.026413504,0.012803081,0.01097295,0.0039619943,-0.109651096,-0.28306228,0.025819032,-0.12412599,0.5238809,0.06482185,2.1453404,1.5991136,0.117404684,-0.0042021754,0.0022398466,0.02413905,0.01817294,-0.0021978808,-0.034432914,-0.010219371,-0.005045786,0.008731293,-0.009870784,0.01976046,0.0011370186,0.011567168,0.010462009,0.00044631408,-0.008851997
-0.02349825,-0.03433501,-0.18764475,-0.009638058,-0.046651036,-0.20148167,-0.011520551,-0.010211573,0.03608619,-0.01511235,-0.0033991067,-0.042549428,-0.04292374,-0.04841408,-0.008534086,-0.077934116,-0.28407043,-0.6149333,-0.09951521,-0.022880383,0.0027020068,0.0014649137,-0.13131246,0.01349043,-0.01733936,-0.08324059,0.015959121,-0.016912878,-2.2678525,-1.6386477,-0.0011729215,-0.043421183,0.0033315846,-0.073565006,-0.0036742121,0.009022662,-0.0066830344,0.098635845,-0.0043317447,0.0010600889,-0.012625282,0.0106386645,-0.0036392033,0.0044064852,-0.0010867,-0.00011895282,-0.0066768
-0.008163216,-0.04216988,-0.2008462,0.035767727,-0.06643882,-0.12654473,0.032328807,-0.05758219,-0.058348067,-0.011567381,0.028018933,-0.034373146,-0.05712503,-0.061442997,-0.0008311483,-0.08820864,-0.26654953,-0.61628366,-0.103563845,-0.0044998955,0.003306549,0.0016075998,-0.115387075,0.022986641,-0.0059024235,-0.058676835,-0.08014469,-0.013749243,-2.2742243,-1.5711099,0.0011523053,-0.00434756,0.0019698567,-0.07889296,0.00072782376,-0.00064573204,-0.008376128,-0.01932705,-0.005074642,0.0026076275,-0.014669507,0.011901053,-0.004937342,0.00467676,0.0012665135,-3.8866638e-06,-0.008079187
0.024506854,-0.013154453,0.04423369,-0.0771409,0.048283953,-0.049940415,0.034598526,-0.0231269,-0.027206501,-0.080826215,-0.004679484,0.0054499237,0.021357063,-0.032784842,0.031048479,0.027781514,-0.074805975,0.08595454,0.015745224,-0.04068903,-0.12460438,0.0017894555,-0.1542295,0.054232977,0.01188531,-0.09962305,-0.16882016,-0.16973893,-2.49242,-1.7805215,-0.17635505,-0.04723675,-0.0044976724,0.026924776,-0.007391924,-0.0045027044,-0.021950958,-0.015752744,-0.0064735813,0.0056954627,-0.014822189,0.00538164,0.00078395806,0.00451089,0.0035857777,-0.00021805328,-0.009051229
-0.023114648,0.0058489856,0.00076307706,-0.06371748,-0.044419385,-0.029756323,-0.031088557,-0.01419777,-0.0131526375,-0.0022095104,-0.0076529775,-0.013822778,-0.0074563855,-0.034040608,0.033540756,-0.062645614,-0.05675836,0.09852552,0.016232248,0.030811705,0.0054186382,-0.029859584,-0.07386285,-0.010133041,-0.054969326,-0.03364998,0.045969862,-0.06775067,-2.370753,-1.6600761,-0.046418216,-0.067613125,0.003951514,-0.04563637,0.015718445,-0.0028627242,-0.018050574,-0.021535069,-0.0063431617,0.005718837,-0.011837609,0.014849513,0.0006569971,0.005975757,-0.097071834,0.0005655376,-0.011731201
-0.030086435,0.0053658085,0.07782743,-0.056737307,-0.008915865,-0.04599154,0.044739638,-0.022706354,0.0018644296,0.046595026,-0.0029502118,0.0017451615,-0.007578633,-0.036121458,-0.013084655,0.028500954,-0.049951233,0.05674637,0.052098326,0.03407745,0.0127566345,0.0022530544,-0.05478777,-0.00019448121,-0.010360378,-0.03965041,0.045526,0.008855656,-2.4461846,-1.7549706,0.022082709,-0.054531783,-0.0057463027,-0.06958513,-0.18125737,-0.003471046,-0.020338647,-0.012395106,0.09707756,0.008574814,-0.015202307,0.01554586,-0.0014198753,0.00734016,0.0032217123,0.00051334745,-0.007993221
0.034813408,0.022457495,0.06947802,-0.043081947,-0.05493283,0.20570315,0.07774955,-0.09968011,-0.021021329,0.026646027,0.033884205,-0.061365504,0.07561714,-0.15466614,-0.07257815,0.05920274,0.04628309,-0.62380415,0.039506488,0.012510984,0.008676347,0.0036749195,-0.10889044,0.09628057,-0.040258244,-0.0091834115,-0.14589432,-0.041706737,0.16239637,0.23440817,0.009814499,-0.006616058,0.009301891,0.0837731,-0.002082814,-0.0006761795,-0.04922033,-0.028574957,-0.0080650505,0.008738858,-0.018929904,0.021327117,-0.0057652276,0.0075978003,0.008418018,-2.2183176e-06,-0.008540757
0.018839112,-0.070036955,-0.049411166,-0.0024039496,-0.039512016,0.13491783,-0.06593881,0.020578189,0.013560165,-0.020487815,-0.002806274,-0.022834804,-0.009526671,-0.04564637,-0.025226474,-0.08917865,0.09577187,-0.4154558,-0.010731845,-0.010475198,0.0031295058,0.0018997932,0.04435792,-0.015598367,0.0075832205,0.019749839,0.05566953,-0.40194348,-2.2876732,-1.6308233,-0.3645678,-0.06670562,0.002442135,0.04470227,0.012679926,-0.0020997801,-0.009992876,0.153993,-0.0047748517,0.003557377,-0.015717972,0.013857989,-0.0017572155,0.004574003,0.0033075209,0.00019654624,-0.0077723903
-0.00022651197,0.0104252985,0.05728828,-0.032568466,-0.018939948,-0.035894223,-0.058156654,0.14344369,0.017271701,-0.0055431747,-0.0036368675,0.061910048,0.028859522,0.15706879,0.04845205,0.016057126,-0.032766715,0.05076396,0.024845691,0.007273864,0.0040090885,0.0018900385,-0.07357956,0.015455568,-0.01722862,-0.026459714,-0.19021888,-0.45890075,-2.2283998,-1.6212239,-0.4052256,-0.0039233705,-0.011466931,-0.053600993,0.0050859703,0.008387337,-0.020143015,-0.018042719,-0.0062318826,0.0073909406,-0.019104043,0.01177411,0.0009311619,0.0059644203,-0.09775118,-0.00015955242,-0.0094396975
-0.02475244,-0.023841644,-0.13667282,0.011845714,-0.054153662,-0.06268071,-0.070913546,0.025857417,-0.06761962,-0.0102810245,0.014528449,-0.050982054,-0.04860885,-0.0603079,0.008283795,-0.081812024,-0.17885211,-0.46081233,-0.07925698,-0.0137424925,0.003431517,0.0015867925,0.021995785,0.03708838,-0.01394621,0.018608112,-0.0480783,-0.29352298,-2.061906,-1.4668953,-0.258604,-0.011799512,0.0032473474,-0.07816399,-0.0074691446,-0.001993631,-0.008923891,-0.025442135,-0.0072719404,-0.0018632041,-0.016011816,0.009763744,-0.003646908,-0.08665817,0.0016368087,-2.1084594e-05,-0.0077638794
0.015927618,0.07371184,0.11578086,-0.027890917,0.040816,-0.029505767,0.036137052,-0.018615345,0.035579547,0.017580213,-0.0023465387,-0.008323033,-0.015394708,-0.031143803,0.070142426,0.040858418,-0.074384324,-0.398968,0.1271635,0.02751994,0.0041476195,0.0019578936,-0.115829036,0.04333402,0.018293224,-0.107710816,-0.032402225,-0.029451448,-2.3506553,-1.6540762,-0.0050019994,0.0013663847,0.01059716,-0.06644489,-0.039860424,-0.0014836604,-0.013359473,-0.017205542,-0.0044740057,0.003960111,-0.01697814,-0.21765798,-0.0020017526,0.0046675564,0.0016072363,-5.50623e-06,-0.0051161894
0.031660736,0.009319534,0.059264008,-0.027084256,-0.012723335,-0.013271977,0.032162685,0.007902895,-0.035348076,0.024495482,-0.0048649386,-0.011377832,0.008216734,0.01411915,0.021218967,0.03190911,-0.041321874,0.08896609,0.019639913,0.019498874,0.0032679471,0.0021754163,-0.09418115,0.03264129,-0.030965742,-0.028638609,-0.33392015,-0.4526097,-2.304753,-1.6477895,-0.4687675,-0.062136956,-0.0007564838,-0.03388978,-0.006376843,-0.0021570397,-0.01932372,-0.018920064,-0.006239625,0.0059185675,-0.020473577,0.0097041875,-3.6113008e-05,0.0050264453,-0.112420045,-5.4066877e-05,-0.011024978
0.016309684,0.033970732,0.07433576,0.023553006,0.06674875,-0.01694746,-0.020779718,-0.00022366145,0.039425258,0.050542742,-0.00037946866,0.05602548,0.008709426,-0.018329395,-0.03657064,0.036216624,0.085242644,0.060791384,0.05091938,0.031958427,0.009406203,0.0045171557,0.08785557,-0.26862848,-0.009191999,0.09723069,0.1128529,0.38158113,2.0984366,1.5941392,0.33416587,-0.025453186,0.0040852446,0.045185484,0.02760824,-0.0018335048,-0.00859329,-0.01189241,-0.004277683,0.009272951,-0.0070248274,0.024204327,0.004022632,0.008532494,0.0096675195,0.00081328925,-0.008600405
-0.012370792,0.054822285,0.06978419,-0.06053409,-0.03357232,0.16419663,-0.07044787,-0.009713273,0.0059588733,0.015850715,-0.0008674438,-0.02546022,0.021107215,-0.040009715,0.03021398,0.059139136,0.090028174,-0.33165094,0.05909761,0.010980174,0.0041762064,0.0020221916,0.054929446,-0.08455765,-0.02599145,0.0477439,0.00037920914,-0.34498134,-2.3225055,-1.6666441,-0.28612712,-0.026818117,0.0077890907,0.024093963,-0.00993885,-0.0027131145,-0.012752436,-0.020723466,-0.00489336,0.0027558017,-0.017296731,0.011012939,-0.0032780068,0.0047647976,0.0069757355,0.00031928602,0.0058767726
-0.06085507,0.019895528,0.04649347,-0.048714343,-0.0033730508,0.1300991,-0.012324958,-0.0010607165,-0.021736588,0.034116995,-0.0034072525,0.053580347,0.037542224,-0.030839497,0.017010776,0.041769646,-0.046215527,-0.15688366,0.02160324,0.019906104,0.0038884275,0.0019019281,-0.07525074,0.0020655997,-0.029062714,-0.04496429,-0.22472262,-0.41141158,-2.225171,-1.6144922,-0.37545124,-0.0228345,0.0016017185,0.029946778,0.00096721447,-0.0020287922,-0.023926565,-0.015422645,-0.0065953014,0.0032691595,-0.022269249,-0.25811186,-0.0013716791,0.0046443264,0.0049596634,-0.0001078719,-0.011242425
0.012621634,0.01810487,0.07580572,0.0068889093,0.05096453,-0.044328153,0.019487265,-0.010751831,0.005322199,0.032336704,-0.002342813,0.032631177,0.033488028,0.01952703,0.0046148007,0.066439986,0.035947014,0.084967926,0.046022225,0.023300802,0.0043957727,0.0021124207,-0.07992876,0.06192113,-0.026397007,-0.039797436,-0.29614455,-0.48390776,-2.3390326,-1.6882206,-0.41916266,-0.026014987,-0.0045861,-0.053404287,-0.11885773,-0.0009087689,-0.018673265,-0.019625457,-0.0057675666,0.0045324443,-0.023085259,0.009916241,-7.563826e-05,0.005812504,0.0038881316,-1.0425755e-05,-0.008963399
-0.060586065,0.024044374,0.064974554,0.03701354,-0.022803742,-0.036409933,0.025431598,0.121459424,-0.0060265604,-0.006552785,-0.00094237353,0.04551449,-0.0052146455,0.15446438,0.023090892,0.060443744,0.040989842,0.04533986,0.02706317,-0.0016559717,0.0028960754,0.002840332,0.0044022845,-0.049895797,0.012746828,-0.0073659257,-0.2671342,-0.52416945,-2.2840843,-1.6273618,-0.48148596,-0.051113732,-0.0054664165,0.026032902,0.011703413,-0.0019265306,0.046280075,-0.017425174,-0.0046931426,0.00429071,-0.020199478,0.01165991,-0.0029063215,0.0056594326,0.010802432,0.00017961673,-0.009606246
-0.0016741653,0.01813433,0.06893398,0.047381535,-0.05809715,-0.06036623,-0.09048704,-0.00472336,0.002201954,-0.033013213,-0.0012751771,0.012889907,-0.0064626345,-0.039431866,0.0041876025,0.026898826,0.053650796,0.1115018,0.03424195,-0.02788537,0.0047922195,0.002275672,0.050498232,0.044035155,-0.08277435,0.049174808,0.2459507,-0.20206524,-2.5638235,-1.8300159,-0.20293853,-0.08092709,0.0008978621,0.025862386,0.001470404,-0.001643635,-0.012189088,-0.016535847,-0.004904636,-0.13229513,-0.011948482,0.009393057,-0.0016531493,0.0052348836,0.005394026,0.0003974823,-0.0068855095
-0.009245264,-0.026777124,-0.17000356,0.007438977,-0.06685455,-0.22217177,0.048002303,-0.0036817698,-0.055371832,0.012459867,-0.0032780792,-0.04830748,-0.043896634,-0.07455004,-0.032907117,-0.059350625,-0.30643487,-0.6217068,-0.097723596,0.016643869,0.003231987,0.00171987,-0.11877015,0.02106461,-0.0138278855,-0.09559993,0.0024399792,-0.016345404,-2.2531786,-1.609332,0.007358519,-0.0026309642,-0.013247096,-0.058961634,-0.007202803,-0.0027135692,-0.0073792995,-0.017191833,-0.005032046,0.0013052457,-0.0112790875,0.011510423,-0.004067881,0.004407456,-0.048051506,0.00010482176,-0.008907971
-0.032191142,0.025247011,0.073672265,0.008838448,-0.03473483,-0.06129845,-0.008233194,-0.0018208601,0.0031260727,-0.010101647,-0.0032317115,-0.057267852,-0.040205646,-0.02374931,-0.03272446,0.043150533,0.025670234,0.10898479,0.05629756,0.007959691,0.008068883,0.002193995,-0.154934,-0.27079538,-0.026102662,-0.16764876,-0.26999485,-0.06675444,-2.351188,-1.6982139,-0.01774578,-0.07653039,0.00028890136,0.028588086,-0.009448789,-0.0017107425,-0.015353624,-0.010909117,-0.0068113776,0.0026553757,-0.017630208,0.009514481,-0.004053975,0.00550425,0.0036562888,-0.00040450133,0.01784676
-0.023846246,-0.010007958,-0.09893711,0.03591073,-0.06471363,-0.03286591,-0.037679415,-0.048142847,-0.04976771,-0.009907022,0.012905945,-0.049358137,-0.008869646,-0.07395106,-0.004502126,-0.08394595,0.030215738,-0.43387198,-0.07241379,-0.013939508,0.0028912176,-0.029233363,0.028262166,-0.03644989,-0.043206684,0.030842135,-0.114666656,-0.24447545,-2.0843966,-1.4652764,-0.23228821,-0.0056520347,-0.026101952,-0.06973497,-0.0010422394,-0.00096447277,-0.011460733,-0.028671937,-0.008348243,0.0014399053,-0.016182618,-0.2836877,-0.0074785473,0.0046644537,0.0024300553,8.706206e-05,-0.007599775
-0.078996785,0.027785897,0.021071555,0.035706993,0.007702613,0.014028205,-0.17236835,0.08815203,0.025277885,-0.07433107,-0.0015608832,0.015165444,0.091100015,0.22774479,0.03381097,0.03151982,-0.0055600973,0.031746548,0.0013371916,-0.062826864,0.008233432,0.0033640182,0.15402271,0.06188981,0.044629194,0.07990837,-0.002602293,-0.12594603,0.06514151,0.13360012,-0.12193147,-0.060326528,-0.018814953,-0.1258274,0.029274361,-0.003980334,0.12802608,-0.025630811,-0.0052486425,0.008420709,-0.009257068,0.01974066,-0.0029308917,0.009288202,0.0055986065,-0.0006590914,-0.0066977483
0.029879175,0.013945777,0.09194943,0.084914446,0.0001981091,-0.037670545,0.039518584,-0.027797116,0.037545078,-0.029323926,-0.0023493299,0.0049267514,0.0016841392,-0.008276073,0.012811206,0.03436836,0.06795318,0.1777726,0.06725989,-0.022852542,-0.15192577,0.0047947876,-0.10656267,0.087516144,-0.00968411,-0.0576617,0.44470456,0.080156766,2.1574047,1.6293242,0.14342555,-0.0051956717,0.005624248,-0.035664648,0.015203502,0.014277193,-0.042366255,-0.011022552,-0.004151863,0.009990708,-0.007456403,0.020080332,0.0009627475,0.010804138,0.006042818,0.00016452275,-0.008023201
-0.017686624,0.014777746,0.08936931,0.006691599,0.04197499,0.14649609,0.028606327,0.116777845,-0.05104573,0.0051763174,-0.0022917402,-0.0042194533,-0.00083872135,0.10535026,0.0008857021,0.07050425,0.046211768,-0.1891231,0.047492277,-0.014616603,0.009400247,0.0026170926,-0.15072688,0.009311597,-0.010634913,-0.09665895,-0.38915193,0.21535681,-2.4651384,-1.7921146,0.13448575,-0.015880674,-0.0028247742,0.012112799,0.005243652,-0.00054103055,-0.012102012,-0.0107898265,-0.0060385372,0.011177095,-0.013308358,0.014353181,0.0008438914,0.003643453,0.005253283,-7.6628545e-05,0.032143433
-0.012610326,-0.040154096,-0.19387949,0.008965769,-0.06383354,-0.20232083,0.02074463,-0.050167944,0.014068676,0.013102135,0.027094673,-0.04810062,-0.050658,-0.04761078,0.0064147753,-0.08753348,-0.30586275,-0.5776269,-0.10283206,0.014396385,0.0022144304,0.0018307412,-0.03895419,-0.031533044,-0.014692016,-0.014597315,-0.08122444,-0.02366638,-2.2168496,-1.5547013,-0.0059466083,-0.052495226,0.00022033525,-0.074215434,-0.096024044,-0.0006697253,-0.007938166,-0.01790601,0.08943821,0.003109504,-0.013871809,0.012910174,-0.003563299,0.004614677,0.0011206438,0.0001152917,-0.00798166
-0.027287208,-0.021226492,-0.12706673,0.00077653123,0.02208302,0.15263028,0.021324858,-0.009447886,0.003453986,0.003325662,-0.00047679947,-0.039765116,-0.005941039,-0.018949762,0.019886976,0.0018117633,0.09268868,-0.42873073,-0.069404006,0.0054382496,0.0060883546,0.0024737504,0.00869249,-0.12688181,0.032099318,0.019855281,-0.10398976,-0.2649223,-2.21043,-1.6226969,-0.21664678,-0.08974604,0.0008614548,-0.06934589,-0.08091561,-0.0024714791,-0.012338516,-0.021768462,-0.007265373,0.00075021083,-0.019269131,0.013338389,-0.004932043,0.005912642,0.00079521496,0.00019093609,0.016098045
-0.27872312,-0.01087225,0.017372523,-0.11439367,0.06561863,0.13287032,0.048940863,-0.05242138,-0.0075596687,-0.026624426,-0.0042746468,-0.025277827,-0.049572967,-0.0011390765,-0.17750338,-0.002261653,-0.03000588,-0.27275455,0.024982376,-0.0409793,0.0050390954,0.0031231944,-0.0921654,0.09949404,-0.049209867,-0.04892782,-0.07171898,-0.17273629,1.0497954,0.71808046,-0.10062602,-0.0217696,0.0031396558,-0.18748252,-0.19596168,-0.0035720717,-0.017136822,-0.018224908,-0.005571328,0.0072823316,-0.015119723,0.020157097,-0.18388976,0.008552375,0.0049630795,-0.0015302564,-0.017829161
-0.008897444,0.029774833,-0.029151633,0.029764455,-0.08364504,-0.07760914,0.050544407,0.007843772,-0.020316456,0.0023321272,-0.0013541026,0.043544106,-0.0009885286,0.020389482,-0.018192986,-0.095911615,-0.13430315,-0.38999358,-0.017417235,-4.776007e-05,0.00033143,0.0020573754,0.15493356,-0.034337204,0.025510488,0.091681466,-0.16521053,-0.343536,-2.3183541,-1.6175752,-0.3288065,-0.009031169,0.0017511202,0.054653388,0.013708098,-0.0014890151,-0.010464261,-0.0211788,-0.004271582,0.0042789984,0.1073849,0.010715185,-0.0013142953,0.0050432663,0.007095323,2.7702647e-05,-0.007430772
0.012122054,0.01756057,-0.1319281,0.024717052,0.0006995744,-0.032051824,-0.019082667,-0.013943213,0.001107504,-0.18487749,-0.0005866867,0.035500336,0.012011545,-0.035842445,0.046728414,0.07228766,-0.11466615,-0.38566422,-0.06471815,-0.1409414,-0.002997177,-0.0271928,0.022422502,-0.038273305,0.0007438388,0.015953839,-0.20668322,-0.37787637,-2.1207266,-1.5262185,-0.32275003,-0.018753204,-0.001117976,0.026036412,0.00087911077,-0.0021699595,0.025746305,-0.023369735,-0.005305667,0.0017780495,-0.020833127,0.0073479726,-0.0040945103,0.004215258,0.005059165,-5.1520456e-05,-0.007346467
0.003762322,-0.0268224,-0.15667644,-0.053178184,-0.00946193,-0.04976731,0.003071405,0.0021519251,0.010830512,-0.014078701,-0.003561742,-0.03923838,-0.06725887,-0.044414468,-0.012790595,-0.008119342,0.047632497,-0.5224034,-0.0813075,-0.003159127,-0.074737094,0.0015650518,-0.16407879,-0.12903349,0.0064507094,-0.10774122,-0.18148084,-0.022062462,-2.191794,-1.5463744,-0.0043851114,0.005925458,0.0063789827,-0.07436622,-0.059251748,-0.0013057225,0.023129778,-0.016700795,-0.006486732,0.0016277771,-0.019296326,0.008742227,-0.0039228867,0.0049585453,0.0014500255,-0.00041756697,-0.009067285
-0.016471714,-0.027671631,0.083613604,-0.07090527,-0.026275858,0.061280854,0.056228384,-0.020618333,-0.02232985,-0.04781246,-0.003619279,-0.0055698818,-0.015098119,0.021131918,-0.024361659,0.029493276,-0.06293425,0.05844696,0.06107046,-0.016822176,0.003953169,0.0019293574,-0.12710992,0.046962578,-0.029699458,-0.10054639,-0.16661976,-0.17142038,-2.491402,-1.761157,-0.16529337,-0.032448642,-0.013655861,-0.06635534,-0.009118334,-0.002931503,-0.019757662,-0.014367999,-0.0069142133,0.005568708,-0.016109455,0.0061052926,-0.0025279152,-0.11720041,0.003182811,-0.0010985337,-0.008762688
0.0140796695,-0.015671756,0.07648108,-0.08300959,0.015101992,-0.031215005,-0.00983527,0.12489829,-0.017114656,0.03353529,-0.0010456581,0.041919764,0.00061633025,0.16685772,0.045203235,0.041877557,-0.051851682,0.15487483,0.042340003,0.01636514,0.008319464,0.0033691279,0.19718912,0.0024043636,0.023568667,0.1095627,0.026334293,-0.036185306,-2.473632,-1.7893908,-0.0063266926,-0.059125397,-0.013475102,-0.083785444,0.028172867,-0.004137294,-0.01834307,-0.008971871,-0.004850142,0.0101001505,-0.0112489965,0.017382534,0.00048900704,0.007900042,0.0063534384,0.0006536795,-0.0040982994
0.018370584,-0.013367234,0.06999528,0.02173476,0.040369987,-0.048613124,0.015183722,0.0023671826,0.018989813,0.022210231,-0.0011976068,-0.013190752,-0.033761248,-0.026795983,-0.012415778,-0.029409435,0.03477519,0.11942798,0.028681984,0.014120149,0.0068848194,0.0022508288,0.16299576,-0.067931786,-0.036136206,0.106844366,0.09679632,-0.4109998,-2.3278139,-1.7213072,-0.3509891,-0.010604211,-0.002130201,-0.066386655,0.028309884,0.017426364,-0.014795618,-0.01893885,-0.0049610212,0.0065272585,-0.015529947,0.017134586,-0.002247132,0.006676092,0.0090511115,-0.014288311,-0.010257391
0.019007523,-0.03892509,-0.14445312,0.008899204,-0.043352544,-0.15165414,-0.02718487,-0.017968249,0.005966097,-0.011064571,-0.0031408453,-0.04747884,-0.058117494,-0.0552509,0.0014041306,-0.07699321,-0.24798016,-0.51348126,-0.09835086,-0.009977204,-0.046558246,0.0015662647,-0.12009186,-0.120924965,0.014050145,-0.09635231,-0.18013257,-0.030768236,-2.1605735,-1.5012013,-0.006775745,-0.053147506,0.005357845,0.08028351,-0.0019421674,-0.0011714257,-0.008741789,0.10226538,-0.00547924,0.00019714175,-0.014199932,0.010422068,-0.0011546841,0.004280899,0.0019079389,-0.00015537531,-0.0073584695
0.018139,-0.038463973,-0.16563644,-0.016167402,-0.06783417,-0.18521792,0.016205817,-0.0047455197,0.027163334,-0.002081217,-0.0050028223,-0.03724764,-0.021669421,-0.028267732,0.0174847,-0.07203704,-0.26236326,-0.54693615,-0.091004886,-0.0014194031,0.0015642559,0.0017337977,-0.07324694,0.0064724507,-0.025659759,-0.036254298,-0.17286508,-0.13049479,-2.2145154,-1.5765021,-0.08171383,-0.033653658,0.0005384394,-0.066446684,0.005144872,0.003561621,-0.009853654,0.13497588,-0.0055970238,0.0041903118,-0.016221467,0.011970764,-0.0030457682,0.0052180854,0.0017222709,-0.00010815254,-0.007553055
-0.0029914593,0.012050729,0.0052202074,0.054479275,0.017092222,-0.037874497,-0.0012689069,-0.017171795,0.017123248,0.03961656,-0.006404007,-0.03452456,-0.01665038,-0.019394398,0.0206157,-0.010363614,0.0381509,0.123514146,0.029127428,0.0073252735,0.0068629854,0.0017179538,-0.120688885,0.04611934,-0.083595775,-0.07203134,-0.32349408,-0.017788662,-2.5407345,-1.8102276,-0.006634568,-0.08714689,-0.0033393428,-0.062503725,0.010505561,0.00072572636,-0.016746031,-0.017626027,-0.0064975577,0.0068810745,0.078661114,0.015257119,0.00066085736,0.0077113155,0.0030814405,0.00048217992,-0.010974406
0.016837105,0.03719721,0.05853399,0.007027478,-0.009723018,-0.01817336,-0.019342907,-0.012681694,0.030690296,0.0041030864,-0.0023076744,0.067086406,0.031728983,-0.02726685,0.03545696,0.036117613,-0.0814554,-0.3966145,0.06337726,-0.003823606,-0.0007861503,0.0019192053,-0.11458409,0.04990926,-0.01683299,-0.068236455,-0.004727193,-0.16709466,-2.3532565,-1.6674832,-0.16338156,-0.019039515,0.006432108,0.053594127,-0.0065543447,-0.0011949807,-0.012737592,-0.016528219,-0.0048466395,0.004345241,-0.017456943,-0.2608991,-0.0029145794,0.0042532696,0.003416831,-9.5502466e-05,-0.0060008722
0.007149102,0.0049403105,0.073747106,-0.06932172,0.05375615,0.12617496,-0.07791353,-0.0119675705,-0.018637529,0.04165569,-0.0027672648,-0.034317613,0.02960808,-0.03691508,-0.025253525,0.00026235546,-0.05735609,0.023289885,0.057024166,0.02106288,0.0049316892,0.0020694847,-0.15136854,-0.2551403,-0.012889331,-0.13124678,-0.14433275,-0.1514281,-2.3584895,-1.6485151,-0.17434715,-0.047206115,-0.016423075,-0.08696797,-0.007560096,-0.0030412723,0.009203168,-0.015215048,-0.0077043194,0.0046722116,-0.014009284,0.011828336,-0.00017691895,0.0048346897,0.00046769602,-5.7927457e-05,-0.010417827
0.028942063,0.010538861,0.05149518,-0.050118547,0.032852095,0.1466491,0.025655707,-0.023485921,0.03358513,0.08788298,-0.0031074695,0.0399484,0.0433588,-0.041317437,0.038039517,0.064749464,-0.058897253,0.07071315,0.044999853,0.040120073,0.006101703,0.0018553251,-0.13657807,0.013799227,-0.004928618,-0.053786404,0.005758296,0.01702141,-2.5201528,-1.822384,-0.05578214,-0.03660033,0.0025617203,-0.0624579,0.008146705,0.008737265,-0.017319232,-0.014461289,-0.0056608045,0.007895469,-0.011600631,0.012477572,-0.0005693254,-0.11722942,0.0037391786,0.0005460547,-0.009699104
-0.019432558,-0.033087727,-0.16875955,0.0015371003,-0.049558762,-0.1820395,-0.003191778,-0.05267338,-0.03905034,-0.0110862255,-0.002940128,-0.04003565,0.006431682,-0.051890876,-0.0038566007,-0.06670947,-0.28046778,-0.6312397,-0.095664226,-0.019973177,-0.05338172,0.0015136407,-0.12165831,0.008797564,-0.021462036,-0.06473969,0.0042801187,-0.017886117,-2.2684233,-1.5964322,0.009021741,-0.010882425,-0.020233376,-0.06989746,-0.0049718493,-0.0013025132,-0.006100764,-0.016775738,-0.0044087074,0.00050318055,-0.010962376,0.009347737,-0.0037987705,0.0043896963,0.00039911043,-1.31022525e-05,-0.0076867053
0.02331781,0.03153028,0.039041903,-0.011134942,0.041615352,0.09212297,0.05382625,0.019964315,0.007959577,-0.021339836,-0.003375028,0.03335247,0.03242246,0.13588652,0.00392416,0.03582835,0.03302435,0.02656585,0.024212563,-0.03924844,0.0024826,-0.041606184,-0.07368136,0.08538425,-0.045905296,-0.05785305,-0.18302621,-0.44936815,-2.2101545,-1.5936416,-0.38888305,-0.024911882,-0.0035323119,0.027988026,-0.0010242298,-0.0008221722,-0.019139528,-0.02211451,-0.0072695003,0.0047711,-0.023027105,-0.32416123,0.0023483504,0.0050450503,0.004474627,-6.5064065e-05,-0.011288487
0.04760512,0.031278335,-0.01662627,-0.09858427,-0.07155399,0.12949164,0.0039569857,-0.005413601,0.003536914,-0.055177514,-0.0031626981,-0.0083732065,-0.013831151,-0.015441153,-0.021504229,-0.03389333,-0.08155211,-0.05121028,-0.013206055,-0.034526296,0.0018388747,0.001516549,-0.09289879,0.026930837,-0.012301716,-0.055685908,-0.34991634,0.27953285,-2.4013128,-1.6933227,0.2035107,-0.055707894,0.0041367207,-0.061635695,-0.10656408,-0.0032888516,-0.01723263,-0.017048793,-0.005527111,0.0060893088,-0.0108765885,0.008532643,0.0033400725,0.0038695347,-0.05805833,-0.00013140494,-0.01010409
-0.013873721,-0.05143257,-0.204868,0.039706178,-0.050165504,-0.12500416,0.02089777,0.0072948844,0.020605829,-0.007607129,-0.059971888,-0.036051277,-0.057067007,-0.046869576,-0.009853064,-0.0870308,-0.30330366,-0.54389066,-0.10771615,-0.0075985785,0.00026174408,0.0015665317,-0.11246297,0.01776734,-0.021328993,-0.078096904,-0.082596004,-0.013734826,-2.2523918,-1.5662256,0.00015579241,-0.0032973879,0.0010297925,-0.07796745,-0.079385296,-0.0011564713,-0.008256169,0.09220046,-0.004898827,0.0026779694,-0.0130145885,0.010561164,-0.0031123767,0.0044350717,0.00068951165,-2.8748222e-05,-0.00693276
0.0014746021,-0.04039293,-0.18448883,-0.053179406,-0.08197329,-0.1910831,-0.004689366,-0.008172933,-0.04792467,-0.023924697,-0.0035180394,-0.041024476,-0.0049699913,-0.016068654,0.01657455,-0.102595866,0.019023104,-0.53254867,-0.107437745,-0.026134817,-0.05455206,0.0019215952,-0.08835223,0.033505306,-0.013405201,-0.058822148,-0.21332256,0.22080436,-2.2832985,-1.6048945,0.157108,-0.050348256,-0.014455644,-0.08541903,0.006766363,-0.0011953296,-0.009005888,-0.016456828,-0.004969028,0.0040949727,-0.012177235,0.011671901,-0.029804284,0.0034640988,0.00026103624,-8.600416e-05,-0.009222209
0.01822023,0.013389225,0.069578625,-0.0053591654,0.011358129,-0.04867348,-0.118082024,0.025973529,-0.020101625,0.02459713,-0.0018087546,0.03792763,0.002297679,0.14054856,0.044581544,0.056021813,0.033364873,0.06184141,0.04116854,0.019057913,0.0035205937,0.0026381917,-0.015112127,0.024846641,-0.02142026,-0.027515292,-0.32917956,-0.48060882,-2.2397451,-1.6318772,-0.47687954,-0.039565153,-0.015675863,-0.07365289,0.004814301,-0.0025067853,-0.020409506,-0.018283937,-0.005453958,0.004037146,-0.019931074,0.0113232555,-1.7661039e-06,0.0058590374,0.003570673,0.0002672432,-0.008982143
-0.06616758,0.011111452,-0.02327823,-0.081256926,-0.023088573,-0.0020844715,-0.0052676676,-0.03497608,0.05273535,-0.051979538,-0.0033950594,0.02759236,0.023460258,-0.025686111,-0.0050746514,0.024025714,-0.053496443,0.09590745,-0.022915382,-0.028949166,-0.08570017,0.0015931429,-0.12736759,-0.26198936,-0.028254498,-0.09254631,-0.040108792,0.32508978,-2.44469,-1.7530658,0.24027097,-0.01504967,-0.0040081874,0.031853944,0.00956525,-0.0024922153,-0.013013328,-0.00934889,-0.0054708873,-0.13367356,-0.011504462,0.00500705,-0.00036729436,0.004226378,0.0025656528,-0.00029287723,-0.008399886
-0.0073720897,-0.0042438656,0.0621901,-0.16620396,0.012221718,0.25390968,-0.17567213,-0.04630375,-0.0055960836,-0.034229927,-0.0013342394,-0.0340471,-0.022732817,0.032899413,-0.0528082,-0.010813589,0.07676523,-0.0020423343,0.048748348,-0.012068398,0.0071597844,-0.073957466,0.2524851,-0.22822925,0.056032885,0.20275077,-0.37452865,-0.0395142,-0.5990797,-0.3220366,-0.02476995,0.019539466,0.005373832,-0.102345794,-0.141458,-0.0019064759,-0.041884784,-0.03189917,-0.005196771,0.0022891255,-0.01372006,0.017917197,-0.0014425333,-0.17757125,0.0021306647,0.00039920685,-0.0072665196
-0.023412555,0.010415015,0.04780251,0.050042663,0.04381163,0.101636805,0.04605227,-0.01166859,-0.013685691,0.00894464,-0.0015211474,0.058135483,-0.0051017916,0.0008068927,-0.050190028,0.044948902,0.02411669,-0.12167405,0.033197045,0.02074342,0.001481735,0.0025177512,0.008481708,-0.14429632,-0.02415724,-0.023097787,-0.2607012,-0.4950728,-2.23805,-1.6002507,-0.4316391,-0.021951884,0.0008036965,0.034098968,-0.003168129,-0.0009183348,-0.019281315,-0.01946128,-0.005224358,0.0026839634,-0.019843036,-0.22952814,-0.00052715803,0.0032425497,0.0068767844,0.0002134063,-0.0078074415
0.03260302,-0.0131451255,0.07920691,-0.094632685,-0.13048574,-0.031952597,-0.10874082,-0.109206334,-0.011585419,0.046649892,-0.0020250273,-0.014154771,-0.037856624,-0.20160301,-0.08675425,-0.08479272,-0.07316465,0.16856487,0.042525,-0.003538804,0.0047070505,0.0035407785,0.10109835,-0.31994325,0.055791773,0.04709084,-0.014448655,0.0365033,-0.049972445,0.059126675,0.021695673,0.013417463,-0.04620248,-0.13253604,0.0248706,-0.0034816582,-0.044661786,-0.047426842,-0.006059334,0.0072749187,-0.0095091425,0.014236179,-0.0045380895,-0.13461278,0.0040646805,7.681264e-06,-0.0106034605
0.0052403905,0.05351476,0.06496126,-0.032194015,-0.012655555,-0.0816298,0.054289073,0.020402256,-0.010984396,0.013882177,-0.0028109234,0.030684803,-0.01970861,0.1813143,0.045240987,0.06788346,-0.07755085,0.05556503,0.043201286,0.016451,0.010566633,0.0020910795,-0.08646915,-0.07498097,-0.042491477,-0.07408829,-0.0050595887,-0.0088909045,-0.21607576,-0.03862039,0.028756294,-0.09059401,-0.014991617,-0.09235413,-0.20152207,-0.0033670238,-0.05530155,-0.030714491,-0.006659809,0.008395026,-0.013085914,-0.38716796,-0.005688321,0.007894609,0.0037201447,-0.00031051104,-0.006557351
-0.10303356,0.020374307,0.0640549,-0.04674967,0.07287483,-0.0259217,0.018696334,0.06246455,0.013343454,0.027035905,-0.00079109473,0.010652397,-0.011353023,0.06614843,-0.039317913,0.00612876,-0.035733342,0.09736951,0.02934736,0.011364504,0.0065462296,0.0055751456,0.010679907,0.115032054,-0.023073371,0.0061638844,0.013847089,-0.4849662,2.1857271,1.6621397,-0.36829436,-0.04967504,-0.0021264765,0.06792657,0.030191133,-0.0043205065,-0.01713234,-0.019855358,-0.004360367,0.008993349,0.07008779,0.027544841,0.0035248462,0.0115904035,0.012353133,0.00059145776,-0.0078464765
0.02881783,-0.0138101615,0.054618828,0.027257115,0.008644869,0.10664813,-0.00978229,0.034731008,-0.0046449676,0.004519709,-0.0034326203,0.03896749,0.029724726,0.17485996,0.0016178765,0.016689224,0.046150237,0.035486914,0.03524571,0.0117103085,0.0014528556,0.0016482697,-0.09035026,0.05195046,-0.024656223,-0.038497217,-0.21154872,-0.18386944,-2.1883638,-1.5785712,-0.14702912,-0.04557724,-0.0037441142,-0.09322385,-0.097333744,-0.0010281045,-0.023860553,-0.012648308,-0.0069797104,0.0069129067,-0.020208316,-0.26714408,0.0005969628,0.005586472,0.0032495952,-0.00010838075,-0.008324111
-0.0060908026,-0.0388396,0.10632645,-0.016511632,-0.01460992,0.15480748,0.04993121,-0.008836425,0.01855312,0.0450689,-0.004600986,0.02289788,0.035147734,-0.015217592,0.0427272,0.022785373,0.11924462,-0.16273001,0.048624307,0.011961984,0.009173683,0.0020014546,-0.15585382,-0.07374073,0.018667836,-0.07447922,-0.025245447,-0.0033429775,-2.4606123,-1.7322161,-0.070713624,-0.057037264,0.0033622445,0.041482735,0.002742979,-0.0017776531,-0.008319041,-0.01364614,-0.007158576,0.0050556557,0.076094754,0.012298064,-0.0015371789,0.0060455943,0.0058411458,-6.282587e-05,-0.009519588
0.01682315,0.008161565,0.026341822,0.039680373,-0.052167747,-0.045637928,-0.0081898365,-0.016541384,0.0062156133,-0.050061274,-0.005672546,-0.025812138,0.016680073,-0.037166625,-0.011522558,-0.0018538829,0.06853559,0.11194859,0.026208768,-0.027852938,0.005360379,0.0021648263,-0.17539981,-0.17882459,-0.019601244,-0.10140476,0.24958088,-0.20401134,-2.5198174,-1.8178368,-0.2611939,-0.01015581,0.0020228513,0.026161898,0.0020990556,-0.0009117304,-0.0102721965,-0.017171646,-0.0061797136,-0.14535144,-0.013386755,0.010091039,0.00011384654,0.0039786026,0.004153964,-0.00096880394,-0.012193558
0.010628949,0.00528259,0.09166317,0.06675407,0.056963675,-0.06261135,-0.14011708,0.00049723877,-0.014639565,-0.057183255,-0.0033629271,0.042520873,0.012400782,0.039016884,0.028613778,0.050507724,0.04110021,0.11861768,0.04261989,-0.03089442,-0.11436425,0.002486476,-0.1429964,0.06567474,-0.0065750047,-0.108934954,-0.278553,-0.077351145,-2.5130825,-1.781979,-0.039070662,-0.03758483,-0.0029213438,0.028272381,0.004823444,-0.00092568214,-0.015928604,-0.012868311,-0.0062770955,0.007208237,-0.017107576,0.011449648,0.0018392181,0.0061815716,0.005542135,-0.00059983286,-0.008829416
0.011778695,0.035912808,-0.036498237,0.051852666,0.0068791234,-0.12867361,-0.12462762,-0.01584904,-0.034821115,0.0074316193,-0.0032010812,0.05232462,-0.014156355,-0.036085956,-0.025909362,-0.019337226,-0.21331184,-0.45827523,-0.022505902,0.016056504,0.0016583325,0.001815038,-0.048016153,-0.054957233,-0.022152554,-0.028287547,-0.19144846,-0.24961312,-2.248926,-1.5818774,-0.22802493,-0.020374836,-0.013863769,-0.07342672,0.0019630778,-0.00015939826,-0.014657615,-0.024873957,0.09641614,0.0035412204,-0.01791901,0.010418388,-0.0001347094,0.0054541198,0.0009619113,-5.267055e-05,-0.011200809
0.021065243,8.9698275e-05,0.0054602106,-0.049458835,-0.04746928,-0.03308618,-0.052578345,-0.0036026118,-0.0044055623,0.031435903,-0.0012301321,-0.024690164,0.010533981,-0.015843073,-0.029444253,-0.02505119,-0.03329014,0.10544772,-0.019937634,0.017953483,0.0073045297,0.0018463614,0.04429684,0.056155115,-0.0076622423,-0.017394977,-0.086860575,-0.20148629,-2.5901537,-1.8841136,-0.19926466,-0.088298686,0.0027928045,0.04049087,0.0060195993,-0.004606896,-0.012872506,-0.020630272,-0.0052813007,0.0048963255,-0.010334861,0.011202452,0.00034441502,0.0043495996,0.0054243356,0.00029272112,0.010708401
0.0022529615,-0.012882242,0.07271156,0.059050746,0.015693203,0.11434446,0.013437499,-0.023204617,0.022623435,-0.009256237,-0.0028570397,-0.01564252,-0.026645996,0.0066389292,-0.04971209,0.041824523,0.043720867,0.025324037,0.043908376,0.020878453,-0.03608545,0.0017951524,-0.11654944,-0.0033293748,0.01293094,-0.06725347,-0.23175626,-0.4328486,-2.30153,-1.6712344,-0.37910315,-0.005806776,-0.0007002318,-0.048953593,-0.06553343,-0.0018317782,-0.017383898,-0.018745884,-0.0052253664,0.003362743,-0.02058783,0.0037317867,0.0014720671,-0.09487785,0.0028292849,-0.00018145873,-0.009301052
0.0003465495,0.021203248,0.014610323,-0.047688298,0.055069033,-0.03599309,-0.04972632,-0.018494492,0.0048135268,0.036120877,-0.003970846,-0.0168083,-0.008075988,-0.047578108,0.038186144,0.05684531,-0.013571867,0.10471005,0.018401602,0.03935845,0.008138958,0.002326725,-0.05135831,0.017639013,-0.007541018,-0.041389138,-0.11098322,-0.05805212,-2.4611151,-1.7763903,-0.013352829,-0.023641137,0.0013918093,-0.05959129,-0.077160016,-0.0030390446,-0.025461322,-0.014270791,-0.0055805193,0.005591221,-0.016128855,0.008507067,-0.00036470834,0.0065635666,0.0031426635,0.00045498574,0.027176045
0.009184504,-0.020384718,-0.19529626,0.043504845,-0.051004052,0.155056,0.028329818,-0.023080919,-0.0017607975,0.011451016,-0.004257253,-0.03937985,0.017076833,-0.043841515,-0.010104008,-0.01435379,0.08042826,-0.4090484,-0.09187235,0.004364608,0.0018894274,-0.02763721,-0.13158269,0.0035325699,-0.03972228,-0.055503488,-0.2626948,-0.058663677,-2.337873,-1.6520028,-0.09906961,-0.0037291183,0.0054658637,-0.068135455,0.004600393,0.011407811,-0.012400169,-0.026303528,-0.0068133553,0.005144306,-0.016240606,0.013373851,-0.0054360842,0.005252317,0.0043989983,0.00018286168,-0.0141281085
-0.010948187,0.010489117,0.032682102,0.010974634,0.044374604,-0.020958912,0.0564604,-0.008275589,0.019658906,0.0334896,-0.0006205567,-0.019738212,0.0071335523,-0.03566207,-0.021959526,0.0061058914,0.053132664,0.15016939,0.036807485,0.007593166,0.0077260113,0.0050522583,0.17274047,-0.002918885,0.02348258,0.14041881,0.040820006,0.39067605,-2.5993176,-1.8365206,0.34133053,-0.031239783,-0.00029711548,0.0078783315,0.043275286,-0.0008104472,0.0008146199,-0.012187141,-0.0044170595,0.009397212,-0.009467607,0.020649277,0.0012277138,0.005566547,0.0123655945,0.00059618714,-0.010343181
0.036042787,0.037100587,0.06286035,-0.0008780338,0.03651976,0.10097118,0.0013035727,-0.01160164,0.036169074,-0.03644156,-0.0025491158,0.047324654,0.022102842,-0.025645634,0.054225676,0.070369326,0.00578563,-0.091840744,0.04669992,-0.028864715,0.0050870804,0.0018763203,-0.0962273,0.07143138,0.018538637,-0.06471012,-0.38408598,0.3579884,-2.4948645,-1.803667,0.24412537,-0.033724073,0.0022749382,-0.07826917,-0.08776119,-0.00069788774,-0.015001384,-0.012751521,-0.005296117,-0.15199517,-0.011870719,0.009646438,0.004732573,0.0033475407,0.0010457458,-0.00011328531,-0.010746988
-0.1258524,0.04171686,0.089377455,-0.054056875,-0.0479166,-0.0012377485,0.0815339,-0.026932552,0.012915329,-0.04745622,-0.0026122783,0.045410585,0.012960469,-0.0144584365,-0.02441418,0.035732742,-0.052981526,0.12757279,0.04429111,-0.022612136,-0.14686148,0.0036814355,-0.11979764,-0.30295584,-0.017360125,-0.06830129,-0.047184028,-0.0074793072,1.2697983,0.931404,0.018988792,-0.0007890241,-0.0039038332,-0.12877332,-0.18355542,-0.0031550631,-0.018365992,-0.018159984,-0.005143324,0.009787195,-0.0128901275,0.019196581,-0.15037222,0.009493174,0.0028186613,-0.0021215593,-0.0096515985
-0.00877515,0.015780415,0.08900193,0.1105022,0.11159856,-0.060520425,0.081095055,0.011507386,-0.0032309024,0.004388514,0.02566715,-0.0060929307,0.042748705,-0.0462264,-0.049872186,0.020480989,0.098998934,0.20924883,0.06352049,0.02697948,0.012039595,0.0033534209,-0.11171763,-0.12446931,0.023558708,-0.050223075,0.6537411,0.106878676,1.4476808,1.0172261,0.12582587,0.00854235,0.004090488,0.07415815,0.021030338,-0.0003077891,-0.0031495865,-0.010519546,-0.0052181804,0.007426885,-0.010418203,0.02709765,0.0024021019,0.009364578,0.010142562,-0.015742626,-0.009145238
0.04087259,-0.003778391,0.0014627869,0.038588986,-0.07622673,-0.02171439,0.054978367,-0.0077626556,0.008174306,0.026286459,-0.0024136945,-0.027413983,0.0022076461,-0.023854062,-0.062471814,-0.07053686,0.099256925,0.17719148,0.028612208,0.0047219116,0.0070113637,0.0041040364,0.04789237,0.0077706673,-0.043287054,-0.007556462,0.4839442,0.08006181,2.1315973,1.5651395,0.082595736,0.02476303,0.0029149582,-0.07967142,-0.31726283,-0.0027640087,-0.0039408254,-0.01608408,-0.0040379036,0.008861392,-0.0114553375,0.026405515,-0.0012590085,0.0105499,0.0066690734,0.0012255912,0.007873577
0.03831712,0.011057536,0.028372701,-0.08234929,0.029744128,-0.0013584463,0.044116125,-0.025950253,0.023139758,0.044286374,-0.0034795948,0.00917788,-0.0034315223,-0.021576626,-0.007487826,0.0071101394,-0.079495855,0.10499457,0.019140769,0.03051485,0.00995249,0.0014055339,-0.0410973,-0.0069794976,-0.004457505,-0.034654975,0.11580549,0.018967163,-2.5313132,-1.8183423,0.00060935173,-0.04114765,-0.0011857895,-0.07682279,-0.18474287,-0.0035458796,-0.017223863,0.04535901,-0.0049981135,0.008953517,-0.013840455,0.013698301,-0.0011520763,0.0066258567,0.0030765715,0.00059255835,-0.00844363
0.013679343,0.025970122,0.081129916,0.017329698,-0.012788786,-0.016667867,-0.052383773,-0.02450517,0.043892995,-0.0784899,-0.00271187,-0.033533182,0.019902715,-0.04602653,-0.03817249,0.03809466,0.040837083,0.008100227,0.04095134,-0.051692534,0.005233536,0.0018023263,-0.10388504,0.013067538,-0.0102537945,-0.044619963,0.2337398,-0.19985095,-2.506443,-1.7998216,-0.23306586,-0.08650769,0.004190864,-0.07184119,-0.11916148,-0.002466259,-0.008815916,-0.016132833,-0.006113876,0.0060169203,0.049269386,0.006455204,0.00078009174,0.005098014,0.00035062578,-0.00052448513,-0.008330644
0.004493877,-0.005805653,0.061306424,-0.048413943,-0.008662154,0.11928351,-0.06128805,-0.05220685,-0.026125383,-0.13740437,-0.0008664652,-0.01739534,-0.014791669,-0.023410225,0.0116641,0.028725471,0.034122314,-0.12439546,0.034489416,-0.121286325,0.0056834393,-0.04272193,0.23380338,0.07758071,0.025036268,0.11358658,-0.25212947,-0.47688958,-2.1910055,-1.5742925,-0.47278297,-0.042316176,0.0037069584,0.04137372,0.00014237064,-0.0018414933,0.047058646,-0.01410126,-0.0053625414,0.0031655917,-0.017749205,0.009231517,-0.0007653524,0.004542768,0.00750115,0.00016420161,-0.0054288274
0.010426253,0.0033580845,0.05980759,0.068818,0.02738673,0.18725288,-0.070945844,-8.878318e-05,0.041426174,0.04628987,-0.0014612145,-0.0065799896,-0.035749286,0.008924117,0.04213689,0.03236059,0.076429345,0.011187968,0.03437415,0.033021774,0.0069819465,0.005428383,0.2696303,-0.13872445,0.029840278,0.19403805,-0.01029016,0.018061725,2.1262789,1.5742126,0.022521775,0.022991112,0.0072540934,-0.049872316,-0.18136127,-0.0029843901,-0.012407062,-0.00820191,-0.0042489027,0.0070777694,-0.0105374,0.021831434,0.0034614354,0.012189924,-0.14648041,0.001689995,-0.0064205374
-0.0019613774,-0.004915809,0.12696506,0.038025435,0.040713787,0.14050514,-0.0068623666,-0.0038205523,0.0046943272,-0.03170085,-0.003927598,0.04606638,-0.030719236,0.11723329,0.007864779,0.018908858,0.035842516,-0.11382511,0.07280081,-0.011932487,0.0041541755,0.0018024616,-0.08382893,0.0068252273,-0.017666271,-0.090532675,0.2507713,-0.18034738,-2.4322329,-1.8182673,-0.21327718,-0.077125214,0.0047794273,-0.07929776,-0.120931104,-0.00210047,-0.008263265,-0.013744092,-0.006447174,-0.16728349,-0.015805477,0.008662735,-0.0016436441,0.0043336027,0.0035231286,-0.00066850195,-0.0073510436
-0.0070001804,-0.031444326,-0.1667513,0.04879592,-0.04443974,-0.18955183,0.01681384,0.018632187,-0.07697274,-0.024926819,-0.051739577,-0.03744933,-0.056745254,-0.07952237,0.0047720606,-0.08183247,-0.27528983,-0.57584244,-0.09805195,-0.023580534,0.00081600127,0.00160219,-0.07498163,0.034120776,0.01353337,-0.038564406,-0.08240628,-0.003623323,-2.272227,-1.6158246,-0.051492948,-0.012616354,-0.013889928,-0.08058799,-0.0021295953,-0.0007242753,-0.0072569693,0.11804041,-0.005125804,0.001697509,-0.012614333,0.010979059,-0.0014746699,0.004206951,0.00060919725,-0.00021605221,-0.0075206296
0.00051293167,-0.0023761808,-0.15095247,0.026062492,-0.04188023,-0.020208884,0.05792765,-0.004846502,-0.049299404,-0.02509534,-0.0077555296,-0.004800509,-0.01675248,-0.01981967,0.041376423,-0.037526153,0.09225921,0.17343943,-0.07290673,-0.047028657,0.0089518735,0.0014474245,-0.08300158,-0.07039637,-0.017539153,-0.032058425,-0.083159395,0.039566446,-2.3870022,-1.742708,0.09859502,0.0009925101,-0.013924341,-0.05410638,0.01628863,-0.00069492974,-0.01176243,-0.019473674,-0.0072280415,0.0029229212,-0.014264098,0.015023943,-0.007455442,0.007320944,0.0017650826,0.0002954162,-0.011714561
0.018394427,-0.060227748,-0.13992192,-0.04954801,-0.06485115,-0.15942454,0.0027727538,1.0143162e-05,-0.046775468,-0.020696433,-0.0040452266,-0.020679796,-0.04036024,-0.010692264,-0.012334306,-0.07490844,-0.2259466,-0.5129484,-0.101245694,-0.025671916,-0.056141842,0.0016414885,-0.08297744,-0.12337878,-0.021595266,-0.0631648,-0.12708345,-0.016786123,-2.2369237,-1.5568242,-0.049254738,-0.010175029,-0.0063000354,-0.08082028,0.0014032735,-0.0011550839,-0.008632473,-0.019927287,-0.0053700684,0.002635713,-0.013058545,0.010126986,-0.004045155,0.0039362707,-0.00036233518,-0.00020784981,-0.008866533
0.033785164,-0.010703211,-0.015793877,0.015789337,0.01916982,-0.03092447,-0.045670945,0.0010716524,-0.0039250576,0.05436037,-0.00121584,0.019760795,0.024080515,-0.024205685,0.006768674,0.018709354,0.03967682,0.16042806,-0.0061645205,0.029177025,0.011785248,0.0047992873,0.058353826,0.04436768,-0.0035354309,-0.010388788,0.48773214,0.098483875,2.1682765,1.6416928,0.10481087,-0.035099227,0.00936944,0.036051165,0.036859974,-0.0036641115,-0.011018995,-0.009465692,-0.004553471,0.009957332,-0.007851603,0.024711994,-0.08862455,0.012855605,0.010881947,0.0014176607,-0.0054278024
0.022820143,0.031157762,-0.052757323,0.012726706,-0.006809116,0.124912165,-0.078168906,0.0032169176,-0.021093132,-0.01956066,-0.0034527553,0.075656064,0.07596474,0.1388316,-0.0020367845,0.058645155,0.034394104,-0.682976,-0.042299826,-0.005010186,0.0046635075,0.002547411,-0.13950597,0.031619117,-0.02236064,-0.13408026,0.46002266,0.027629262,0.09214667,0.23473527,0.047117606,-0.07475628,0.0062419535,0.066840075,0.0073622903,-0.0011018282,-0.031808086,-0.023038844,-0.005584015,0.007555105,-0.017793225,0.014539155,-0.0057890783,-0.17702694,0.007127171,-0.0006817675,-0.008541294
-0.0648078,-0.057169054,-0.024894003,0.033271294,-0.0687383,-0.21189322,0.023711734,-0.004754149,0.01732111,-0.00960595,0.03366052,-0.04043517,0.026172582,-0.041811995,-0.024659595,-0.098027,-0.28688106,-0.5898432,-0.02862039,-0.022706741,0.005291144,0.0018005021,-0.12425657,-0.029843353,-0.024705071,-0.058429103,-0.21558234,0.19883652,-2.3505464,-1.6702063,0.1320589,-0.017970413,0.0009863782,-0.088452265,0.001158075,0.00041531803,-0.008561566,0.08760087,-0.004034125,0.0034273076,-0.012253238,0.009754723,-0.00082666834,0.0036263012,0.0007691763,7.503095e-06,-0.0076995734
-0.074171335,0.011836113,0.038782723,0.015369677,0.056118958,-0.018483235,-0.05970775,0.0068384563,0.0088762175,0.027131546,-0.0030414823,0.03933588,0.014132195,0.057328977,0.08083094,-0.0024348628,0.026135752,0.09782311,0.009775461,0.007341648,0.0062148827,0.0048618973,-0.08029336,-0.25405616,-0.020902494,-0.027743315,-0.20034997,-0.5482868,2.1803682,1.7025502,-0.5181573,-0.018351525,-0.0028170405,0.053996805,0.024857117,-0.0019579895,0.04705994,-0.022188917,-0.005146505,0.008147267,-0.017805858,0.021068728,0.0032300632,0.009958319,0.007954846,7.810695e-06,-0.009905663
-0.034540195,0.020641487,0.019656343,0.037814565,0.043299798,0.062200386,0.020021234,-0.009377016,-0.061243042,-0.020868536,-0.004241821,0.00810984,-0.0010712936,-0.033356886,0.02696816,0.05169842,0.034575824,0.014407139,0.028814549,-0.016948601,0.0072268536,0.0021754422,-0.13370559,-0.0060893465,0.010559029,-0.08292066,-0.40039527,0.2738623,-2.585853,-1.8456247,0.19809644,-0.05722855,-0.0027500628,-0.03081542,-0.011859716,-0.00042669426,-0.016424762,-0.01493992,-0.0056048376,0.006081874,-0.012548916,0.010068803,0.003296116,0.003201161,-0.1402603,-1.6634356e-05,-0.013136463
0.024179053,0.0057479953,0.03846732,0.012478283,0.0073995166,-0.04854714,-0.011388667,-0.013545219,0.0031941473,0.037438534,-0.0013302808,0.024173288,0.013543192,-0.03755669,-0.014538358,0.048547942,0.06509676,0.13735387,0.041941725,0.01683455,0.008218293,0.0036874455,0.11379803,-0.045715388,0.0291121,0.09391349,-0.21467915,-0.040201433,-2.485493,-1.7751855,-0.013346683,-0.02410043,-0.0023674052,0.038161308,0.015904736,-0.0015910588,-0.02070259,-0.014859677,-0.005010369,-0.1484039,-0.015251059,0.011746046,-0.0028881403,0.008970737,0.011675175,0.0007138043,-0.008478364
0.01820465,-0.036414206,-0.18080518,0.041663203,-0.07928242,-0.16912882,0.023413178,0.00014517675,-0.047290526,-0.010823438,-0.0037736308,-0.023465123,-0.061526474,-0.05378375,-0.016746854,-0.08962169,-0.30252355,-0.5759513,-0.09766843,-0.005591985,0.0008055795,0.001524299,-0.14256881,-0.027110126,-0.025948655,-0.052320164,-0.11528607,-0.018757408,-2.2491326,-1.5881499,-0.051796038,-0.043747596,-0.00711078,-0.07992338,0.0017964205,-0.0007842943,-0.0015283683,-0.01870395,-0.005534321,0.0025133088,-0.012700976,0.01106309,-0.0027729985,0.004298562,-0.0011754285,-9.254345e-05,-0.009362619
-0.06251133,0.044792492,0.08073884,-0.055241525,0.0322223,-0.0462813,0.040389154,-0.019524114,-0.003964884,0.019146463,-0.0023375517,0.0036527624,-0.031822644,-0.007328108,-0.032220904,0.06835951,-0.08122604,0.03869937,0.058659278,0.004105701,0.005224357,0.0017116478,-0.06660982,-0.026329258,-0.0020310683,-0.03927907,-0.012567808,-0.3120588,-2.281924,-1.6116683,-0.22900797,-0.03421602,-0.0066490243,-0.072111666,-0.18242468,-0.0020237353,-0.02588411,-0.023499424,-0.0065572853,0.0060757,-0.01742841,-0.27859336,-0.0010053997,0.0058152527,0.00089435687,-4.2399275e-05,-0.006618184
0.033456266,0.096047506,0.1613873,-0.026572164,-0.07746402,0.038010683,0.0049684728,0.037737716,0.03196452,0.00077426474,-0.0016199052,0.078876555,0.082824096,0.02480055,0.08925272,0.09948825,-0.102620535,-0.48289973,0.14275256,0.0019144786,0.0024172931,0.0034569076,-0.09399362,0.06953433,-0.02307101,-0.08352571,0.017013062,0.3351809,1.4550128,1.0668064,0.21357958,-0.0211583,0.01234891,-0.12261445,-0.07141248,-0.0012372066,-0.06883485,-0.009932141,-0.004233105,0.008724684,-0.011339907,0.022464037,0.0067491913,0.0069549596,0.0018941775,-0.00044783726,-0.012381275
0.0035552252,0.03301444,-0.0038117857,0.05378612,0.05072203,-0.11362688,0.04166115,-0.029216368,-0.035639446,-0.17118338,-0.00063968287,-0.02340807,0.013442061,-0.039050523,0.0063925874,0.03072956,0.010115431,-0.50122577,-0.025238851,-0.10664625,0.0017880255,-0.04128418,0.0877208,0.028451527,-0.010306094,0.039525904,-0.22425579,-0.027002972,-2.352454,-1.6548159,-0.007305117,-0.016739918,-0.022255784,-0.06508534,0.008659763,-0.0017139596,-0.014182436,-0.020336062,-0.0048726043,0.0060666604,-0.018595971,0.012692051,-0.002402856,0.0064319978,0.0024234112,0.00070468645,-0.008112028
0.018234523,-0.05987957,-0.16218524,0.0018695468,-0.08375309,-0.18440808,0.040846925,-0.019638542,-0.055050485,-0.01184964,-0.0045213047,-0.039547283,-0.06948896,-0.016910369,-0.035022683,-0.07731359,-0.25165224,-0.5785691,-0.1079733,-0.025744384,0.00959588,0.0013455664,-0.09417742,-0.11676975,0.015140948,-0.0619969,-0.21305415,0.2001278,-2.230519,-1.5945158,0.15532157,-0.04423128,-0.0031824405,-0.08255307,0.0013296695,-0.00042904806,-0.008002255,-0.01872582,-0.005756437,0.0054050586,-0.01178852,0.012026673,-0.0028178701,0.0036264549,-0.00028195957,-0.0048541627,-0.010273707
-0.017698752,-0.017504657,-0.15794097,0.018555963,-0.0560431,-0.21361408,-0.035890084,-0.037691303,-0.057854455,0.01331989,-0.0025079811,-0.052531827,-0.03347872,-0.061744045,-0.022509076,-0.06353531,-0.299369,-0.6492582,-0.08808279,0.019101867,0.0044692266,0.0014728041,-0.06240542,0.018143293,-0.025823006,-0.054774083,0.014049671,-0.0057465597,-2.2744274,-1.6251003,0.007507209,-0.010602513,0.0019160178,-0.067137375,-0.008000033,-0.0020346558,-0.007259943,-0.017803093,-0.0045783725,-0.052942764,-0.012052787,0.010674569,-0.0042298683,0.003932433,0.00075898174,0.00011408035,-0.008462657
0.030990552,0.0070018237,0.075644754,0.04548092,0.051988695,-0.04711726,0.06089403,-0.016732706,0.0057059154,-0.0070089395,-0.0030842188,0.02947396,-0.00087896956,-0.054961473,-0.04730328,0.02970488,0.06708647,0.15029848,0.059748083,-0.0027349922,0.011606841,0.0017174269,-0.08439272,0.048158284,-0.014813169,-0.0667127,0.076832026,-0.00039714808,-2.5495033,-1.8196335,0.04084808,-0.020129647,-0.0008055017,0.014508925,0.013649434,-0.0011096618,-0.015411206,-0.012670152,-0.0053234273,0.0075736847,-0.015018576,0.01654104,0.0004295779,0.00784343,0.009381933,-0.010086129,-0.009080011
0.033229098,0.012603751,0.036468167,-0.05557437,-0.02171509,-0.04798836,-0.003618192,-0.015831338,0.03463286,0.031054862,-0.0049329787,0.037561983,-0.0035156468,-0.04195503,0.0014643682,0.04298693,-0.06443595,0.05264428,0.039060086,0.02391385,0.011120555,0.0016217596,-0.091324285,-0.28436887,-0.015045351,-0.059620235,0.041470125,0.004020402,-2.385606,-1.7269478,0.026799953,-0.04604083,-0.00016641762,-0.07543499,-0.17494115,-0.00283373,-0.020969832,-0.015149458,-0.0057641426,0.0053949594,-0.015560225,0.011154914,-0.001279105,0.006773893,0.0029281615,-7.370378e-06,-0.008769673
-0.057166472,-0.023948168,0.06427654,-0.051976837,0.05117837,-0.04581985,0.034130156,-0.010010856,-0.04973774,-0.052900698,-0.002053903,0.032633163,0.003963213,0.091123246,0.008583361,0.039042447,-0.042340193,0.09359656,0.029430581,-0.039924514,-0.10348762,0.0023555967,-0.16078524,-0.252879,-0.012101917,-0.11295885,-0.37124822,0.22220464,-2.3583145,-1.6876502,0.16793345,-0.016943086,-0.0072801746,0.0170083,-0.009927229,-0.0014927865,-0.018170951,-0.01135102,-0.0066106953,0.007415405,-0.011376978,0.00878516,0.00026445364,0.0038014671,0.0036694936,-0.000346381,0.035054345
-0.032386497,-0.00049654645,0.020626806,0.04183846,-0.1580788,-0.049629536,0.066949956,-0.011511245,-0.04419746,0.04481194,-0.004544359,-0.025082827,-0.06916837,-0.028042799,-0.08412451,-0.13518667,0.047832776,0.1178856,0.024072139,0.012273815,0.0060948194,0.0038436253,0.05807344,0.10545391,-0.03998853,0.055250067,-0.29594105,-0.058704965,2.184995,1.6180828,-0.088393,-0.09138982,-0.0378959,-0.082185894,0.027230704,-0.0011595774,-0.017046949,-0.018908836,-0.0053933305,0.00641621,0.02397367,0.028154604,0.0030769098,0.010383123,0.004196542,0.00071203563,-0.007326836
-0.005682078,0.0008955901,0.024516936,0.028891876,0.056657754,-0.036493916,-0.04596603,-0.018118165,-0.0012422241,0.026958877,-0.0015604317,-0.032483865,0.028916322,-0.0022732608,0.04243316,0.013298818,0.026836159,0.108093105,0.026453925,0.010042586,0.0035343561,0.0028196874,0.09075976,-0.24157663,-0.019735409,0.063724555,-0.3843459,-0.07952081,-2.462656,-1.7670033,-0.09051843,-0.07817017,0.005508999,-0.11241164,0.0028788168,-0.0008150575,-0.02128903,-0.016283222,-0.0057904636,-0.15572968,-0.011795867,0.011784667,-5.9083643e-05,0.0064087906,0.0026897083,0.00041033674,-0.008929974
-0.049019285,0.016523508,-0.016070712,0.029403279,-0.029546702,0.15097171,-0.033328775,0.026860267,-0.0011834459,-0.1476213,-0.0032330388,0.054417457,-0.00808691,0.122686766,0.03731631,0.05664246,0.09103593,-0.2757611,0.008854067,-0.14184685,-0.003097442,-0.04018724,-0.09304885,-0.17068997,-0.03514721,-0.081469655,-0.16986653,-0.4055992,-2.110624,-1.4754612,-0.36977237,-0.041169662,0.0012772026,0.035415363,-0.0029061944,-0.0012052654,-0.012729838,-0.019726912,-0.006299903,0.0029297257,-0.025249748,0.008346984,-0.002524621,-0.090971276,0.0060821315,-0.00018273277,-0.009651284
-0.016131487,-0.027902476,-0.1812769,0.04599009,-0.00550568,-0.12559508,0.010828994,-0.08905567,-0.03161502,-0.0076177195,-0.0007299716,-0.040666323,-0.02773665,-0.06791796,0.04613389,-0.022019645,-0.26605612,-0.57673484,-0.09876734,-0.014324705,0.002714085,0.0016425875,0.07258836,0.021881232,0.04540777,0.06116333,-0.07384639,-0.050979324,-2.291968,-1.6015153,-0.032971658,0.0005064126,-0.03432237,-0.07803417,-0.008410045,-0.0020584054,0.019179251,-0.01880074,-0.0056465156,0.0004825201,-0.014943584,0.010976705,-0.0034490968,0.006220488,0.0026788905,0.0003633592,-0.008010033
-0.0074107805,-0.08435489,-0.13943294,0.04915704,0.037284512,-0.12866914,-0.11367235,-0.027955957,-0.050153017,0.020114783,-0.0007541828,-0.022816017,-0.01780683,-0.03862959,-0.003512935,-0.03440335,-0.22906199,-0.54650074,-0.09156728,0.0129034305,0.0067652036,0.0036124398,0.12979376,0.01421926,0.026596997,0.06531755,-0.1809917,-0.18383366,-2.2008731,-1.5540305,-0.15606928,-0.047229372,-0.016490055,-0.0656328,0.0075647086,-0.0020935412,-0.013914639,-0.023441985,-0.0064060874,0.0028519721,-0.0153569365,0.01346938,-0.0029452625,0.005510999,0.0024188892,0.00024269313,0.018389428
0.052683834,0.017327344,0.11926628,0.08674273,0.08229799,-0.03171753,0.05003868,0.004137598,-0.005972352,0.022061687,-0.0038511688,-0.04713766,-0.028804373,-0.015521669,0.046505727,0.01696464,0.10295746,0.20908923,0.055609476,0.031370122,0.0078655165,0.0046511143,-0.121634886,0.1308972,-0.023957139,-0.071996436,0.68055165,-0.09262423,1.539942,1.1230465,-0.0016300619,-0.007634755,0.001301713,0.002114806,0.018371424,-0.0026171585,-0.0070201023,-0.017951393,-0.005230815,0.008856305,-0.012438134,0.02416185,0.001721117,0.00930402,-0.19455224,0.00020319829,-0.012258325
-0.08196655,0.028266681,0.082524545,-0.047006555,0.026237728,0.15810153,-0.029807054,0.0016099142,0.024024626,0.04636222,-0.0034724607,0.042375136,-0.0028216538,0.008834342,0.022521878,0.031298853,-0.037451908,-0.1591101,0.04433588,0.039778918,0.008695808,0.004230217,-0.119703844,0.08191759,0.019672075,-0.10249491,0.05175015,-0.04819573,2.2163453,1.6185168,-0.009935937,-0.026073782,0.010814695,0.06584271,0.00086538674,-0.0043156757,-0.016908778,-0.008443342,-0.0051842565,0.007481107,-0.01182323,0.023842962,0.0015395551,0.008827906,0.0073641706,0.00036548992,0.024189333
-0.08596769,0.017481737,0.042434394,-0.09175811,0.053152334,0.13784392,0.019619072,-0.02389123,-0.023006735,-0.06289605,-0.0040741223,0.030692255,0.015925933,-0.02720633,-0.0058148787,0.042780332,-0.07190108,-0.15525876,0.018948339,-0.044546735,0.0050611226,0.001970569,-0.13277209,0.03897614,-0.015257923,-0.094458856,-0.15672703,-0.17309044,-2.4782403,-1.7625489,-0.19140263,-0.04523073,0.003911928,0.053282607,-0.0035863165,-0.0025154713,-0.018912964,-0.013156746,-0.007824436,0.0068589896,0.089815676,0.011549518,-0.0006844626,0.005867237,0.005125442,-0.0011524155,-0.009096043
-0.12592834,-0.03576348,0.049822014,0.045795396,-0.039382957,-0.047177173,-0.04113503,-0.018541947,0.00243533,-0.0026496009,-0.004192315,-0.037019942,-0.13891797,0.0008536836,0.0032289957,0.02332432,0.042447295,0.122739375,-0.006397908,-0.0017909107,0.0040403455,0.001614443,-0.18037441,0.02366249,-0.048168115,-0.1344281,-0.18042858,0.2526459,-2.4378517,-1.7568512,0.1567679,-0.04293407,-0.0052307993,-0.05950981,0.0056817047,-0.0013039532,-0.014166928,-0.010984114,-0.0058709607,0.0049481243,-0.011627393,0.006180722,0.0011713298,-0.11100854,0.0018504692,-8.037354e-05,-0.008766205
0.046954475,0.03884825,0.06197483,-0.0052652922,0.06758153,0.13040629,-0.05148664,0.03492506,0.0028979548,0.03570756,-0.002581267,0.040643334,0.02717993,0.027273348,0.050402157,0.06428483,-0.0013805814,0.091568,0.040636517,0.03521202,0.0051140357,0.005319031,-0.018376578,0.09222424,-0.0002317929,-0.017807916,0.099076025,0.42026266,2.143113,1.6201797,0.2993637,-0.020182123,0.0036500809,-0.053048503,-0.10511917,-0.0022767214,-0.011498569,-0.008503385,-0.0045001283,0.012080251,-0.00618666,0.024733847,0.010114365,0.008444311,0.0021597322,-0.016909426,-0.010748618
0.016651882,-0.022485595,0.040126912,0.058661,0.037607808,-0.04118744,0.05360394,-0.017173905,-0.019515045,0.022267098,-0.0035752405,-0.0019648173,0.019750986,0.11555858,-0.016563112,0.011400206,0.05696479,0.14145878,-0.0018244665,0.014394169,0.0065543274,0.0032086493,-0.12888472,-0.0017900035,-0.063298985,-0.10478136,-0.34701574,-0.06828301,-2.4821575,-1.816425,-0.04119143,-0.019649908,0.0032977485,-0.07327024,0.020144314,-0.0012085222,-0.019054672,-0.013426409,-0.0061696167,0.007917507,-0.015659902,0.010592759,-0.0027267868,0.009324574,0.003941899,0.00045433643,0.03534026
0.027861979,0.016831296,0.051530313,-0.08463465,0.020370506,-0.054332785,0.0005662554,0.016308207,-0.010764112,-0.007644214,-0.0026270507,0.021515075,0.0231044,0.14484334,0.0045262356,-0.01680665,-0.108884916,0.029082559,0.021535927,-0.015597201,0.0050961827,0.0015867355,-0.12469116,-0.008778365,-0.004261891,-0.064454645,0.026845602,-0.2573707,-2.2712631,-1.6617138,-0.19321464,-0.036029007,-0.008148183,-0.07974928,-0.17885321,-0.004077764,-0.021978177,-0.020122956,-0.005706082,0.0066313413,-0.017863149,0.009375006,0.00039607563,0.007368701,0.002092532,-0.00016527048,0.013948475
-0.02434516,-0.00846804,0.037005838,-0.0309582,0.024979359,-0.03255123,-0.0021271787,-0.014279212,-0.014093695,-0.058969807,-0.004454266,-0.008949501,-0.0046406635,-0.029404247,-0.014117257,0.007258164,-0.015740113,0.12085125,0.02181053,-0.030980974,-0.071147494,0.0022357777,-0.14491595,0.046165865,-0.015901435,-0.073655196,0.26246583,-0.18844225,-2.475789,-1.7724272,-0.24354428,-0.026660146,-0.013687902,-0.062912054,0.009152972,-0.0010693909,-0.016058842,-0.01659344,-0.006298666,0.0060067456,-0.011147047,-0.32587984,0.000949654,0.0034305518,0.0025808986,-0.00022239792,-0.010896852
-0.020583203,-0.037361603,-0.16339451,0.049754824,0.04145011,-0.16925058,-0.008970473,-0.016807603,0.028418459,-0.016432164,-0.0039424696,-0.05541941,-0.066532314,-0.058088433,-0.011193066,-0.085158944,-0.24420527,-0.5015124,-0.08916496,-0.013997069,-0.04016043,0.0016089083,-0.09089504,-0.16342376,-0.021692783,-0.058016997,-0.10636421,0.0024861656,-2.2625046,-1.5938687,-0.045172397,-0.035410024,0.00041844475,0.0774631,0.0028704358,-0.00022775045,-0.008115346,0.10282018,-0.0056852093,0.0023662255,-0.013839128,0.01049081,-0.0015100491,0.004119712,0.0013425719,-0.00027795258,-0.008481905
0.026539538,-0.0103508085,0.06338215,0.051081676,0.054495677,0.12258611,0.020046024,-0.011096705,-0.009125509,0.022383615,-0.0023988115,0.042820897,-0.02223133,0.14856556,-0.019434715,0.034068685,0.033243615,-0.07088726,0.02482453,0.026823342,0.006458984,0.0025906283,-0.1297132,0.06648872,-0.006799469,-0.1294504,-0.2609322,-0.07175419,-2.393345,-1.7474095,-0.026376538,-0.052494373,0.0031892736,0.07397853,0.01257249,-0.0009433971,-0.01613684,-0.010856953,-0.0068141543,0.009193181,-0.019695435,0.014278528,0.0013487024,0.008040571,0.006834359,2.0093861e-05,0.03324008
0.0065711616,-0.035960104,-0.19705239,-0.009274325,-0.049975652,-0.17719981,-0.0686567,-0.008639509,0.03409643,-0.021013044,-0.0047986587,-0.02898079,0.009906875,-0.043930605,-0.025729753,-0.101112865,-0.23836231,-0.532494,-0.078239165,-0.030387903,-0.043043073,0.0015107889,-0.086543106,0.009946989,-0.018438444,-0.04393414,-0.12245819,-0.06286405,-2.1621153,-1.5256668,-0.03759839,-0.009968336,-0.00065808767,-0.07075447,-0.07803901,-0.0016958093,-0.009758026,-0.022108037,-0.005157032,0.0015374417,-0.014370428,0.008887561,-0.002441268,0.003972755,-0.04522787,-0.00021862134,-0.008474397
0.027995339,0.024683708,0.07866341,-0.028007274,0.052659493,0.18728226,0.041638676,0.0075381002,0.12424615,0.012815142,-0.001408967,-0.027922362,0.09931838,-0.038383227,0.020848243,0.0021159926,0.06317631,-0.6313529,0.072212644,-0.0034973347,0.004396865,0.0025031276,-0.08473738,0.048473444,-0.05111185,0.013677437,0.46550444,-0.014423082,0.036177885,0.17387033,0.050843537,0.013066064,0.005792928,-0.121770635,-0.12515266,-0.0019354227,-0.033897657,-0.028187806,-0.0066871135,0.008039819,-0.014586376,0.014571603,-0.0029135372,0.008157724,0.006008984,-9.724429e-05,0.022004917
0.0004788404,0.004690004,-0.13609226,-0.06611468,-0.06798491,-0.018459208,-0.023584336,-0.033807877,-0.014883047,-0.016959663,-0.0054341517,-0.036057055,0.022597285,-0.04224592,0.02148337,-0.053391237,-0.052136634,0.114333786,-0.08137779,-0.020554796,0.0079403855,0.0020570958,-0.13584997,-0.1100947,0.014799972,-0.0690572,-0.34452158,0.19886795,-2.4389818,-1.7603159,0.16445854,-0.03288109,-0.004266614,0.014289567,-0.0038346332,-0.0016837927,-0.012638486,-0.02176941,-0.0061439546,0.005208772,-0.00991727,0.012969088,0.00015533551,0.002593737,0.0038095412,-0.00019800513,0.049822204
0.014572501,-0.01278523,-0.092530526,0.039506305,-0.03143474,-0.010284532,0.04567109,-0.016051665,0.0009420835,-0.0101124225,-0.0008261697,-0.033458807,-0.061568964,-0.01243223,-0.015500393,-0.06949995,0.075884104,-0.34660852,-0.06543836,-0.00498569,-0.04014271,0.0022236845,0.068802856,-0.053675093,0.028711924,0.033605155,-0.15686235,-0.22497332,-2.1359384,-1.5192063,-0.19666742,0.013224205,0.00061537925,-0.071976915,-0.07955429,-0.0013619725,-0.008637878,-0.02944466,-0.008201175,0.0038005265,-0.018590963,0.010193456,-0.0058513777,-0.08731349,0.0008581185,0.00016520948,-0.007998505
-0.00210779,0.013949193,0.026076876,0.011611689,-0.037702627,-0.040030982,0.06060975,0.008315035,-0.004192377,0.05533793,-0.0021887606,-0.023875812,0.012318735,-0.015022082,0.010546204,0.03963028,0.0018585537,0.12106048,0.03074545,0.035164498,0.009092121,0.0024837253,0.024644392,-0.05309272,-0.026836855,0.04102931,0.24748376,-0.15869157,-2.5867767,-1.8779869,-0.1766767,-0.011248093,-0.039071314,-0.060731173,-0.00036856608,-0.0025906158,-0.012257461,-0.011003647,0.0875807,0.008388919,-0.009939045,0.013889806,-0.0037418436,0.006524486,0.002883516,0.0011412507,-0.005675392
-0.013259152,-0.027483134,-0.13463762,0.016227007,-0.08282325,-0.19182165,0.038940772,-0.05352813,0.004636736,0.025944617,-0.0030923141,-0.042908635,-0.011367513,-0.044680458,-0.021274239,-0.082680926,-0.30303797,-0.5382735,-0.07647435,0.010071926,-0.00013677373,0.0021327357,-0.049302354,0.04274773,-0.021734536,-0.013944758,-0.09560694,-0.04643109,-2.2517803,-1.6031529,-0.021898506,-0.060191788,0.002835703,0.06032633,0.0029094312,-0.00039162536,-0.0095927715,-0.022545177,-0.007474844,0.0024027256,-0.015784295,0.0131979,-0.024201931,0.0051200157,0.004023874,5.6034278e-05,-0.0099737635
0.019779142,-0.03293475,0.0021873573,0.09462276,-0.043964334,-0.05808567,-0.15489528,0.000108640896,-0.006221947,0.04086998,-0.0011350554,0.006285096,-0.052352674,0.0537752,-0.04913843,0.03742168,0.082299225,0.15586357,0.0030360543,0.025025638,0.0068773297,0.005035601,0.30540684,-0.096781105,-0.022837408,0.22417596,-0.20466833,-0.015433994,2.0837502,1.5681942,0.013497436,0.0044310265,0.0024890392,0.014920592,0.05213959,-0.0013313738,-0.01674059,-0.009141751,-0.0041824696,-0.16144201,-0.011700554,0.019007696,0.001328504,0.014339752,0.015357199,0.00087086926,-0.005825431
0.023931276,-0.012433013,-0.1459554,-0.052804887,-0.06660971,-0.03233222,-0.0017609451,-0.024645325,-0.017161245,-0.054593775,-0.006082035,-0.020748911,-0.0407552,-0.030716285,-0.029325334,-0.062315263,-0.038478404,0.09879696,-0.07095237,-0.02997351,0.009062824,0.001693661,-0.16426566,-0.1380175,-0.0032894767,-0.09728591,-0.3306273,0.19344871,-2.3187797,-1.6929418,0.15525746,-0.022702273,-0.008406615,0.008338927,-0.0037820516,-0.0010697567,-0.014897853,-0.021592762,-0.0060995193,0.0035325205,-0.010942845,-0.3268598,-0.0010195641,0.0020500172,0.0007506289,-2.6860565e-05,-0.011268033
-0.013781246,-0.017142095,-0.1482376,0.027826447,-0.06851736,0.16389167,-0.033905018,-0.056771535,-2.5431258e-05,-0.17070545,-0.00082559726,-0.02665339,-0.029773526,-0.053827155,-0.016233997,-0.11224677,0.08763306,-0.48389903,-0.07739435,-0.12078838,0.004546552,-0.034753893,0.13810514,-0.05102989,-0.034243207,0.06370586,-0.14184295,-0.005728392,-2.2012174,-1.5871679,-0.010329783,0.0051161293,0.004693305,-0.072320335,-0.13128006,-0.0018470337,0.011470355,-0.01703351,-0.007980045,0.0024546992,-0.015666058,0.011163549,-0.0100840805,0.0054545975,0.0014908283,0.00047706295,-0.0069344346
-0.13948797,0.020359032,0.017654171,0.07797744,0.065470144,-0.05194049,0.1195621,0.12571286,0.07610954,0.016239928,-0.0009054501,0.039750017,-0.04271813,0.16612622,-0.04031538,0.026815861,0.10132141,0.05805203,0.0005583678,0.024438065,0.0049841576,0.0069793775,0.2705959,0.071715616,0.06189343,0.102329604,0.0060158987,0.5042081,0.06727726,0.07361773,0.35768375,-0.025838537,0.027725698,-0.09264468,0.047982454,-0.00052696903,-0.0451466,-0.021495055,-0.0049211225,0.010564458,-0.008833258,0.026455142,0.004714406,-0.12946425,0.008197203,0.0004152474,-0.010319911
0.01615504,0.03136079,0.014339212,0.09416951,-0.008878262,-0.069584,-0.2447633,-0.093100876,0.009522438,0.03081858,-0.0018450614,-0.026235215,-0.0127182705,-0.19301625,-0.02714555,0.049265783,0.06891212,0.2122778,-0.018897522,0.005637402,0.0076967706,0.003570425,0.17107332,-0.016223175,-0.10506332,0.15057978,-0.26699954,-0.050729267,-0.17496265,-0.029642278,-0.020735994,0.022759253,-0.028470162,-0.11375413,0.028674226,-0.004035282,-0.06361514,-0.026073534,-0.0068689054,0.0035916897,-0.009937593,0.012287509,-0.04463062,0.012037914,0.007152932,0.00094126805,-0.0070543815
0.02072788,-0.024422329,-0.013890396,-0.023759635,-0.0011661568,0.1388316,0.06570046,-0.08256801,-0.020497551,0.017299578,-0.0011812488,-0.030482335,-0.011698993,-0.075403064,0.025706615,-0.007707907,0.08744281,-0.3894204,-0.0056942385,0.006404045,0.0031964148,0.0027883407,0.042146966,-0.13519505,0.043250002,0.009064244,-0.18453495,-0.36631057,-2.1685727,-1.5741827,-0.4252436,-0.012534758,-0.020695677,-0.07501559,-0.0133390175,-0.001957012,0.030658675,-0.023049152,-0.0058850325,0.001453861,-0.018275633,0.01282528,-0.0034997573,0.005583807,0.0018607224,0.00038986927,-0.010357579
0.006070853,0.03299573,0.08105196,0.048060246,0.04321713,0.14643364,0.016577555,-0.0010541831,0.006742888,0.057368163,-0.003687336,-0.033430055,-0.011651577,-0.040468536,0.023634171,0.025506444,0.04524908,-0.096681476,0.054154314,0.053255938,0.0076798517,0.0021887473,-0.09764688,0.07171047,0.0059559667,-0.112093106,0.24448723,-0.11832158,-2.5629816,-1.8963839,-0.17865922,-0.07068392,0.0021859484,0.013662099,-0.0017861142,-0.0009632036,-0.009983344,-0.014139383,-0.006333589,0.006313914,-0.012674245,0.013896468,-0.0007257963,0.005487279,0.005046535,-0.015181323,-0.008239282
0.0055955844,-0.037693888,-0.14563389,-0.048706923,-0.07284071,-0.14553113,-0.0033519245,0.020381037,-0.062245622,-0.012356968,-0.0042773886,-0.037000716,-0.047796182,-0.058649745,-0.020721085,-0.0967758,-0.2768118,-0.5181163,-0.087936126,-0.018351514,-0.053764135,0.0014697112,-0.09524431,-0.17284955,-0.024580797,-0.03779986,-0.11759056,-0.012237379,-2.15264,-1.5683094,-0.03731668,-0.0056167077,-0.017785521,-0.07715061,-0.0147136515,-0.0008730575,-0.008277761,-0.021134032,-0.0055697705,0.00026948302,-0.012310294,0.009543388,-0.0027986767,0.003411218,-0.04750461,-0.00022488393,-0.008798317
0.03020899,-0.0064654085,0.106287286,0.067698434,0.07495306,-0.013438867,-0.046619453,0.055386696,0.042733602,-0.014528169,-0.0018828,0.03503431,0.03701217,0.05748881,0.032245852,0.04423609,0.07007453,0.13340618,0.03397644,-0.0069331657,0.009268761,0.0049307616,-0.04491191,0.08204377,-0.0084673595,-0.055863205,0.12448082,0.34179002,2.1105409,1.6047614,0.24587929,-0.0050524804,-0.0016755684,0.04891567,0.03251112,-0.0011786127,-0.004234778,-0.007943618,-0.0038263109,0.0110231405,-0.0076542515,0.024358457,0.008361158,0.0064916126,0.0083693415,-3.1260144e-05,0.014849686
-0.04338256,-0.0031480794,-0.008079159,-0.055896364,-0.023832861,-0.02648681,0.009083327,-0.020574296,-0.006349741,0.024483114,-0.005949837,0.0027146796,-0.0011485618,-0.021116944,-0.0089771515,-0.029987525,-0.059325237,0.06064475,0.004264516,0.0134915495,0.005109248,0.0014660902,-0.11594633,-0.13265961,-0.025366936,-0.07369304,0.0480848,0.0058715027,-2.3431387,-1.6762928,-0.0038492894,-0.07116629,-0.0027324725,-0.08186452,-0.15938158,-0.0022121146,-0.016674934,-0.020807594,-0.0060966183,0.005891513,-0.014274783,-0.33489057,-0.00087632844,0.004993082,0.0020266548,-4.9467526e-05,-0.008962616
0.0052488646,-0.052499976,-0.17733385,0.03400229,-0.06320294,-0.16070342,0.01590213,-6.0323582e-05,0.030917604,-0.014776517,0.024083834,-0.042953096,-0.06684808,-0.056529254,-0.038338806,-0.08401717,-0.28083372,-0.5491578,-0.09259764,-0.016169894,-0.040695604,0.0016086175,-0.12609561,0.013928741,-0.02939108,-0.07732477,-0.117718026,-0.009440369,-2.2429516,-1.5842507,-0.059040736,-0.006852762,0.0005362443,-0.078960106,-0.07716498,-0.00074413914,0.0024151036,-0.019025218,-0.0051652766,0.0011820748,-0.013713778,0.009240372,-0.0031280678,0.0036050433,3.3215772e-05,-0.00018802559,-0.009269627
0.0030862072,0.039910372,0.07352348,0.016633155,0.026569018,-0.046344366,-0.08809839,-0.02457032,0.042969864,0.018388933,-0.0031396623,0.033081748,0.0040426827,0.14308904,-0.019435447,0.029547328,0.040581882,0.10102496,0.05303011,0.016396115,0.004531493,0.0018200437,-0.0930103,-0.017450763,-0.025677634,-0.054357838,-0.26504758,-0.23771647,-2.196908,-1.5843624,-0.16661546,-0.013775991,-0.00091337,-0.057473846,-0.09443984,-0.0018603709,-0.023145732,-0.01687774,-0.006641298,0.005463401,-0.020008437,-0.21973796,-0.0010695416,0.0060298373,0.0025098394,-4.981892e-05,-0.008070775
0.020379536,0.0018098535,0.07951256,-0.07574869,0.04475461,-0.038731635,-0.050069176,-0.024672,-0.022547103,0.061027847,-0.0037906233,0.009060629,-0.017030034,-0.027193481,0.018362347,0.012543942,-0.056748997,0.091366515,0.04205761,0.033613075,0.0071749296,0.0018094053,-0.10951205,0.04945844,0.0045505874,-0.08162628,-0.17214261,-0.16443,-2.4910572,-1.778376,-0.18133096,-0.04996733,-0.008963103,-0.07529117,0.00020322872,-0.0037293732,-0.024028117,-0.018072257,-0.007165653,-0.1684024,-0.014225438,0.011533151,0.0006841116,0.0052560666,0.0018753074,0.0002920557,-0.010383422
0.02857832,0.022364484,-0.030732075,0.056946713,0.02841768,-0.016636461,0.05826026,0.13150929,0.010896675,-0.03251937,-0.0013592276,-0.0026315057,0.0051724883,0.03051763,-0.002862566,0.00017659941,0.07121759,0.08444728,0.010221947,-0.042873684,0.003728448,0.0024722319,0.15264107,-0.12398655,-0.016102042,0.12627856,-0.04785981,-0.14757332,-2.5897646,-1.8540105,-0.16514449,-0.08025102,-0.0036822571,0.04813256,0.015014093,-0.0017185382,-0.010116473,-0.016184814,-0.004628034,0.0075447494,-0.01277624,0.014121908,-0.0011577378,0.005771986,0.0073835985,-0.030899344,-0.00881678
0.0606925,0.050672546,0.06936825,0.1231612,0.09021694,-0.088209584,0.02786171,-0.019675624,-0.061480436,-0.0029355886,-0.003178996,-0.013168008,0.055184767,0.0061290013,0.004317351,0.039255083,0.0965683,0.18302333,0.03826318,-0.009119633,0.0061102863,0.0064185453,-0.04568429,0.015125621,-0.044151183,-0.021168983,-0.38026997,0.36346877,1.3195359,0.91715014,0.28939047,-0.051568344,0.00018624651,-0.08516094,0.040984657,-0.00017552706,-0.0057946267,0.099531606,-0.0047814096,0.010118268,-0.00823755,0.022133643,0.0065678763,0.007936643,0.003010118,-0.00050992833,-0.014933762
0.003773821,-0.008638498,0.013277374,-0.035827648,-0.12401937,-0.044174656,-0.122223124,-0.022852082,-0.0010328132,-0.016591538,-0.0024568231,0.03079946,0.017782882,0.019014832,-0.05605053,-0.023973417,-0.056440298,0.045726743,0.0105048,-0.0022566936,-0.06853646,0.0019387192,-0.094981804,-0.0025635883,0.0012746202,-0.04599239,-0.17391941,-0.39401302,-2.251488,-1.6207386,-0.37653902,-0.03946219,0.006530369,-0.06762081,0.0058557433,-0.002309622,-0.019878669,-0.024103489,-0.0058568357,0.0046005845,0.09531816,0.0063171997,0.0013895936,0.0047054845,0.0019601034,-0.00021445034,-0.008573862
-0.001441003,0.022143032,0.04139721,-0.0027528056,0.06243796,-0.042093877,0.016720228,-0.008772445,0.005695028,0.043909077,-0.00551354,-0.010233226,0.011292815,-0.017851751,-0.056887645,0.032572728,0.009005762,0.112041414,0.02440894,0.022116577,0.005950235,0.0021135556,-0.14484937,0.041897412,-0.04739666,-0.11600823,-0.35798606,-0.075606704,-2.4123132,-1.707223,-0.10640055,-0.04931892,-0.007520551,-0.07259894,0.003716217,-0.0023849977,-0.01684911,-0.014818293,-0.008653808,0.0065303696,-0.012838016,0.009464013,-0.090628386,0.0057749017,0.00022678706,0.00044662977,-0.0098231705
0.0036810297,0.0067273914,0.073921695,0.041101046,-0.029221738,-0.06045893,-0.109853804,-0.02592035,0.0324639,-0.06849501,-0.0039925296,-0.036760043,-0.03982884,-0.032236256,0.0016581439,0.021653501,0.04835738,0.08763,0.055817217,-0.036927156,0.0029369672,0.0016806929,-0.1359882,-0.09635109,-0.015885407,-0.075991355,0.23189828,-0.18095228,-2.4508526,-1.7950174,-0.2394963,-0.09462592,-0.00012846645,-0.067125544,-0.11286072,-0.0026228277,-0.010692013,-0.020394886,-0.007229197,0.0041265152,-0.014453861,0.004178098,-0.06926327,0.0049489057,0.001621395,-0.0005168621,-0.009112948
-0.05194714,-0.009875018,-0.0074325204,0.013552794,0.024966676,0.117621176,-0.043996867,0.10652349,-0.013953971,-0.039787687,-0.0066548013,0.0018059465,-0.0028320362,0.13512838,0.002753484,0.01337482,0.028051633,-0.16293548,0.027499534,0.011158934,0.008012972,-0.04534175,-0.105037324,-0.256425,-0.02332381,-0.061854262,-0.30324224,-0.035734534,-2.3302655,-1.6726661,-0.010974579,-0.036948048,-0.02373539,-0.09273699,-0.0059299082,-0.001281143,0.033051156,-0.014787496,-0.005548677,0.0069484008,-0.014851617,0.012360103,-0.0018779709,0.005699064,0.0056072273,-3.9044575e-05,-0.011930741
-0.094441414,-0.048293244,-0.16893762,-0.05753863,-0.04949768,-0.14539118,0.011549387,-0.0335606,0.0078085805,-0.035730895,-0.0030217988,-0.045814138,-0.052876007,-0.046792213,-0.027385015,-0.09010799,0.032709636,-0.45667022,-0.10496461,-0.026356816,-0.062030718,0.0016239696,-0.080831625,0.014756549,-0.01834672,-0.05417686,-0.1110186,-0.028530966,-2.2059329,-1.5547854,-0.082080625,-0.052575573,0.0019422809,-0.089556,-0.08795953,-0.00036536987,-0.00812126,-0.019113528,0.100613244,0.0018548559,-0.014864435,0.011149395,-0.0048444886,0.0039110524,-0.00050691096,-0.0010407837,-0.009402935
0.010479501,0.044674788,-0.12759702,0.0020988295,0.10974222,0.18531296,-0.2480957,-0.008407241,-0.025181314,-0.0019271887,-0.00090829446,-0.039496936,0.0018972332,-0.019373061,-0.019458555,0.0084133325,0.07888011,0.05667562,-0.090237945,-0.005500699,0.010715202,0.0036785125,0.06350212,0.12450321,0.052201264,0.022990359,0.63809115,0.08643922,1.3516115,0.92320275,0.13135496,0.00059201545,-0.07252089,-0.14050311,0.02103095,-0.0019252116,-0.0053298045,-0.013552725,0.072052486,0.0059457095,-0.009697784,0.025766915,0.006512911,0.012819806,0.004317939,0.00051685434,-0.009161636
-0.0042295638,-0.055047404,-0.1468522,0.040688064,-0.109120354,-0.0110959215,0.069158256,-0.016270058,-0.011331624,0.027373761,-0.0021330973,-0.023144081,-0.012558512,-0.013349019,0.026145365,-0.09784286,0.062004488,0.07625671,-0.057594944,0.02054507,0.004490662,0.0019613355,0.0611867,-0.05219543,0.0235492,0.024849145,-0.40117776,-0.09337713,-2.3771596,-1.6866993,-0.09929352,-0.083550006,-0.0009602321,-0.073578626,0.017928677,0.0044005597,-0.015221518,-0.021293314,-0.0056275977,0.0015648498,-0.0124223055,0.016207786,-0.002789917,0.005838792,0.0040205927,0.0007488489,-0.00994257
-0.0962073,0.0020262445,0.02529753,-0.07401272,0.024893316,-0.021542631,0.03741855,-0.020291891,-0.00064356916,-0.04576465,-0.07116443,0.02994363,-0.00078099425,0.0070238505,0.0062431884,-0.0046689077,-0.07354574,0.12971143,0.015419259,-0.038699213,-0.11442358,0.0020342497,-0.124890834,0.034427505,-0.018894216,-0.047376372,-0.26593664,-0.021088965,-2.4312983,-1.7331718,0.010424443,-0.035848014,-0.0025312905,-0.0791302,0.015309641,-0.0019707626,-0.02229852,-0.012403562,-0.005381428,-0.14657153,-0.01367305,0.0059879594,-0.00037943173,0.006260863,0.0037955174,-0.0009400138,-0.008949772
-0.0055077146,-0.0001710171,0.12435472,0.049163334,-0.049041186,-0.028480621,0.0024142105,-0.011511794,0.010956714,-0.029347582,-0.0010464373,0.051156938,0.0041994057,-0.03217193,0.022964168,0.032795645,-0.14056571,-0.47464648,0.1129617,-0.024504814,0.00023838437,-0.033469595,-0.08249942,0.06147341,0.025945283,-0.05178575,-0.046922583,-0.15080595,-2.3400476,-1.7050835,-0.16430794,-0.021646962,0.0048383526,0.011078703,-0.0063705035,-0.0017078288,-0.013304939,-0.020775039,-0.005793806,0.004403882,-0.01644808,0.010874974,-0.0016349624,0.0051190015,0.005125461,-5.8274123e-05,0.014877375
-0.033539902,-0.009955564,-0.18919489,0.047032576,0.043628953,0.17951365,-0.0063399435,0.012175006,0.008217662,0.054386616,-0.008265943,-0.028913703,0.0016724746,-0.028487002,-0.011986376,-0.011516636,0.070278145,-0.11783227,-0.07317027,0.046872154,0.0054982016,0.0014678916,-0.13654363,-0.043678023,-0.017639574,-0.08513118,0.013247101,-0.013581999,-2.4259377,-1.7494633,-0.103322685,0.0015826152,0.0027123743,-0.07393434,-0.1361392,-0.0020931733,-0.009860355,-0.019258833,-0.005652734,0.0040603885,-0.013839645,0.012763593,-0.0032871934,0.005378046,0.001877814,0.00035647445,-0.010682857
0.002668507,0.029899407,0.024587046,-0.02340483,-0.05346751,-0.06633235,0.03146534,-0.015279404,0.006738404,-0.04075345,-0.0022589173,-0.0053641587,-0.028990773,-0.043837022,0.041468482,0.031881254,-0.120447226,-0.51274365,0.053070206,-0.0077737537,0.002692572,-0.03524548,-0.1096895,-0.0004962761,-0.02594231,-0.05295206,-0.07858849,-0.027115386,-2.3703637,-1.6830254,-0.0121674435,-0.023785606,0.009369142,0.0070579224,-0.006989499,-0.0013358183,-0.009536466,-0.019386804,0.100266404,0.0052777943,-0.016069725,0.009331327,-0.0032236075,0.005023587,0.0041989875,2.8464712e-05,-0.006984776
-0.011690115,0.02026183,0.031945232,-0.076661356,-0.08391455,-0.044022076,-0.082321145,-0.02113746,-0.019011434,-0.06435143,-0.0725233,-0.023932332,-0.0014741345,-0.04135753,-0.019211888,-0.025219796,-0.08594057,0.07607853,0.020453183,-0.04808468,-0.07733865,0.0019469305,-0.16021192,0.03683002,-0.01663997,-0.089402065,-0.15349956,-0.16036883,-2.3570783,-1.6576176,-0.16055286,-0.028408406,-0.0076983883,-0.07753638,0.0029106727,-0.0033314289,-0.019695304,-0.018522518,-0.0064167688,0.0030963072,-0.012365569,0.0066279005,-0.0006928153,0.0031068274,4.9156664e-05,-0.0010387291,-0.00924787
-0.08204751,0.018592848,0.10852573,-0.046544097,0.089813106,0.19736439,-0.12823358,-0.018001365,0.009129331,0.054508597,-0.0024533537,0.022876587,0.004261331,0.014558473,-0.010327223,0.039169032,-0.013475447,0.050472297,0.049162976,0.037193876,0.012555874,0.004264698,-0.102294266,0.11681933,0.013489816,-0.1056723,-0.0006352632,0.3717221,1.3820415,0.9508818,0.27993727,-0.06374082,0.0062011867,0.10031199,0.002242837,-0.000995439,-0.0060766595,0.03210771,-0.0047439816,0.010510832,-0.006529162,0.023021145,0.009572914,0.006986284,0.0071177557,-0.00024195624,-0.012344272
0.034707833,0.011204524,0.038509805,0.05020746,0.05318083,-0.04416339,0.034238603,-0.0050974204,-0.01664794,0.044045053,-0.004656861,-0.003454414,0.0014232784,-0.038512133,-0.0031172503,0.002130544,0.06488429,0.12817717,0.015237416,0.017827611,0.004287682,0.00220518,-0.11680956,0.072510056,-0.011164157,-0.11615174,-0.026124075,-0.15091945,-2.5372028,-1.8355724,-0.16573158,-0.064343385,-0.0020986837,0.020554215,-0.0008708839,-0.0010918733,-0.016406158,-0.017592607,-0.00668046,0.0053154477,-0.0125041045,-0.39543468,0.0005194701,0.0043956307,0.0030460183,3.5691723e-05,-0.011510365
0.018430596,-0.01914528,-0.029798077,0.041138098,-0.09092204,-0.20698191,0.033583414,-0.009875403,-0.020649582,0.027388027,-0.005735759,-0.03612634,-0.009442114,-0.03153102,-0.020094538,-0.07921631,-0.2698825,-0.5441802,-0.018182399,0.018717363,0.0005561095,0.0021459325,-0.06245494,0.01160325,0.024676554,-0.035747867,-0.18758173,-0.16398384,-2.240633,-1.5805068,-0.13743782,-0.04874872,-0.004851745,-0.074159004,0.007681254,-0.00073579495,-0.013314409,-0.025651248,-0.0047798147,0.003584676,-0.014724768,0.013730413,-0.043895897,0.005543061,0.0018484195,-3.9119674e-05,-0.010331254
0.0064389985,-0.068123214,-0.03088458,-0.030485744,-0.06178536,0.11487343,0.062168162,-0.0050419727,0.0022492188,0.0077336514,-0.004496169,-0.012803328,0.014008987,-0.011356519,0.006474073,-0.08138232,0.09260842,-0.09684344,0.00062701164,0.008345196,0.0011863364,0.0038130328,0.07707571,-0.010537828,0.024412064,0.021121142,-0.14726202,-0.52457905,-2.2940068,-1.6574088,-0.4817403,-0.012922577,0.0029283438,0.008837541,0.008992991,-0.0013757581,-0.01214577,-0.029726366,-0.00500232,0.0017727638,-0.017735396,0.014269948,-0.04177278,0.0051555475,0.006840341,0.00045853195,-0.010725564
0.010712006,-0.09177074,-0.18912049,0.04332917,-0.07656369,-0.09161072,-0.033699594,-0.020400396,0.029240424,-0.025937174,-0.0047388296,-0.033352144,-0.022814479,-0.039519057,-0.046585947,-0.09003902,-0.22360277,-0.53739464,-0.09023627,-0.031540994,-0.047798563,0.0015917508,-0.12281387,-0.0081210835,0.015482112,-0.05752651,-0.12948444,-0.003146696,-2.274876,-1.5997535,-0.06385654,-0.008619203,0.0017067925,-0.081226535,-0.08936424,-0.00055161887,-0.008210562,-0.022013478,-0.004630415,0.0019142181,-0.015843187,0.0089928415,-0.0004884106,0.0036909045,-0.0007293227,-0.0062318174,-0.008929986
0.027637461,5.9966358e-05,0.052275147,-0.058493715,0.031123256,0.14444275,0.0050679273,-0.008525642,-0.046320904,-0.0024951003,0.01289484,0.020074274,0.023070144,0.102426186,0.010132174,0.040633217,-0.09673022,-0.085054986,0.017485507,-0.018344875,0.0056683663,0.0022423952,-0.12225986,-0.22987667,0.033298973,-0.116003044,-0.36676046,0.25171953,-2.4007752,-1.7723925,0.13891362,-0.031100174,-0.005174313,-0.05958429,0.0022617108,-0.0027293495,-0.019477483,-0.011956956,-0.005438403,0.007140537,-0.011399952,0.008910414,0.0015047004,0.0030360592,0.0038284222,-0.0002203693,0.017124811
0.01514022,0.0103205675,-0.0038863737,-0.041383002,-0.0065961946,-0.0328132,0.013233126,-0.0035757283,0.018894989,0.042620372,-0.00565404,0.026711257,0.006958614,-0.041112643,0.03398518,0.032564197,-0.03716062,0.10647219,-0.00059338065,0.042655867,0.0030130516,0.001315809,-0.15117793,-0.25021,-0.016313137,-0.06363751,-0.000107598324,-0.02336043,-2.3712888,-1.6680416,-0.07663673,-0.059196223,-0.0011581912,-0.060323402,-0.006877299,0.00045749033,-0.014183737,-0.017739145,-0.006473534,0.0061064726,-0.0114386575,-0.31720534,-0.0019825492,0.004547916,0.001972108,-1.8811954e-05,-0.01126396
0.05972942,0.05208886,0.10828778,-0.09786978,0.089313395,-0.053938735,0.050299384,0.013925397,-0.077057905,0.023207514,-0.0020690828,0.054508064,0.04405524,0.011251975,0.012853363,0.032552864,0.08563232,0.21706922,0.046888813,0.0100825755,0.010334354,0.0040424285,-0.07211459,0.0413759,-0.031429194,-0.013100575,0.69103104,0.071884856,1.5129044,1.0594335,0.119428016,-0.02601963,-0.029375684,-0.0824164,0.006944067,-0.0017999363,-0.0007086443,-0.012327646,-0.0054880106,0.008812164,-0.013129678,0.023117477,0.0042007123,0.010342547,-0.14051701,-0.00021763642,-0.009967714
-0.046567157,0.028632265,0.047880374,-0.09376171,0.009628819,0.13276055,-0.052550882,-0.03353736,0.02892394,-0.08270919,-0.0030922303,0.04169586,0.0011172439,-0.031489536,0.0061538913,-0.010863082,-0.11782562,0.06931024,0.035887133,-0.036496833,0.0034092043,0.002084969,-0.12616596,0.030425629,-0.0021471374,-0.07428824,0.0024834168,-0.037041474,-2.4820943,-1.7666817,-0.122353435,-0.030360304,-0.0023456006,-0.08287847,-0.18285498,-0.0026564435,-0.012078132,-0.015664132,-0.0068050358,0.00752053,-0.0134249,0.010842717,0.002583515,0.005069525,0.0024559745,-0.00074040954,0.035450354
0.018529415,0.012647444,0.042734053,-0.030156175,0.027084999,-0.02854852,0.025800053,-0.004724224,0.028366022,0.02718777,-0.002092519,0.037479755,0.023610644,0.13520713,-0.021121811,0.038556226,-0.025310729,0.10960972,0.024261408,0.024496159,0.003244077,0.0017033988,-0.068836875,-0.053869996,-0.0316735,-0.03419408,-0.23454931,-0.45260388,-2.178896,-1.5713457,-0.37504718,-0.013779417,-0.004185323,-0.057558745,-0.10441258,-0.0019012726,-0.019990984,-0.01713996,-0.0060651316,0.003797768,-0.01959221,-0.23603165,-0.0009265204,0.005425123,0.004016277,-9.095876e-05,-0.0081717
0.003697936,-0.02831874,-0.11631552,0.0064618136,-0.0673648,-0.01204243,0.054570165,-0.07036505,-0.07838566,-0.020860229,-0.001596133,-0.026494764,-0.05643545,-0.0801434,0.02687862,-0.084050305,0.05277852,0.11750083,-0.050811402,-0.006714014,-0.05804665,0.0020642232,0.03545959,0.0032218783,0.026050178,0.04324856,-0.2093261,-0.34869495,-2.2723222,-1.6309763,-0.31222486,0.0046585747,-0.024677744,-0.06912427,0.010603265,-0.0012491693,-0.014794281,-0.025381273,-0.007520479,0.0004832908,-0.015297056,0.011263543,-0.028635448,0.005365551,0.0040404643,0.00012905333,-0.009225185
0.021488016,0.017567523,-0.03095091,-0.039123237,0.039315745,0.14365262,0.045100715,-0.0265941,0.008124293,0.07090341,-0.0049275304,-0.0033528004,0.004402993,-0.037504986,0.01353053,0.013338875,-0.022356458,0.022653922,0.0031376728,0.05852199,0.008455901,0.0018517068,-0.09809899,0.0060486994,-0.005461548,-0.048074555,-0.10144328,-0.035255525,-2.579662,-1.8772455,-0.016498236,-0.06426938,0.005048689,0.011775111,-0.009994496,-0.0032168562,-0.017551837,-0.010733673,-0.004812502,0.0066435626,-0.013223884,0.01394027,-0.049312368,0.006124895,0.007283678,0.00029821982,-0.011965204
-0.0008205702,0.0023477178,-0.06090482,-0.062302254,0.050496254,0.14103502,0.05075034,-0.018442104,-0.007217248,-0.010092868,-0.0014147257,0.049146198,0.030265402,0.14428985,-0.020274619,0.05410425,-0.05819404,-0.14811565,-0.014555764,0.014031199,0.0059438837,0.0017409744,0.056884732,-0.032321423,-0.035556097,-0.0067248223,-0.22604252,-0.26134485,-2.3360739,-1.7121295,-0.2411721,-0.027009474,0.0021531633,0.03460556,0.010971763,-0.0032107946,0.060208414,-0.01866284,-0.0051317783,0.006736724,-0.01902597,0.011789075,-0.0051712245,0.0066639506,0.0088530015,-9.024778e-05,-0.007210992
0.004145791,-0.009266875,0.013034326,0.09237047,-0.09950528,0.22432218,0.019965384,0.014757712,0.029442808,-0.013530545,-0.0015337896,-0.038336962,-0.05594727,-0.02200093,0.055542033,0.021551594,0.037743185,-0.19209348,-0.013492804,0.00796006,0.008392276,0.0031688383,0.11768042,-0.5164431,0.116243295,0.06524943,-0.07341831,-0.0638061,1.0985053,0.7526918,-0.03525789,-0.14695548,0.01129281,-0.14456233,0.011771257,-0.010585187,-0.011492134,-0.01290364,-0.0052545164,0.0056236656,-0.0127106365,0.027716504,-0.0017901745,0.012935177,0.007792827,-0.028243791,-0.010082856
-0.016136633,-0.017613413,-0.14170066,0.0043195435,-0.05611047,-0.17851639,-0.00802485,-0.045268107,-0.06174701,-0.009888109,-0.0026270295,-0.039752368,-0.038592074,-0.06436508,-0.001332712,-0.06542556,-0.26067257,-0.5104832,-0.084170565,-0.007403066,-0.049033135,0.0013563369,-0.068052545,0.037640765,-0.020588808,-0.022582313,0.023796178,-0.1725387,-2.1663034,-1.5737914,-0.13549449,-0.013460613,0.00494263,-0.06368298,-0.010377899,-0.0013910454,-0.008407664,-0.022484355,-0.005580095,-0.00035430625,0.086993046,0.009258154,-0.004659938,0.003904973,0.0013797147,-6.0730163e-05,-0.007070199
-0.011240258,0.021012403,-0.031641107,0.006388754,0.046965573,-0.10806825,0.00041335798,0.012032049,0.009581754,0.009979743,-0.002443728,-0.005918132,-0.0005933434,-0.041638713,0.018864568,0.04707004,0.011067029,-0.49501818,-0.041024487,-0.0021496287,-0.00023369571,0.0017624209,-0.08601459,-0.030430995,0.02294386,-0.049275097,-0.09765836,-0.036427587,-2.4880946,-1.7894294,-0.023551535,-0.014679893,0.007567869,0.012641326,-0.0119305495,-0.0011025522,-0.010303155,0.06249304,-0.005509639,0.0042183753,-0.01540136,0.009411636,-0.004939107,0.0052614193,0.004617898,0.00012646658,-0.0071379216
-0.1305627,0.02325856,0.092663676,0.105539545,0.123032786,-0.091552906,0.048833694,-0.018475313,-0.05937684,0.02695986,-0.0026276107,-0.04843235,0.01308366,-0.023131827,0.008198683,0.03798117,0.10604874,0.17672308,0.05517321,0.027057638,0.0028762098,0.0050796308,-0.15344313,0.048209906,-0.080131665,-0.06530178,0.0279425,0.42121047,1.3314606,0.88459456,0.26851803,-0.04183824,-0.009939387,-0.08776116,0.02164055,-0.021614043,-0.005811276,-0.014590194,-0.0043438557,0.0063807997,-0.007372008,0.023580287,0.0073925355,-0.20094629,0.005277511,-0.00063776487,-0.015039762
0.030851912,-0.011648216,0.13265342,0.08196923,0.045761596,-0.04684071,0.05619315,-0.10177162,-0.019268472,-0.0007707048,-0.0005843705,-0.05126456,0.022599269,-0.045371417,0.084956266,0.045790482,0.027216742,-0.60853916,0.11483349,0.025143854,0.0057561947,0.0041627353,0.07082163,0.08912453,0.029942447,0.03553602,0.08993489,-0.018425861,1.550615,1.0875391,0.016252046,-0.082274094,0.025993966,0.14042005,0.00031721737,-0.0009707846,-0.0049797692,-0.016298404,-0.005301593,0.0072789765,0.06396942,0.032361433,0.0023990455,0.009250534,0.0080571715,0.0006579432,-0.0077925776
0.0027405913,-0.025326885,-0.17176053,0.020456519,-0.054803487,-0.2352333,-0.01086777,-0.10962906,-0.04322356,-0.025691643,-0.0013655794,-0.015338547,0.061570372,-0.076500215,0.039828926,-0.09527442,-0.34616438,-0.6377854,-0.0720534,8.3339684e-05,0.00445539,-0.07329295,0.07300191,-0.0024185095,0.06023001,0.039950985,-0.1047068,-0.021190463,2.2165153,1.6660436,-0.02248331,0.0041484092,-0.046627942,-0.07679475,0.0041788993,-0.0020846014,-0.009295354,0.075942464,-0.005274816,0.0023856976,-0.009894792,0.025786554,-0.0021050875,0.009815226,0.0039449157,0.0006655758,-0.0067023723
0.031854622,0.03607634,0.07036574,-0.02451804,-0.11356061,-0.1193309,-0.16957772,-0.0051602134,0.0075579286,-0.015016652,-0.0028987734,-0.0234953,0.012046239,-0.011771503,-0.028062634,0.054807253,-0.030255495,0.10967441,0.0607436,-0.01660015,0.005715316,0.0028929173,-0.109402455,-0.39270946,-0.02748965,-0.11171679,-0.068395145,0.4352875,1.1354812,0.83683807,0.27271277,0.0032473668,-0.0009574771,-0.09250063,-0.09366046,-0.00230159,-0.039467797,-0.015949637,-0.005529012,0.009742875,-0.009213149,0.017749539,0.00610899,0.006989618,0.0005819772,-0.0008362377,-0.014194104
-0.00083171827,0.0019468337,0.04964556,0.039615266,0.023841321,-0.06437529,-0.009667577,0.085304156,0.024287885,0.012259673,-0.00092959625,0.0053372495,0.044991527,0.110735975,-0.03452694,0.0066572423,0.06680896,0.12481025,0.03379876,0.00060506945,0.006105893,0.0031949577,0.19232678,-0.08022356,-0.048578348,0.10662655,-0.3434273,-0.026987284,-2.4414902,-1.7909306,-0.019924747,-0.0053217225,-0.0004071982,-0.0836125,-0.2392619,-0.0007970209,-0.016413346,-0.010565883,-0.00444961,-0.14466609,-0.013996068,0.012730525,-0.0011251075,0.0073915445,0.0065527223,0.0009217415,-0.0087276995
-0.010123493,0.024174303,-0.044362377,0.056908023,0.034429375,0.17985813,0.029671395,-0.0043454194,0.0060536573,0.028259126,-0.0009666854,-0.029019168,-0.06478797,-0.052736394,0.030007357,0.06541354,0.062982604,0.09793137,0.01765906,0.025232546,0.004918611,0.002438075,0.31568795,-0.073918566,-0.044226736,0.21559751,-0.34657046,-0.016327588,-2.4249978,-1.7750775,-0.051050104,-0.12090959,0.0039141173,-0.09631945,-0.17267819,-0.0024558043,-0.01618939,-0.010326793,-0.0046430496,0.005196137,-0.01060472,0.010652619,-0.0021851389,0.006256295,0.00486956,0.0010007555,0.015179346
-0.019469855,0.0026710099,-0.13732453,-0.012226696,-0.063026205,-0.04437865,-0.016821945,-0.059249036,-0.056128245,-0.016354881,0.02463796,-0.036597818,-0.028361695,-0.065229565,-0.010817037,-0.07787657,0.006930366,-0.50411296,-0.0893789,-0.0033834048,0.0047253463,-0.02843958,-0.055104055,0.009120209,-0.038386956,-0.026828587,-0.09795405,-0.23921242,-2.137782,-1.5245278,-0.22006352,-0.02135643,-0.04179359,-0.06017416,-0.0045242407,-0.0017882854,0.020641416,-0.030492138,-0.008366734,0.0005041516,-0.017179927,0.0125555815,-0.0071872096,0.004959183,0.0029669325,6.143456e-05,-0.009725304
0.022666484,0.010558784,0.0061522597,-0.076397404,-0.05645484,-0.008806101,0.03663116,0.050042033,-0.015885416,-0.04939641,-0.0073551014,-0.009920015,0.003646985,0.016660506,-0.035186462,-0.07651102,-0.080817714,0.0957499,0.02188623,-0.027135298,0.004262842,0.0015079716,-0.15078013,0.0063509652,-0.043838676,-0.06313058,-0.14735055,-0.18555067,-2.4472325,-1.7178041,-0.18214545,-0.05628396,-0.00080333883,-0.08248476,0.0030554256,-0.0031674346,-0.015376412,-0.014244304,-0.006410475,0.007373853,0.05568862,0.01152594,-0.0013170469,0.0049910806,0.0023462693,-0.0006838002,-0.010316484
0.011584832,0.0010856566,0.07917688,-0.05222282,-0.009955933,-0.055748723,0.042420078,-0.000570032,-0.008371771,0.0053770985,-0.0027939512,-0.036112435,-0.012262026,-0.023807604,0.035816237,-0.0048596053,0.04780851,0.08834798,0.03748834,0.0019776085,0.004633319,0.0029522257,-0.08064482,0.0076571964,-0.024003161,-0.05396351,-0.31876597,-0.50519633,-2.2649732,-1.6152196,-0.4700155,-0.035854224,-0.0036281007,-0.004471304,0.0033065192,-0.0014474323,-0.019763438,-0.020362195,-0.0057397434,0.0033712904,-0.023515735,0.012848679,-0.0023185129,0.00468452,0.007856114,-5.9541926e-05,0.03471288
0.026671173,0.0022216213,-0.06104146,-0.052425615,-0.017384615,0.10118072,0.054278195,0.046497703,-0.007986272,0.03973008,-0.0011103532,0.034282915,0.02608293,0.14717004,-0.007622688,0.053526625,-0.043382175,0.07730294,0.007535467,0.0030831306,0.003705246,0.0027284652,0.046660602,-0.010555094,0.031127276,0.008982277,-0.30513152,-0.288315,-2.3776453,-1.7404829,-0.2524282,-0.041588355,0.00015013812,0.016863517,0.013595004,-0.0029731118,0.057065863,-0.019678807,-0.0045949463,0.0070752245,-0.018194266,0.013266982,-0.0022817098,0.0065851607,0.010789722,0.00015507816,-0.008012195
0.034847446,0.024411319,-0.07519816,-0.034470238,-0.01959691,0.14239548,0.015560124,-0.021762326,0.008497588,-0.15517332,-0.0026841257,0.039699323,0.011101176,-0.03749836,0.026290294,0.07166346,0.08433374,-0.37936687,-0.0076175844,-0.13319705,-0.0018497027,-0.03921399,-0.09724176,0.04528124,-0.02921678,-0.047030676,-0.17455713,-0.3116061,-2.2159252,-1.5704647,-0.25538656,-0.021119747,0.0035216014,0.026403038,0.0017052691,-0.0010749131,-0.01208401,-0.021041999,-0.005944118,0.004124864,-0.022590006,0.012528142,-0.0049111377,0.0058792094,0.0053718495,-9.515973e-05,0.03980589
-0.0032677199,0.0228994,-0.08836588,0.10995777,-0.041546714,0.26271906,-0.015065418,-0.0016619972,0.016576177,0.0032412987,-0.0006281004,-0.05450104,-0.050569374,0.011869102,0.0003080205,0.035009842,0.09522713,0.09844478,-0.0709169,0.018849721,0.011177858,0.0062733237,0.35339937,0.019530503,0.13558717,0.27014786,-0.047902152,-0.041438885,1.412316,1.0014365,-0.01611017,-0.0060028895,0.010210967,0.026716948,0.03460209,-0.0034855267,-0.012529867,-0.009342748,-0.004052665,0.005985981,-0.010430471,0.023258677,0.0014246535,0.01278542,0.0150188515,0.0011158286,-0.010597767
0.0332596,0.012875559,0.026628941,-0.08910601,-0.010748326,-0.042648554,-0.04365318,-0.00035618953,-0.018629609,-0.1327095,-0.0013475786,0.021914031,0.003851769,-0.008349034,0.023259202,0.023299513,-0.06178267,0.10413747,0.027987255,-0.10652644,0.0075488216,-0.03439265,0.030974846,-0.23203927,-0.037136044,0.01451527,0.0747327,-0.094065644,-2.3640451,-1.6945649,-0.07179844,-0.037273847,-0.027970841,-0.0897081,0.01451938,-0.005186483,-0.016957354,0.09701066,-0.0047142273,0.0067267637,-0.01052331,0.011758225,-0.0020131613,0.0059964927,0.003005923,-1.9557276e-06,-0.0075096996
0.0011147287,-0.081109375,-0.14453372,-0.03515191,-0.07477905,-0.15952426,0.013603069,0.007496593,-0.072024025,-0.018578107,-0.003904161,-0.02486041,-0.011227964,-0.037896644,-0.026857309,-0.09512979,-0.23873071,-0.53746253,-0.09819325,-0.021050338,-0.055721078,0.0017136752,-0.098868854,0.03364935,-0.0013293623,-0.056988884,-0.130468,-0.005765499,-2.2779293,-1.6028339,-0.044902872,-0.006653618,-0.018113304,-0.08312695,-0.00015372517,-0.00095055613,-0.008773842,-0.018071683,-0.004855468,0.0015231199,-0.013866283,0.010216105,-0.002844826,0.003788696,0.00011981613,-0.005406274,-0.008198404
-0.013031374,-0.04485165,0.052709635,-0.026284616,0.08218986,-0.12082236,-0.030593496,-0.016056301,-0.09400297,0.0129056275,-0.0024586753,-0.034461662,-0.11350347,0.0050295945,-0.10805457,-0.012820917,-0.23132336,-0.6750404,0.09743824,0.0036037317,0.0030644676,0.002472225,-0.06234988,0.031886518,-0.025179502,-0.041254696,-0.16412665,-0.024361659,1.385617,1.0114843,0.023258582,0.011650046,-0.050679628,-0.1305676,0.004120909,0.00024828114,-0.0080875615,-0.020160956,-0.0061865104,0.0069155367,-0.017240452,0.025054237,0.0030546186,0.007819105,-0.06673162,-0.0006074518,-0.012787655
-0.007119222,-0.038429126,0.023178248,-0.040361714,-0.11697369,-0.018433888,0.020520492,-0.096840076,0.015415223,0.039509553,-0.0044244304,-0.064291716,-0.07145344,-0.08794468,0.012965643,-0.097889476,-0.0147148315,0.1187272,-0.009712064,0.022991417,0.0032490937,0.005588728,0.116076894,-0.26572302,0.013287276,0.05277075,-0.25701857,0.34118247,2.1343203,1.5488954,0.30566886,-0.037680615,-0.02283496,-0.099223405,0.031253695,-0.0013214798,-0.015642943,-0.020775191,-0.005020408,0.008090227,-0.0060658935,-0.57759446,0.003214572,0.006694301,0.0038568557,0.00047449517,-0.010676876
0.0007486372,0.019372297,-0.024514021,0.008580253,-0.003986334,-0.20720361,-0.033726543,-0.056496155,0.014260968,-0.0017464149,-0.0027798181,0.040614158,-0.03389541,-0.0524661,0.02039068,0.03230468,-0.2053882,-0.4993019,-0.031508125,-0.0025476648,-0.0008034639,0.0015836542,-0.071349666,0.015155295,-0.018012239,-0.05470462,-0.07876841,-0.042210504,-2.411785,-1.7073658,-0.008610078,-0.02359563,0.007388995,0.03344408,-0.009279855,-0.0016197549,-0.008597523,-0.014168601,-0.0043652523,0.0039413855,-0.014676354,0.008247958,-0.00064117543,0.0049263104,0.0046108244,-0.0067659747,-0.007660029
0.026013132,-0.015229281,0.0009789834,0.1055973,0.038328327,0.16205524,0.0684697,-0.010830412,0.029243225,0.054543428,-0.0013943881,0.03363254,-0.0052264286,0.04051439,0.0029768997,0.046370607,0.067237265,-0.1699181,-0.035861287,0.03438358,0.0067087,0.005724072,0.22112668,0.028442036,-0.012790512,0.16568546,-0.10638013,-0.021067234,1.3483562,0.944687,-0.014470413,-0.00073943,0.017419722,0.1211039,0.04508436,-0.00079077156,-0.012655251,-0.012695662,-0.0042626867,0.009387021,-0.012758524,0.025883315,-0.15727071,0.012444476,0.0160232,0.00036754087,-0.00995838
0.006109786,0.053144895,0.03537914,-0.029932758,-0.028131397,-0.106170356,-0.005165888,0.004419049,0.041859116,0.0075882124,-0.0024012562,0.011339852,0.028016599,-0.016364016,0.008057874,0.04936295,-0.13670622,-0.48383713,0.06575544,0.00640447,0.0038053554,0.0019633858,-0.07715909,0.04164029,-0.018430809,-0.044820786,-0.046261933,-0.031184547,-2.4296796,-1.7366577,-0.010302859,-0.025448812,0.009045937,0.032322723,-0.009174256,-0.0012619506,-0.008877731,-0.01524415,-0.0044598016,0.004574443,-0.01606345,0.011432586,-0.0027071054,0.005059665,-0.08143503,2.8108036e-05,-0.0068441196
-0.013366,-0.027132915,-0.16603862,-0.021373812,-0.054399304,-0.18111372,0.029534644,-0.063127846,-0.02890346,-0.011440705,-0.0026459345,-0.042356327,-0.005857343,-0.06279037,-0.0017582322,-0.06854695,-0.29932645,-0.586467,-0.09536105,-0.017174589,-0.053584073,0.0015648897,-0.11053483,0.0349583,-0.018878946,-0.09372764,-0.007417222,-0.021768577,-2.2882576,-1.603688,-0.0014983333,-0.0030666164,0.0033125668,0.055455785,-0.006682557,-0.001657289,-0.0061084973,-0.015426591,-0.0046060225,0.0012850614,-0.011636592,0.0103221005,-0.0039145467,0.004205306,0.0022321094,-0.00012635849,0.030619197
-0.027410751,0.017994333,0.033002283,-0.025348809,-0.053409558,-0.031065961,-0.057838127,0.007389401,-0.0515805,0.033769432,-0.07915764,-0.032229107,-0.07032454,-0.033764735,0.0016272744,0.0014733413,-0.017329011,0.09166021,0.0345642,0.02848603,0.010267016,0.0021209626,-0.14227921,0.056598842,-0.01728136,-0.07336867,0.23680416,-0.13265225,-2.490859,-1.8219876,-0.21044043,-0.028392605,-0.015955025,-0.06294027,-0.015605089,-0.0026301527,-0.01517047,-0.014785533,-0.0066587157,0.0034877884,-0.011460989,0.008921164,-0.074239194,0.0048470567,0.0019003829,0.0004221166,-0.0079588145
0.015436549,-0.03167517,0.0071114316,0.0020751462,-0.061072446,-0.2309605,-0.016156895,-0.006527812,-0.0784354,-0.010423386,-0.0026456977,-0.04093898,-0.007752631,-0.00018319828,0.0013155487,-0.096296206,-0.32021618,-0.5811496,-0.006484401,-0.025009176,-0.046705432,0.0018390052,-0.06599971,-0.14446,-0.013360414,-0.055347327,-0.21874645,0.23650612,-2.30672,-1.6232419,0.18068404,-0.039925743,-0.0126114385,-0.08255813,-0.002576858,-0.00016357406,-0.0078204535,-0.015940031,-0.0044612605,0.003146356,-0.01156164,0.01080013,-0.0009855359,0.0032422086,0.00026324514,-0.00013820313,0.040846083
-0.006412621,-0.10755188,-0.17538242,0.01796104,-0.00642464,0.19443108,0.015547436,0.0011099833,0.019516643,0.022615895,-0.0012431913,-0.025942462,0.008723922,-0.055921245,-0.014173381,0.02261286,0.082479134,-0.6006667,-0.089245014,0.016982758,0.00526833,0.0057418887,0.27996868,0.08507517,-0.037990555,0.15842754,-0.047961917,0.03734857,2.1675665,1.643415,-0.011485493,-0.11496604,0.013437899,-0.06490612,0.015510653,0.006928221,-0.0058440305,-0.012217246,-0.0046433145,0.0067506675,-0.011377267,0.030108135,-0.003393263,0.010716015,-0.11578985,0.0011559774,-0.00644652
0.01905334,0.027061228,0.0078031537,0.024748774,0.013777606,-0.041693494,-0.03906946,-0.01571444,-0.002101589,-0.062608466,-0.004758308,0.016418856,0.0159262,0.006310656,-0.007610948,-0.0069587408,0.053252716,0.12410288,0.027675595,-0.04036779,0.0043332004,0.001996899,-0.11158728,0.0714106,-0.01378113,-0.057909552,0.27290317,-0.20198861,-2.6093616,-1.9134871,-0.22891003,-0.07313916,0.00064353563,-0.06532532,-0.13704996,-0.0012068485,-0.008237933,0.12435056,-0.0061497306,0.007667503,-0.011490066,0.009398521,0.0015720777,0.0057525104,0.0010914,-0.0009189174,-0.0072482396
0.03111844,0.00070783665,0.07805976,-0.0013340962,0.007566274,-0.027673114,-0.040812556,-0.014482513,-0.031319097,-0.04191113,-0.0027295544,0.027663393,0.021834448,-0.008910213,0.005397146,0.047188666,0.016447203,0.041839473,0.045956686,-0.027183268,-0.1063592,0.0021415758,-0.15457784,-0.2922105,0.02637122,-0.1261114,-0.38820037,0.2029351,-2.437702,-1.7359031,0.1710768,-0.05079054,-0.008276879,-0.010429388,-0.016550539,-0.0012999361,0.01752707,-0.011950288,-0.0054597473,0.0071942476,-0.013373402,0.0080339415,0.0006168647,0.0037031916,0.0040410366,-0.00020154245,-0.009807694
0.022000575,-0.08263248,-0.011346415,0.004607191,0.04406662,-0.22129512,-0.042788435,-0.002516338,-0.028602267,-0.022171052,-0.0021258048,-0.050320964,-0.02174471,-0.001810975,-0.0058277827,-0.0051085087,-0.30403438,-0.57900417,-0.013598354,-0.01755563,-0.055199128,0.0019974683,-0.1295808,0.008889907,0.007515282,-0.078315966,-0.22473952,0.24552317,-2.3525963,-1.6386578,0.18999395,-0.025645057,-0.0077033523,-0.08346081,0.006526537,-0.00034653005,-0.009611261,-0.013644318,-0.0047931555,0.004414005,-0.013143337,0.008917622,-0.07196615,0.0024767278,0.0005247676,9.601019e-05,-0.008243737
-0.0953072,0.017752117,-0.007154142,-0.004885157,-0.010997923,-0.04265197,-0.110597335,0.021469533,-0.026809145,0.025345653,-0.0020441718,-0.07842207,-0.054403495,0.004823123,-0.0010577595,0.060306244,0.0024935324,0.09604012,-0.002309816,0.016436435,0.0061307237,0.004278733,-0.13647044,0.06825312,0.006637397,-0.12321302,0.06744739,0.33529013,2.2056289,1.6727718,0.2342582,-0.028875021,-0.0018400167,-0.058499515,0.0060177054,-0.0012361682,-0.014754389,-0.009979983,-0.005107406,-0.1650862,-0.007315935,0.020393183,0.0059371614,0.007298724,0.0013807535,0.0004279059,-0.009089644
-0.0007878474,-0.020897346,-0.1517831,0.006811675,-0.10799865,0.17004749,0.0306873,0.00405945,-0.0010485513,0.025835201,-0.005147928,-0.02711645,0.02447615,-0.03656061,-0.057027638,-0.09716466,0.09006549,-0.13401219,-0.0900197,0.019775968,0.005765636,0.0020887044,-0.16529475,0.023051336,-0.025629124,-0.09302295,-0.23918724,-0.052896746,-2.3648286,-1.681514,-0.015471796,0.004403658,0.011794831,-0.081996724,-0.08670671,-0.00057353365,-0.011624204,-0.016987527,0.09746788,0.0026492078,-0.016517935,0.013417384,-0.0055736913,0.005746581,0.0018386879,0.00044624248,-0.010088904
0.011183301,-0.07083447,-0.16668127,-0.007879264,-0.073860876,-0.15371616,0.02482463,-0.017156068,0.009043938,-0.025784306,-0.0042046197,-0.043595232,-0.07203357,-0.044676468,-0.058410507,-0.102418065,-0.24690844,-0.48201734,-0.09092423,-0.023682326,-0.042569336,0.001592022,-0.121423125,-0.050552752,-0.017430326,-0.0423057,-0.12401983,-0.018309008,-2.211791,-1.5640922,-0.065158784,-0.04551127,-0.00093988393,-0.08305784,-0.09424066,-0.000887486,0.0018036964,-0.020390838,-0.0057456847,0.0027801846,-0.013882398,0.008957225,-0.0038287542,0.0038847988,-0.00016783396,-0.00014569105,-0.009499541
0.05026234,0.025873734,0.06682479,-0.014043416,-0.13136148,-0.09220532,0.06913393,0.0017252412,0.019689705,0.045165192,-0.00026357645,0.058749907,0.040417008,0.03516653,-0.049283896,0.0073206364,0.05914547,0.13524812,0.006252064,0.012053266,0.012033777,0.003985679,0.03383077,-0.10418372,-0.048607536,0.011680728,0.7382101,0.09132529,1.2403847,0.9346167,0.14327163,-0.04246634,0.007701384,0.18280622,0.031551853,-0.0027941016,-0.00069651526,-0.016755065,-0.004775462,0.00877208,-0.009802743,0.025159413,-0.0010523548,0.012211449,0.012876623,-0.03597127,-0.009036614
-0.09334987,0.004150315,0.03922798,0.020257737,-0.0210424,0.14763074,-0.060232252,-0.015368119,-0.019533917,-0.03769347,-0.0051013343,-0.010488807,-0.0033020368,-0.051656127,-0.01291089,0.006627999,0.05185435,-0.24300827,0.030573098,-0.015849032,0.006168084,0.0021740103,-0.12532327,0.021792904,-0.0038661312,-0.071981005,0.016035533,-0.07126188,-2.4385934,-1.7609049,-0.027035864,-0.03839634,0.006156067,0.041746546,0.004849407,-0.002404097,-0.0126177315,-0.016025623,-0.005899237,0.007703461,-0.014066789,0.013790021,0.00053654826,0.0065493677,0.007406285,-0.00033036756,0.040607084
-0.093757264,-0.012520795,0.061005764,0.05047255,0.0054405676,0.13733473,-0.02509725,-0.022122411,0.011430142,0.020063663,-0.0033851077,3.9349947e-05,-0.076601595,-0.023388064,0.028811453,0.010729191,0.038072374,-0.09005912,0.05403479,0.010101824,0.005390237,0.0021158438,-0.15156384,-0.22373764,-0.041372348,-0.1748472,-0.15784892,0.20152807,-2.392313,-1.7160431,0.14905238,-0.032699626,0.0034148344,-0.07589233,-0.057484757,-0.0014699205,-0.013334959,-0.009664175,-0.005498945,0.003529164,-0.01336072,0.0061556306,-0.060358103,0.0038171515,0.0026091214,4.2425218e-05,-0.009518585
-0.08306015,-0.022530055,-0.14542721,-0.052383807,-0.06921809,0.12824169,0.017644078,-0.03892277,-0.035900958,0.004744093,-0.0034053798,-0.033730276,-0.021753486,-0.050248362,-0.03104085,-0.06913567,0.07373088,-0.43877536,-0.09809426,0.012856378,0.00510994,-0.034921397,-0.051770754,-0.025674189,-0.029026764,-0.006779852,-0.22423552,-0.033923138,-2.2733338,-1.6103432,-0.0025707416,-0.09101367,-0.0070120175,-0.085931204,0.0042110467,-0.0010724954,-0.012385755,-0.020221563,-0.007966735,-0.112935804,-0.014685913,0.012362227,-0.006196885,0.00534043,0.0042164396,0.00015641854,-0.011132327
0.026409918,0.069013186,0.15292974,0.056159664,-0.01303123,-0.11907318,-0.024915919,-0.008999615,-0.10639854,0.024179805,-0.0011086871,0.023354316,0.016798826,-0.02119542,-0.02164829,0.08055785,-0.19221832,-0.49720976,0.11790774,-0.012174858,0.0025950216,0.0020501364,-0.11725255,0.05046297,-0.027543891,-0.07034412,-0.23472703,0.2480068,-2.3850718,-1.6908631,0.20015387,-0.030358613,-0.020373305,-0.072990544,-0.0017083092,-0.00069725397,-0.0061524296,-0.01169732,-0.005154341,0.0063469824,-0.01495977,0.0099070845,0.00079666055,0.003184571,-3.538459e-05,-0.00011245489,-0.008671323
-0.021434199,-0.041775756,-0.18175468,-0.030973354,0.04941214,-0.121630035,-0.067837864,-0.013440796,-0.02636949,-0.02403942,-0.0039237714,-0.0503363,0.03573948,-0.012628167,-0.013917189,0.016290566,0.04111939,-0.49908945,-0.09487677,-0.015721226,-0.04528549,0.0017556162,-0.12526186,-0.034929264,0.019422438,-0.059108667,-0.19245526,0.24228588,-2.2549448,-1.5701487,0.18781364,-0.060032256,-0.008602122,-0.07492628,0.0031573584,-0.0005472265,-0.010560963,-0.016573485,-0.005421126,0.002928166,-0.01382997,-0.24911861,-0.0008589352,0.0030518118,0.00031262287,-3.2187665e-05,-0.006807711
0.0060763904,-0.017101964,-0.01096867,0.04290101,-0.09880792,-0.058810204,0.021401493,-0.014139745,0.01213652,0.045899533,0.06405185,-0.024390934,0.03103412,-0.0071681864,-0.018469188,-0.10492065,0.07181244,0.11177004,-0.01526201,0.02840895,0.00782979,0.0015993866,-0.11905184,0.010666924,-0.013185049,-0.06270653,0.028205696,-0.020995755,-2.4828086,-1.7849214,-0.13498268,-0.07607797,-0.0029396561,-0.06532852,-0.16469593,-0.00013216214,-0.011849559,-0.023320539,-0.006407264,0.003453631,0.045435764,0.012145567,-0.00045466766,0.0049794526,0.0012533667,0.00058883335,-0.010607662
0.022556843,0.031871103,0.066334106,0.06888251,0.019992195,-0.05345174,0.04124245,-0.021677194,-0.00901321,-0.08296166,-0.003260218,0.029591689,0.029078724,-0.027112192,-0.03573463,0.027179502,0.051240757,0.100022875,0.035400733,-0.04709304,-0.10519539,0.0018319244,-0.12513882,-0.010941373,-0.012794558,-0.06393606,0.2273732,-0.20767221,-2.592064,-1.8454883,-0.24871655,-0.056481604,-0.0008547457,0.0123846335,-0.00048496923,-0.0021023236,-0.023899678,-0.018060924,-0.006065818,0.0073107416,-0.011527572,0.007931008,0.00050916104,0.005024309,0.0031755387,-0.00059197855,-0.010402765
0.042644918,0.018488202,-0.003977343,0.009313494,0.051592913,0.13237229,-0.06210276,-0.010973826,-0.037872307,0.008062297,-0.0007718419,-0.018665766,0.035291787,-0.007357937,0.02396962,0.014019251,0.04852042,0.11492467,-0.015941303,0.007354933,0.0062169554,0.008378303,0.17814143,0.03308377,0.029097684,0.11699171,-0.07329376,0.3997381,2.0963376,1.5638764,0.3080192,-0.039297044,-0.0016096459,-0.06262423,0.047957025,-0.010286897,-0.012681162,0.05243457,-0.0040680836,0.013789685,-0.0071057943,0.031246677,0.0074270493,0.009348888,0.0061251856,0.0010996836,-0.009388786
0.007969629,0.05362483,-0.038401544,-0.019634921,0.039458994,-0.11926106,-0.03672985,-0.032772195,-0.039519936,0.012209363,-0.0005127737,0.005007836,0.03242595,-0.031166658,-0.008042171,-0.00494191,-0.21581201,-0.54090834,-0.032081302,0.008056817,0.006580823,0.0036371248,0.20011902,0.06355407,0.04121631,0.0883476,-0.19591804,-0.18733932,-2.3186734,-1.6656606,-0.18946323,-0.05407801,-0.016408142,-0.069894075,0.006154197,-0.0019311304,-0.013841428,-0.018315423,-0.0052951435,0.004827784,-0.016081836,0.011645114,-0.0016220356,0.006193399,0.0046578255,0.000101077625,0.022874419
-0.017957652,0.0057870364,0.04215724,0.054917477,-0.03205885,0.16789867,-0.07167332,-0.01786683,-0.013435052,-0.16044934,-0.0009513642,-0.01925658,0.02950412,-0.042702418,0.0029930014,0.032574713,0.06663252,0.026519554,0.028665768,-0.12475379,0.0072649564,-0.04632322,0.06262133,-0.03309116,-0.012287467,0.017099665,0.37178499,-0.03375887,-2.461541,-1.8277241,-0.0008588641,-0.03219113,0.006234296,-0.00033891748,0.0022808863,-0.0027509218,-0.012740152,-0.014572894,-0.004271142,0.0056027654,-0.013085106,0.014326984,-0.0017356751,0.006666699,0.008960555,0.0009514425,-0.00831856
-0.031005101,-0.06864568,-0.1855255,-0.0038356176,-0.10879061,-0.21297173,0.03524975,-0.052661948,-0.02375056,-0.008741957,0.0115296785,-0.06634481,-0.08607914,-0.07579161,-0.025433028,-0.13765594,-0.34794402,-0.6129241,-0.105457164,-0.0057390532,-0.03331062,0.002139994,0.08567359,0.025705028,-0.0053236866,0.06357145,-0.03876431,0.2636128,-2.1484673,-1.5424345,0.18736576,-0.05440215,-0.010472776,-0.08459246,0.006090943,-0.00045542244,-0.007166071,-0.017216314,-0.004767486,0.00072829064,-0.009439129,-0.26228198,-0.0018248591,0.0033817857,0.0020477814,0.00015104837,-0.006767943
0.030210758,0.020606065,0.08837295,0.08331882,0.07187932,-0.038811784,-0.13681923,-0.01666305,-0.030269437,0.052119624,-0.0010490528,0.05485011,-0.0008322018,0.03410415,0.022721883,0.037034288,0.07352214,0.11303812,0.04018349,0.041226294,0.0036803635,0.0059266263,0.07949252,0.07387832,-0.09073053,0.02583826,-0.27795184,-0.06492062,2.1639209,1.5994649,-0.07826978,-0.06523452,0.002042342,-0.082200296,-0.30803445,-0.0019378309,0.03198518,-0.015562421,-0.004431004,0.010813687,-0.012300553,0.026283586,0.007182029,0.01152661,0.0044593876,0.0008673275,-0.0071757454
0.014079937,0.0075133,0.08119766,-0.06554657,0.042457733,-0.020534659,-0.05365454,0.117186055,0.009053403,0.057604562,-0.0039106137,0.006277427,0.0013927507,0.033633582,-0.0351563,0.006195304,-0.06940399,0.099024355,0.033698898,0.03492058,0.006155453,0.002401131,-0.10518444,0.05326763,0.003593209,-0.0855041,-0.05568841,-0.15882511,-2.5841022,-1.8412148,-0.20972002,-0.0072347815,-0.0024344507,0.031172661,0.015670735,-0.0043260157,0.009948002,-0.01704361,-0.00682678,0.008700286,-0.012241607,0.01670296,0.00040872875,0.0042447424,0.0037145105,-0.00014053649,-0.011216574
0.015865585,-0.07823488,-0.09074062,-0.010005189,-0.061925557,-0.1672882,0.041414995,-0.0047209477,-0.032548983,-0.0191641,-0.0014341213,-0.012003772,-0.024587823,-0.053792503,-0.03594497,-0.11121219,-0.24503061,-0.42541185,-0.0751576,-0.004148625,0.0018598887,-0.028715806,0.07694348,-0.042649608,0.02571211,0.05492477,-0.18305355,-0.2534802,-2.1658363,-1.5247306,-0.20420426,0.0026965637,-0.014362179,-0.065594725,-0.0014406081,-0.0014716572,-0.010500634,-0.0224774,0.08516121,0.0022902759,-0.013573744,0.012238194,-0.0047833254,0.0048552356,0.0025482005,0.00010869714,-0.0071147145
-0.002290625,0.010334882,0.07115698,-0.106230386,0.058881216,-0.14532112,0.09296751,-0.008015992,-0.007116979,0.053095505,-0.0012832875,0.101136826,-0.04598799,0.0720745,-0.019372154,0.05200804,0.04807736,0.12208355,0.0049351044,0.042464525,0.01009313,0.006238693,0.25090814,0.15979306,0.06589509,0.19464158,-0.14160314,-0.014121314,1.400519,1.0233185,-0.037517216,-0.091903895,0.0021535186,0.08225439,0.03495563,1.5919039e-05,-0.012495103,-0.016622834,-0.004952274,-0.17922908,-0.014087699,0.026626771,0.0036652265,0.011988845,0.015602529,0.0008670237,-0.008573273
-0.018550765,-0.018269422,-0.1523957,0.011312733,-0.05117719,-0.21604341,-0.025767365,-0.03950064,-0.059933096,0.020739,0.021357467,-0.043630075,-0.04196473,-0.04660707,-0.02090041,-0.06386504,-0.31515604,-0.64709455,-0.081295334,0.0068169152,0.0048971996,0.0015015778,-0.058203064,0.02152936,-0.025350308,-0.04443701,0.012308064,-0.0053629293,-2.272322,-1.6286316,0.007098197,-0.007136941,0.0022848086,-0.06418501,-0.0071530594,-0.0020922516,-0.007063011,-0.016751777,-0.0045969007,-0.057739906,-0.011949633,0.010254118,-0.004548172,0.0042659706,0.0006654604,0.0001457842,-0.007391481
-0.0065044663,-0.076879546,0.006876545,-0.03982731,-0.016533146,0.156277,0.023044333,-0.029851036,-0.025801495,0.046641633,-0.0028116598,0.021960754,-0.067087755,-0.053321376,0.006810085,-0.048043273,-0.031147951,-0.18566172,0.004810587,0.0061356127,0.007906298,0.0019150263,-0.1149275,-0.06431219,-0.019731095,-0.046363894,-0.08298476,-0.013061028,-2.4515095,-1.8176426,-0.014143791,-0.02448636,0.004536218,0.015722932,0.00054258364,-0.003455205,0.019502968,-0.010493259,-0.005547489,0.0037434287,-0.0122992825,0.009351396,-0.003105633,0.006645669,0.006822595,0.00013040476,-0.007788008
-0.007894408,-0.049824346,-0.018291887,-0.02056526,-0.0010533973,0.11920853,-0.009425076,0.001968091,-0.016178314,-0.015396886,-0.0031984737,-0.04328164,-0.035121016,-0.031060012,-0.029594438,-0.04122492,0.014662571,-0.52359676,-0.024936602,-0.0046294928,0.0010198869,0.0016771229,-0.10393516,-0.18221751,-0.029789025,-0.044849154,-0.20995884,-0.049075868,-2.1870108,-1.5522052,-0.09443968,-0.07603731,-0.027703471,-0.0861207,-0.004120218,-0.0007544123,-0.0136876805,-0.021076564,-0.0069333855,0.0031967268,-0.015791344,-0.32297218,-0.0025621734,0.004000027,0.0011611026,5.970915e-05,-0.010383545
-0.009823344,-0.03444355,-0.19395766,0.036422357,-0.06995095,-0.13501988,0.037963916,0.0027035666,-0.059823625,-0.0023172058,-0.0033191498,-0.030595902,-0.051844154,-0.05727713,-0.018707111,-0.08374851,-0.30853426,-0.621689,-0.10446884,0.0054003354,0.0030178505,0.001376565,-0.06647352,-0.026682984,-0.034432534,-0.031006444,-0.05585606,-0.01843457,-2.2398968,-1.5811306,0.008662747,-0.009890841,-0.009873991,-0.074663654,0.003284532,-0.00069333165,0.0033358154,-0.019868517,-0.005373019,0.0030152008,-0.012168859,0.012317175,-0.0042571886,0.004800513,0.001522254,-1.736329e-05,-0.009357165
-0.0017914698,-0.0040823338,-0.13191666,0.021263123,-0.116481714,-0.042418387,0.06963787,-0.01371427,0.0028910118,0.024483645,-0.0023377468,-0.024157407,0.031244028,-0.025391165,-0.013890218,-0.09763229,0.06176312,0.13882722,-0.07151814,0.024415635,0.00772404,0.0022147861,0.20459743,-0.05908118,0.018380553,0.13259289,-0.37037933,-0.07282906,-2.4826376,-1.7535636,-0.064272285,0.017390879,-0.0015768787,0.022007344,0.0321146,-0.0016316631,-0.012916452,-0.021283899,-0.0055455826,0.0027556978,-0.009862816,0.017141651,-0.003583791,0.005999618,0.010541345,-0.019855592,-0.008511523
-0.005277675,-0.014370221,0.056428537,-0.07453378,0.018086597,-0.0720455,-0.057948615,0.0073002507,-0.026483608,0.008910044,-0.0048852544,-0.032557007,0.00026035882,-0.053332403,-0.0029170816,-0.02794646,0.06275543,0.09863689,0.03566802,-0.0055591753,0.0049856105,0.0022349192,-0.08866221,-0.014466688,0.0067717787,-0.057961594,-0.41988713,-0.23057666,-2.276062,-1.5946057,-0.18935814,-0.0065951594,-0.0011599193,-0.0698111,-0.12550503,-0.0011182312,-0.02443578,-0.019816982,-0.0060752816,0.00087626575,-0.02028489,0.009955782,-0.07600743,0.0062333965,0.0026199557,0.00010868519,-0.009078024
-0.032049116,-0.023300217,0.082692936,-0.0036397206,-0.0018253325,0.13129237,0.009836535,0.0041585984,0.03352557,0.024212554,-0.0031335466,-0.03819076,-0.101084255,-0.0228063,0.003457034,-0.025443466,-0.003748978,-0.16873689,0.05899639,0.01402803,0.0066823526,0.001969331,-0.13724147,-0.2191315,-0.0124698505,-0.13524544,-0.091954015,-0.013541752,-2.391284,-1.7677708,-0.01591794,-0.086990066,0.0046825237,-0.08614682,-0.05433916,-0.0027772186,-0.013487593,-0.010479915,-0.006934304,0.003945266,-0.015069667,0.0075158468,-0.002425175,0.005183151,0.0027784137,7.4001175e-05,0.00023227255
0.025749214,0.019544786,-0.047243457,-0.07222436,0.04309597,-0.031874534,-0.06032979,0.008167454,0.034971055,-0.077846855,-0.0046754684,-0.020661267,-0.011149029,-0.012537433,-0.008218426,0.010738562,-0.060156334,0.071887344,-0.027417595,-0.030890185,-0.080822684,0.0018674709,-0.11753701,0.04082411,-0.008000582,-0.06716208,-0.16957767,-0.16784301,-2.4573123,-1.7437541,-0.18053795,-0.036055613,-0.0027698623,-0.05879409,0.013323069,0.010422392,-0.015339743,-0.019511234,0.11188172,0.008072032,-0.015784541,0.008809685,0.00042353288,0.005357803,0.0020930937,-0.0009911811,-0.009754092
0.00997753,-0.06055841,-0.078250185,0.13655274,-0.03558666,-0.03254108,0.09713043,0.013770228,0.01871879,0.014421353,-0.0016093861,-0.03619513,-0.074664496,0.04439426,0.0018723519,0.035661597,0.09783741,0.14346834,-0.06605294,0.01799501,0.007274502,0.0053982344,0.38940874,-0.100889035,0.16840595,0.28483954,-0.06767281,0.0510591,1.1716866,0.7892912,-0.0028222555,0.022640428,-0.014874001,-0.12187476,0.06608944,-0.0019618636,-0.007902559,-0.012276758,0.07836318,0.010499599,-0.007993131,0.022085777,0.0030465892,0.014132995,0.00839591,0.00065728254,-0.011260908
0.0075361086,0.031372596,0.034728315,0.0557508,-0.014834482,-0.04541454,0.036813986,-0.014866519,-0.015341735,0.034798797,-0.002280318,-0.027595906,-0.029966038,-0.0477192,0.015604612,0.05028436,0.06344687,0.12872912,0.022486316,0.0021802797,0.0049196053,0.002750746,0.028213874,0.08272427,-0.036073014,0.04868857,0.26482528,-0.16197957,-2.5204806,-1.8395518,-0.19201183,-0.017195811,-0.04212127,-0.07106741,-0.002863542,-0.0024176117,-0.0115344785,-0.014351641,-0.004888976,0.0052067623,-0.012030524,0.010289357,-0.0012730969,-0.17227654,0.002350332,0.0009137799,-0.007704792
0.004782287,0.0117370235,-0.19645055,-0.01924442,-0.0653133,-0.16583355,-0.1172343,0.010352704,-0.06022475,0.0129713975,-0.00077127886,-0.029050235,0.040454336,-0.03381188,0.046380557,-0.020260371,-0.2729274,-0.5645841,-0.079453096,0.01824315,0.0022384112,0.0020169702,0.053805668,-0.06595584,0.013351586,0.061982762,0.28887203,-0.05582901,-2.2674377,-1.5968828,-0.03429667,-0.07362903,-0.031586945,-0.06902504,-0.009399455,-0.002429407,-0.007822237,-0.019553198,-0.0055253375,0.0006813715,-0.010863909,0.0109706335,-0.003613693,-0.0908935,0.00221813,0.00024323996,-0.007175782
0.015103313,0.022245098,0.040970977,-0.034961063,0.07522579,-0.030903382,-0.09516584,-0.00052990136,-0.05578228,0.07312272,-0.0042582117,-0.032050993,0.03252148,-0.012232934,0.0072351377,0.030313062,-0.03881125,0.11298131,0.024786217,0.057604183,0.009407204,0.00405654,-0.099326834,0.06733459,-0.11043975,-0.020794328,0.074095815,-0.0002911985,2.2153609,1.6872368,0.028189909,-0.056710605,-0.0151741775,-0.07078889,0.031126086,-0.0026539061,-0.022147946,-0.015634535,-0.005522075,0.01014314,-0.009774684,0.029615896,-0.13297775,0.010762393,0.004105161,0.00059788243,-0.008642302
-0.013185484,0.011358004,0.023137253,0.031939566,0.018482003,-0.027347505,0.029796008,0.007757275,-0.016129488,-0.034584127,-0.0047736545,0.024365423,0.008254942,-0.037113007,0.007518719,0.008668304,0.04693844,0.015325407,0.028069073,-0.03132749,0.009891364,0.0018445774,-0.13377404,0.029202456,-0.0061581316,-0.07020937,-0.061501224,-0.033448126,-2.608809,-1.8854853,-3.5661793e-05,-0.02369396,-0.0020254755,0.019612655,-0.0065808813,-0.0013192028,-0.00056198466,-0.013237361,-0.004612082,0.004121636,-0.011361322,0.010077973,-0.0014189034,0.006399322,0.0075058304,6.608175e-05,-0.011128034
0.001437222,-0.061857164,-0.0917979,-0.088732384,0.0997037,0.2153228,0.017961541,-0.021506125,0.040407892,-0.2578978,-0.00019657657,-0.04772645,0.052777108,-0.037089195,-0.04491318,0.022303514,0.08873177,-0.6154456,-0.05896895,-0.20546186,0.007721503,-0.07547421,0.28711212,-0.25359002,-0.055740517,0.2040997,-0.07126723,0.028585382,1.3824519,0.98519546,0.011599813,-0.1380288,0.012665333,0.0950715,0.0045889853,-0.0007429763,-0.0059743975,-0.019859435,-0.0045264033,0.0042957994,-0.013230133,0.024098199,-0.004703522,0.006956886,0.006426174,-0.00015383326,0.04257151
0.008486674,0.009409279,0.054086134,-0.05446388,0.061725657,-0.042662922,0.019670364,0.00096101296,-0.012622032,0.028075175,-0.0052902377,-0.02698967,0.0044591073,-0.04418277,0.025943123,0.0047963555,0.068831004,0.1284032,0.042485617,0.016925052,0.0077772443,0.0023034585,-0.1421446,0.058773406,-0.020458607,-0.081585154,0.24727191,-0.17418152,-2.5898557,-1.8847651,-0.222361,-0.020354204,0.0048229597,0.006319379,-0.014135648,-0.00085437734,-0.009334968,-0.015386421,-0.0061113182,0.0050554774,0.05043386,0.014591795,-0.0010400369,0.005005823,0.006453879,0.00017592155,-0.010758319
0.014083133,-0.003380295,-0.020731062,-0.054267813,-0.040615324,0.1592298,0.042317104,0.004995664,0.009292803,0.031676,-0.0054332404,0.026834805,-0.0011294113,-0.027033394,0.034068726,0.030689524,0.0068847416,-0.17183705,-0.019964933,0.0066449293,0.005306948,0.002075409,-0.105661325,-0.0057251435,-0.020385774,-0.0640668,-0.32675153,-0.32270157,-2.3164406,-1.6866773,-0.2877011,-0.03810907,0.00318903,0.020828921,-0.0071873814,-0.0018479753,0.04748332,-0.01706469,-0.0057686213,0.0039882916,-0.019178705,0.010152007,-0.0023365724,0.0058739404,0.0058217524,-1.24280405e-05,-0.008783243
0.011521978,-0.004390119,0.00937573,0.08148727,0.06188277,-0.047373362,-0.08580583,0.024786245,-0.0123572955,0.058025982,-0.0012227556,0.04376055,-0.053520914,0.07663168,0.004295404,0.04363305,0.06131162,0.1431379,0.011835525,0.029974286,0.0065371045,0.006259167,0.103691235,-0.11600815,-0.081613675,0.117461905,-0.06464648,-0.0068139243,2.1618955,1.6166795,0.024426958,-0.063614756,0.0010047873,0.027458103,0.051097304,-0.0016429296,-0.01573929,-0.013498502,-0.004455489,0.010411627,-0.011531646,0.026690882,0.0030390269,0.013935919,0.016435347,0.0010882785,0.0002612376
0.035852287,-0.05342138,0.03198269,-0.08177983,-0.057026505,-0.031199198,0.070541404,-0.013131699,0.00078568124,0.039732747,-0.0018255912,-0.035069365,0.042631887,-0.045136034,-0.044527624,-0.07060351,0.07986699,0.20315544,0.028275395,0.0127799,0.013329028,0.0039019864,0.083795995,0.05879032,-0.019563587,0.02588552,0.529255,0.095914476,2.111738,1.5422432,0.1178988,0.006752725,0.005272092,0.031116508,0.017269358,-0.0018841824,-0.0024414698,-0.015062137,-0.0037786749,0.005172038,-0.010295904,0.030449532,0.0008962653,0.010322027,-0.222694,0.001362391,-0.0065228865
-0.009501982,-0.043941703,-0.18806621,0.04440552,-0.08392779,-0.15648308,0.009534871,-0.005972448,0.034477826,-0.014729926,-0.0039267335,-0.0333499,-0.009525624,-0.023192564,-0.022197222,-0.0977349,-0.25047186,-0.5201905,-0.09477933,-0.017465,-0.037183978,0.0017676089,-0.09919978,0.044942357,-0.02454166,-0.051991068,-0.11170346,-0.0066411756,-2.340584,-1.6100162,-0.055109665,-0.010150938,0.0023069691,0.06514838,0.0016095721,-0.00027493853,-0.008750675,-0.017516945,-0.004572596,0.0021249205,0.09012681,0.01013716,-0.0021914188,0.0043369625,0.0014784102,-0.00033823028,-0.008705983
-0.010211154,0.020800242,0.10720886,0.015756847,0.052090954,-0.04395587,-0.01578498,-0.024213769,0.0042726034,0.036622647,-0.0024071548,-0.026281517,-0.021489587,0.011547092,0.021513939,0.01191835,0.012994584,0.09481728,0.05413011,0.031909578,0.01161692,0.0022762243,-0.12181006,0.004962628,0.0040862043,-0.09173025,-0.3538269,-0.04174115,-2.5231602,-1.7945232,-0.024827866,-0.050979417,2.2435977e-05,0.025537476,0.013731068,-0.0020564862,-0.019137328,-0.014629143,-0.007096474,0.008223024,-0.014948396,0.014382301,-0.0025237876,0.006784589,0.00537942,0.00010638538,0.0028645603
-0.00058299565,-0.012469027,-0.14338875,0.046327814,0.042999074,0.16296278,-0.0125366235,-0.011121248,0.027419625,0.03211375,-0.005354864,-0.020733498,0.01790325,-0.043536883,-0.027808195,0.004573341,0.090287015,-0.3912337,-0.08156102,0.020303091,0.0038761336,0.0017413953,-0.13322438,-0.20372325,-0.025504688,-0.082581714,-0.029475868,-0.03544449,-2.4610553,-1.763095,-0.0096763475,-1.1133255e-05,0.006297234,0.058782402,-0.0076316567,-0.0020302092,-0.011173783,0.082165256,-0.005462573,0.0030423026,-0.015944269,0.01275578,-0.005071912,0.0056490167,0.0063762846,-2.5933196e-05,-0.011540691
0.017329536,0.012803723,0.07131302,-0.074766435,-0.0025707257,-0.04169828,0.047136948,-0.01642414,-0.022757256,-0.074881725,-0.0037516442,-0.015271626,-0.017011844,-0.025952782,0.011997584,-0.002544931,-0.075267404,0.06878247,0.03636943,-0.038277842,0.0038462637,0.0018756206,-0.14052425,0.052327372,-0.012303203,-0.079870656,-0.16055407,-0.17589977,-2.483426,-1.7377412,-0.18751812,-0.026275452,-0.0028279265,0.041737467,0.0116241155,-0.0030512947,0.033120748,-0.020391356,-0.006550285,0.006739611,-0.014436614,0.011155932,-0.00018123015,0.005252997,0.0044874037,-0.0010579593,-0.010664861
0.011684232,0.025567938,0.011459109,-0.097228415,-0.01303105,-0.03453628,0.02839897,0.0046900185,-0.030928658,-0.05795163,-0.07432062,0.0034018864,0.012157755,0.01343206,0.026807416,-0.004439262,-0.08626116,0.10645629,0.012131367,-0.03877327,-0.06631782,0.0014724158,-0.11064928,0.050007146,-0.004590645,-0.0697312,-0.17118855,-0.14969502,-2.3903284,-1.676363,-0.18830274,-0.04405734,-0.004357021,-0.07389446,0.0015960494,-0.0032432051,-0.015466781,-0.017777668,-0.006228522,-0.1520213,-0.012788417,0.00452239,0.0013777078,0.004705979,0.00076046406,-0.0010325934,-0.009754313
-0.013784767,-0.037213016,-0.16033687,0.0006651468,-0.07092465,-0.1801673,0.018515076,-0.04322947,-0.050129164,-0.0066073146,-0.0041030874,-0.03676611,-0.05925498,-0.06631586,-0.0035681434,-0.07965429,-0.2819344,-0.5452234,-0.09647088,0.0011569547,0.0017796603,0.0015478967,-0.12948601,-0.0192183,-0.024387607,-0.056678753,-0.082377926,-0.012737303,-2.241437,-1.5580752,-0.04656118,-0.01721492,-0.010585511,-0.07111732,-0.0008880367,-0.00085308333,-0.007949186,-0.018362707,-0.0053708525,0.0024173688,-0.012687398,0.011350395,-0.0043385136,0.004172452,0.0004207286,-0.00013319151,-0.008813271
0.0050919484,0.017762175,0.045525774,-0.072140895,-0.07145364,-0.020012705,0.013293692,-0.020186843,-0.012567485,-0.082781784,-0.07399166,-0.011299626,0.014956918,-0.044914618,-0.02300226,-0.031185012,-0.089945704,0.09948392,0.03748733,-0.027711473,0.001594908,0.0018584937,-0.10781419,0.022150254,-0.01821378,-0.058473434,-0.15722379,-0.19786218,-2.518393,-1.7816463,-0.1903243,-0.07172536,-0.0054249195,-0.08868738,-0.121709555,-0.002723267,-0.015973112,-0.018419648,-0.006656452,0.004767346,-0.013776521,0.0063337553,-0.00033862545,0.004475588,0.0012681965,-0.0009997945,0.022726413
0.03285824,0.04381318,0.07033898,-0.06978492,0.052595895,-0.047680594,-0.11595275,-0.025315551,0.0005241462,0.056741588,-0.0033196458,0.022873767,0.02090136,-0.040632483,-0.028893836,0.0048119263,-0.06098297,0.069260575,0.03525546,0.026576594,0.0070515266,0.0018197927,-0.13854851,-0.21484503,-0.024496948,-0.053797875,0.1171101,-0.09923389,-2.4450152,-1.7731895,-0.11491241,-0.0385526,-0.0022120732,0.026298922,-0.004537012,-0.0030484798,-0.01454302,-0.019374523,-0.0062943962,0.005126158,-0.012593815,0.0111985775,-0.00038552325,-0.12755796,0.00414391,-0.00013770451,-0.00898439
0.03152212,0.011149014,0.07837482,-0.040930312,-0.090377696,-0.016359698,-0.072809294,0.02423147,-0.042183682,0.016862404,-0.0022957406,0.013860107,0.03244506,0.03195409,-0.03760852,-0.010582215,-0.031708848,0.10664023,0.054232385,0.010219801,0.004645708,0.005689483,-0.12565507,0.018502299,-0.011153924,-0.0697136,-0.32823017,0.31406057,2.176159,1.648043,0.25157458,-0.051448867,-0.0032363697,-0.08299523,0.02496738,0.007143923,0.011233755,-0.015070097,-0.0045285164,0.009144225,-0.0069696396,0.02311781,0.0076906844,0.0070624035,0.005322947,0.00048338342,-0.012779845
0.019017197,0.051349696,0.024436519,0.046552636,-0.09840451,-0.1641148,-0.077771135,-0.008906641,-0.0021552483,0.059998315,-0.0026557392,0.0674775,0.00499129,-0.027960908,-0.05181743,0.014473069,0.07779286,0.12655774,-0.02292683,0.013840346,0.012458053,0.003261906,-0.13348734,0.009695359,-0.01388735,-0.06665716,0.039002836,-0.09623112,1.3641835,0.96866834,-0.08891085,0.0056208097,0.005479595,0.0872901,0.02261172,-0.0019611833,-0.006497335,-0.018254897,-0.005980289,0.0103756515,-0.009585684,0.02649074,0.003458576,0.009597435,0.0054130065,-0.0008861335,0.03914225
0.014914233,0.025045522,0.00878629,-0.033118527,0.016799046,0.11646633,0.00014598611,-0.026298184,0.00487782,0.023533817,-0.0042650336,0.030609924,-0.008246277,-0.044034265,-0.013269527,0.043625876,-0.012378979,-0.10022849,0.0069894395,0.026583197,0.007920915,0.001913864,-0.111762166,-0.22996718,-0.007324805,-0.08641711,-0.013955369,-0.17604584,-2.4486973,-1.7964988,-0.16702624,-0.031357676,0.0029100864,0.026111335,-0.00730362,-0.003076991,-0.019313563,-0.0178673,-0.00634761,0.006490886,-0.01684823,0.01082655,-0.0020758067,0.0057591307,0.005585123,-0.0059568197,-0.010378001
